ISO-10303-21;
HEADER;
FILE_DESCRIPTION (( 'STEP AP214' ),
    '1' );
FILE_NAME ('332000146,ÕÛ≤ø…„œÒÕ∑÷ßº‹_D435_gemini_mount-dyx0922.STEP',
    '2026-09-22T09:19:01',
    ( '' ),
    ( '' ),
    'SwSTEP 2.0',
    'SolidWorks 2023',
    '' );
FILE_SCHEMA (( 'AUTOMOTIVE_DESIGN' ));
ENDSEC;

DATA;
#1 = B_SPLINE_CURVE_WITH_KNOTS ( 'NONE', 3,
 ( #309, #6337, #3648, #5252 ),
 .UNSPECIFIED., .F., .F.,
 ( 4, 4 ),
 ( 0.000000000000000000, 1.000000000000000000 ),
 .UNSPECIFIED. ) ;
#2 = AXIS2_PLACEMENT_3D ( 'NONE', #7097, #6038, #5397 ) ;
#3 = CARTESIAN_POINT ( 'NONE',  ( 21.54897235278889411, 42.03196272863101512, -22.14089146304971933 ) ) ;
#4 = CARTESIAN_POINT ( 'NONE',  ( -18.66372359132598646, 30.79825180104931803, -7.631150780756928320 ) ) ;
#5 = ORIENTED_EDGE ( 'NONE', *, *, #4057, .T. ) ;
#6 = ORIENTED_EDGE ( 'NONE', *, *, #3397, .F. ) ;
#7 = EDGE_CURVE ( 'NONE', #1173, #4180, #7102, .T. ) ;
#8 = CARTESIAN_POINT ( 'NONE',  ( -35.89493413160970903, 30.19047243361596955, 47.32732803661065901 ) ) ;
#9 =( GEOMETRIC_REPRESENTATION_CONTEXT ( 3 ) GLOBAL_UNCERTAINTY_ASSIGNED_CONTEXT ( ( #4246 ) ) GLOBAL_UNIT_ASSIGNED_CONTEXT ( ( #3033, #3587, #295 ) ) REPRESENTATION_CONTEXT ( 'NONE', 'WORKASPACE' ) );
#10 = CARTESIAN_POINT ( 'NONE',  ( -28.16997583240800296, 38.62142363748907314, -5.819411112819267373 ) ) ;
#11 = CARTESIAN_POINT ( 'NONE',  ( -40.50007565895970174, 41.73647034171527537, -9.353378701613859647 ) ) ;
#12 = ORIENTED_EDGE ( 'NONE', *, *, #64, .F. ) ;
#13 = DIRECTION ( 'NONE',  ( -1.832802226030400481E-19, 0.4999972845804242505, -0.8660269715269854895 ) ) ;
#14 = FACE_BOUND ( 'NONE', #5223, .T. ) ;
#15 = DIRECTION ( 'NONE',  ( 1.857401700796657040E-05, 0.8660269713775979872, 0.4999972844941767969 ) ) ;
#16 = CARTESIAN_POINT ( 'NONE',  ( 25.11368670382320190, 46.20085515571395973, -23.33387700018369060 ) ) ;
#17 = CARTESIAN_POINT ( 'NONE',  ( 36.60083418439472780, 47.90228105596294483, -22.58720741459138281 ) ) ;
#18 = SURFACE_STYLE_USAGE ( .BOTH. , #7082 ) ;
#19 = CARTESIAN_POINT ( 'NONE',  ( 18.55130096352816338, 30.08044046543927763, -7.576698498969829387 ) ) ;
#20 = EDGE_CURVE ( 'NONE', #3115, #2666, #5882, .T. ) ;
#21 = ORIENTED_EDGE ( 'NONE', *, *, #970, .T. ) ;
#22 = CARTESIAN_POINT ( 'NONE',  ( 20.89046318958917681, 34.43922584535435760, -7.099606304089565612 ) ) ;
#23 = EDGE_LOOP ( 'NONE', ( #3309, #6901, #1054, #103 ) ) ;
#24 = VERTEX_POINT ( 'NONE', #2080 ) ;
#25 = EDGE_CURVE ( 'NONE', #4987, #4053, #4268, .T. ) ;
#26 = LINE ( 'NONE', #3795, #5438 ) ;
#27 = CARTESIAN_POINT ( 'NONE',  ( -38.29615850006480571, 50.09130362411182347, -24.48005098259590540 ) ) ;
#28 =( NAMED_UNIT ( * ) SI_UNIT ( $, .STERADIAN. ) SOLID_ANGLE_UNIT ( ) );
#29 = SURFACE_STYLE_USAGE ( .BOTH. , #4923 ) ;
#30 = SURFACE_SIDE_STYLE ('',( #588 ) ) ;
#31 = ORIENTED_EDGE ( 'NONE', *, *, #492, .F. ) ;
#32 = CARTESIAN_POINT ( 'NONE',  ( 26.59461334844406721, 38.45044881907944756, -4.999682866098722478 ) ) ;
#33 = PRESENTATION_STYLE_ASSIGNMENT (( #6722 ) ) ;
#34 =( NAMED_UNIT ( * ) PLANE_ANGLE_UNIT ( ) SI_UNIT ( $, .RADIAN. ) );
#35 = DIRECTION ( 'NONE',  ( 0.000000000000000000, 1.000000000000000000, 2.725994033677833634E-15 ) ) ;
#36 = B_SPLINE_SURFACE_WITH_KNOTS ( 'NONE', 1, 3, ( 
 ( #1870, #923, #4067, #3680, #806, #5747, #842, #3018, #1403, #2493, #379, #4684, #5783, #3603, #349, #4166, #3267, #5885, #4381 ),
 ( #3315, #6478, #5355, #3860, #2086, #3158, #987, #482, #4241, #4854, #1128, #5929, #513, #1024, #6580, #2054, #4821, #2668, #5423 ),
 ( #4886, #5489, #7017, #1550, #2597, #7050, #6441, #2168, #3750, #27, #1513, #449, #1618, #4274, #6032, #4787, #2638, #2124, #5394 ),
 ( #6980, #3199, #2700, #4312, #1649, #3710, #6516, #1590, #7093, #3233, #4349, #3796, #5966, #1058, #6554, #3828, #5994, #1087, #5454 ),
 ( #553, #2737, #4921, #2201, #1973, #4164, #5666, #5176, #1329, #1436, #5745, #3491, #5778, #2385, #4575, #1900, #5637, #803, #6257 ) ),
 .UNSPECIFIED., .F., .F., .F.,
 ( 2, 1, 1, 1, 2 ),
 ( 4, 3, 2, 2, 2, 3, 3, 4 ),
 ( -1.000000000000000000, 0.000000000000000000, 1.000000000000000000, 2.000000000000000000, 5.633979654388320490 ),
 ( 1.795544875976991861, 2.468568764783392488, 2.636824736984992867, 2.805080709186592802, 2.973336681388192737, 3.141592653589793116, 3.814616542396193744, 4.304613510907911333 ),
 .UNSPECIFIED. ) ;
#37 = EDGE_CURVE ( 'NONE', #1071, #24, #2160, .T. ) ;
#38 = CARTESIAN_POINT ( 'NONE',  ( 19.54656598696473324, 36.16171150834757952, -19.49342113880888405 ) ) ;
#39 = CARTESIAN_POINT ( 'NONE',  ( -19.72034772779462486, 33.24661984715620378, -7.427811359962307236 ) ) ;
#40 = ORIENTED_EDGE ( 'NONE', *, *, #3426, .F. ) ;
#41 = ORIENTED_EDGE ( 'NONE', *, *, #4005, .T. ) ;
#42 = B_SPLINE_CURVE_WITH_KNOTS ( 'NONE', 3,
 ( #5795, #1172, #3876, #39, #2214, #3363, #597, #4393, #3917, #2097, #4286, #1102, #3329, #6593, #5434, #1070, #5469, #3839, #4, #5403, #523, #3211, #2779, #4433, #5537, #4898, #6488, #1664, #2678, #4327, #6050, #6631 ),
 .UNSPECIFIED., .F., .F.,
 ( 4, 2, 1, 2, 2, 1, 2, 2, 2, 2, 1, 2, 2, 2, 1, 2, 2, 4 ),
 ( 0.000000000000000000, 0.2500000000000155986, 0.3125000000000184297, 0.3437500000000179856, 0.3750000000000175415, 0.4375000000000175415, 0.4687500000000175415, 0.5000000000000175415, 0.6250000000000154321, 0.6875000000000144329, 0.7187500000000137668, 0.7343750000000126565, 0.7500000000000114353, 0.8125000000000077716, 0.8437500000000058842, 0.8593750000000041078, 0.8750000000000023315, 1.000000000000000000 ),
 .UNSPECIFIED. ) ;
#43 = CARTESIAN_POINT ( 'NONE',  ( -27.14043362011158322, 38.45161880252579323, -5.525300540797729809 ) ) ;
#44 = CARTESIAN_POINT ( 'NONE',  ( -24.26843290631111572, 46.80131637669736477, -24.48004066686194236 ) ) ;
#45 = ORIENTED_EDGE ( 'NONE', *, *, #1547, .T. ) ;
#46 = CARTESIAN_POINT ( 'NONE',  ( 86.50000000000004263, 49.97369422589174093, -25.48211858060362900 ) ) ;
#47 = DIRECTION ( 'NONE',  ( -0.7071067811865393571, 0.5416752204197103904, 0.4545194776720461460 ) ) ;
#48 = CARTESIAN_POINT ( 'NONE',  ( -50.00000000000000000, 49.97369422589174093, -25.48211858060363255 ) ) ;
#49 = CARTESIAN_POINT ( 'NONE',  ( 42.85766224695858284, 51.39701338563997268, -23.50567537428901588 ) ) ;
#50 = CARTESIAN_POINT ( 'NONE',  ( 39.51904734083608162, 55.95969124273886308, -29.40184257861618633 ) ) ;
#51 = PLANE ( 'NONE',  #6629 ) ;
#52 = ORIENTED_EDGE ( 'NONE', *, *, #2320, .T. ) ;
#53 = CARTESIAN_POINT ( 'NONE',  ( -35.89546684944551913, 65.30620581477255371, 10.50509468721633333 ) ) ;
#54 = EDGE_CURVE ( 'NONE', #2807, #3690, #6577, .T. ) ;
#55 = CARTESIAN_POINT ( 'NONE',  ( -43.89462704849396602, 45.82261997086306593, -0.7438263185342127715 ) ) ;
#56 = PLANE ( 'NONE',  #3395 ) ;
#57 = ORIENTED_EDGE ( 'NONE', *, *, #1696, .T. ) ;
#58 = EDGE_LOOP ( 'NONE', ( #3676, #6921, #3449, #6040 ) ) ;
#59 = ORIENTED_EDGE ( 'NONE', *, *, #105, .T. ) ;
#60 = DIRECTION ( 'NONE',  ( 0.000000000000000000, 0.000000000000000000, -1.000000000000000000 ) ) ;
#61 = ORIENTED_EDGE ( 'NONE', *, *, #5066, .T. ) ;
#62 = CARTESIAN_POINT ( 'NONE',  ( 14.13506231342964270, -14.71714881219270055, 40.42368491557549959 ) ) ;
#63 = MECHANICAL_DESIGN_GEOMETRIC_PRESENTATION_REPRESENTATION (  '', ( #6811 ), #2233 ) ;
#64 = EDGE_CURVE ( 'NONE', #2695, #4477, #508, .T. ) ;
#65 = EDGE_CURVE ( 'NONE', #544, #68, #5517, .T. ) ;
#66 = CARTESIAN_POINT ( 'NONE',  ( 20.65295519999262197, 40.50360228513194016, -21.45160412501642355 ) ) ;
#67 = EDGE_LOOP ( 'NONE', ( #1205, #1134, #1655, #5593 ) ) ;
#68 = VERTEX_POINT ( 'NONE', #4916 ) ;
#69 = AXIS2_PLACEMENT_3D ( 'NONE', #2010, #2456, #1945 ) ;
#70 = FILL_AREA_STYLE_COLOUR ( '', #4337 ) ;
#71 = FACE_OUTER_BOUND ( 'NONE', #3742, .T. ) ;
#72 = VECTOR ( 'NONE', #4947, 1000.000000000000114 ) ;
#73 = DIRECTION ( 'NONE',  ( -1.000000000000000000, 0.000000000000000000, 0.000000000000000000 ) ) ;
#74 = ORIENTED_EDGE ( 'NONE', *, *, #5439, .F. ) ;
#75 = LINE ( 'NONE', #2051, #4415 ) ;
#76 = MECHANICAL_DESIGN_GEOMETRIC_PRESENTATION_REPRESENTATION (  '', ( #3146 ), #6491 ) ;
#77 = PRESENTATION_STYLE_ASSIGNMENT (( #3816 ) ) ;
#78 = EDGE_CURVE ( 'NONE', #1103, #5999, #4795, .T. ) ;
#79 = EDGE_CURVE ( 'NONE', #7032, #5398, #2543, .T. ) ;
#80 = FACE_OUTER_BOUND ( 'NONE', #2558, .T. ) ;
#81 = CARTESIAN_POINT ( 'NONE',  ( 41.01390970712314754, 50.45807201053501245, -24.04776983622028297 ) ) ;
#82 = MECHANICAL_DESIGN_GEOMETRIC_PRESENTATION_REPRESENTATION (  '', ( #5109 ), #2710 ) ;
#83 = CARTESIAN_POINT ( 'NONE',  ( 36.96738827791653392, 50.79665466291743314, -25.42905710671102426 ) ) ;
#84 = CARTESIAN_POINT ( 'NONE',  ( -19.58465885600406864, 40.16001744246752025, -21.91023234272788400 ) ) ;
#85 = CARTESIAN_POINT ( 'NONE',  ( -18.00236700429856995, 65.30684359589794497, 10.50557772303163873 ) ) ;
#86 = CIRCLE ( 'NONE', #4084, 15.99999999999999645 ) ;
#87 = SURFACE_STYLE_FILL_AREA ( #1689 ) ;
#88 = FILL_AREA_STYLE ('',( #1194 ) ) ;
#89 = CIRCLE ( 'NONE', #1001, 1.649999999999998579 ) ;
#90 = DIRECTION ( 'NONE',  ( 1.000000000000000000, 0.000000000000000000, 0.000000000000000000 ) ) ;
#91 = VECTOR ( 'NONE', #1013, 1000.000000000000114 ) ;
#92 = ORIENTED_EDGE ( 'NONE', *, *, #4480, .F. ) ;
#93 = ORIENTED_EDGE ( 'NONE', *, *, #6382, .F. ) ;
#94 = LINE ( 'NONE', #1760, #2262 ) ;
#95 = CONICAL_SURFACE ( 'NONE', #2030, 6.999999999999976019, 0.7853981633974496113 ) ;
#96 = CONICAL_SURFACE ( 'NONE', #2391, 28.64999999999999858, 0.7853981633974533860 ) ;
#97 = CARTESIAN_POINT ( 'NONE',  ( 19.59226893907332823, 30.27015953797837255, -8.699122830877556112 ) ) ;
#99 = AXIS2_PLACEMENT_3D ( 'NONE', #2477, #743, #6711 ) ;
#98 = CIRCLE ( 'NONE', #1238, 1.650000000000000355 ) ;
#100 = CARTESIAN_POINT ( 'NONE',  ( 20.38625016914397747, 39.88505339715728581, -21.17262630107020271 ) ) ;
#101 = CARTESIAN_POINT ( 'NONE',  ( 26.52395319872244173, 47.70940732512138993, -23.44765958971130715 ) ) ;
#102 = STYLED_ITEM ( 'NONE', ( #5639 ), #4169 ) ;
#103 = ORIENTED_EDGE ( 'NONE', *, *, #774, .T. ) ;
#104 = ORIENTED_EDGE ( 'NONE', *, *, #1307, .F. ) ;
#105 = EDGE_CURVE ( 'NONE', #5618, #2993, #611, .T. ) ;
#106 = FACE_OUTER_BOUND ( 'NONE', #4320, .T. ) ;
#107 = STYLED_ITEM ( 'NONE', ( #6425 ), #4451 ) ;
#108 = FILL_AREA_STYLE ('',( #3334 ) ) ;
#109 = CARTESIAN_POINT ( 'NONE',  ( -0.01420992450536619905, 1.782851187808210280, 30.28552187494406667 ) ) ;
#110 = ORIENTED_EDGE ( 'NONE', *, *, #1991, .T. ) ;
#111 =( NAMED_UNIT ( * ) PLANE_ANGLE_UNIT ( ) SI_UNIT ( $, .RADIAN. ) );
#112 = STYLED_ITEM ( 'NONE', ( #6885 ), #3326 ) ;
#113 = B_SPLINE_CURVE_WITH_KNOTS ( 'NONE', 3,
 ( #5986, #4407, #6603, #1718, #5018, #2264, #2152, #1183, #2689, #1639, #3300, #6096 ),
 .UNSPECIFIED., .F., .F.,
 ( 4, 2, 2, 2, 2, 4 ),
 ( 0.000000000000000000, 0.1250000000000038025, 0.2500000000000076050, 0.3750000000000114353, 0.5000000000000152101, 1.000000000000000000 ),
 .UNSPECIFIED. ) ;
#114 = CARTESIAN_POINT ( 'NONE',  ( 46.57661827421205203, 58.12094412281081190, -20.77833572026721143 ) ) ;
#115 = CARTESIAN_POINT ( 'NONE',  ( 41.40501585270792617, 50.99346745078240417, -24.00943701498449201 ) ) ;
#116 = VECTOR ( 'NONE', #7006, 1000.000000000000114 ) ;
#117 = CARTESIAN_POINT ( 'NONE',  ( 41.09457467040233780, 52.51018262966285022, -25.50944505771967741 ) ) ;
#118 = DIRECTION ( 'NONE',  ( 1.932777453709147494E-16, 1.000000000000000000, 0.000000000000000000 ) ) ;
#119 = EDGE_CURVE ( 'NONE', #1799, #5040, #6682, .T. ) ;
#120 = CARTESIAN_POINT ( 'NONE',  ( 21.10996928087655178, 42.23845044358700562, -22.51649567438001043 ) ) ;
#121 = VERTEX_POINT ( 'NONE', #2307 ) ;
#122 = CARTESIAN_POINT ( 'NONE',  ( -35.86651428099028749, 48.84873874669833782, -23.53362442514822561 ) ) ;
#123 = CARTESIAN_POINT ( 'NONE',  ( -19.21348216244039975, -20.86940764386208258, 40.42368491557549959 ) ) ;
#124 = DIRECTION ( 'NONE',  ( -1.000000000000000000, 0.000000000000000000, 0.000000000000000000 ) ) ;
#125 = EDGE_CURVE ( 'NONE', #4129, #4466, #2883, .T. ) ;
#126 = SURFACE_STYLE_USAGE ( .BOTH. , #3352 ) ;
#127 = ORIENTED_EDGE ( 'NONE', *, *, #2716, .T. ) ;
#128 = ORIENTED_EDGE ( 'NONE', *, *, #1597, .F. ) ;
#129 = LINE ( 'NONE', #618, #2492 ) ;
#130 = VERTEX_POINT ( 'NONE', #1614 ) ;
#131 = FACE_OUTER_BOUND ( 'NONE', #3618, .T. ) ;
#132 = DIRECTION ( 'NONE',  ( 0.000000000000000000, 0.000000000000000000, -1.000000000000000000 ) ) ;
#133 = LINE ( 'NONE', #6694, #3168 ) ;
#134 = CARTESIAN_POINT ( 'NONE',  ( 19.53180203339325516, 35.94563652920648877, -19.39597234087466759 ) ) ;
#135 = CARTESIAN_POINT ( 'NONE',  ( 26.59879911279916698, 47.76620631775386983, -23.45194668159135531 ) ) ;
#136 = ORIENTED_EDGE ( 'NONE', *, *, #1753, .F. ) ;
#137 = ORIENTED_EDGE ( 'NONE', *, *, #616, .T. ) ;
#138 =( NAMED_UNIT ( * ) SI_UNIT ( $, .STERADIAN. ) SOLID_ANGLE_UNIT ( ) );
#139 = ADVANCED_FACE ( 'NONE', ( #1123 ), #3871, .T. ) ;
#140 = CARTESIAN_POINT ( 'NONE',  ( 16.90575969857806271, -20.86940764386208258, 36.42368491557549959 ) ) ;
#141 = ORIENTED_EDGE ( 'NONE', *, *, #4331, .T. ) ;
#142 = CARTESIAN_POINT ( 'NONE',  ( 44.61294885698372070, 72.47702384900681238, -12.48990924359315180 ) ) ;
#143 = LINE ( 'NONE', #784, #448 ) ;
#144 = CARTESIAN_POINT ( 'NONE',  ( 46.55587764047983512, 55.10323298395582015, -21.36590267684707811 ) ) ;
#145 = CARTESIAN_POINT ( 'NONE',  ( 42.86169112153110206, 51.47255956995798698, -23.49933422400417982 ) ) ;
#146 = ADVANCED_FACE ( 'NONE', ( #5552 ), #51, .T. ) ;
#147 = DIRECTION ( 'NONE',  ( 1.000000000000000000, 0.000000000000000000, 0.000000000000000000 ) ) ;
#148 = PRESENTATION_STYLE_ASSIGNMENT (( #2372 ) ) ;
#149 = ORIENTED_EDGE ( 'NONE', *, *, #181, .T. ) ;
#150 = DIRECTION ( 'NONE',  ( -1.000000000000000000, 0.000000000000000000, 0.000000000000000000 ) ) ;
#151 = FILL_AREA_STYLE_COLOUR ( '', #6482 ) ;
#152 = B_SPLINE_CURVE_WITH_KNOTS ( 'NONE', 1,
 ( #722, #6366 ),
 .UNSPECIFIED., .F., .F.,
 ( 2, 2 ),
 ( 0.000000000000000000, 1.000000000000000000 ),
 .UNSPECIFIED. ) ;
#153 = FACE_BOUND ( 'NONE', #303, .T. ) ;
#154 = FILL_AREA_STYLE ('',( #1830 ) ) ;
#155 = DIRECTION ( 'NONE',  ( 1.000000000000000000, 6.442591512363824568E-17, -0.000000000000000000 ) ) ;
#156 = CARTESIAN_POINT ( 'NONE',  ( 18.49999901265290703, 29.09062307249025991, -7.413786302928205174 ) ) ;
#157 =( LENGTH_UNIT ( ) NAMED_UNIT ( * ) SI_UNIT ( .MILLI., .METRE. ) );
#158 = VERTEX_POINT ( 'NONE', #5025 ) ;
#159 = AXIS2_PLACEMENT_3D ( 'NONE', #6410, #3163, #6445 ) ;
#160 = ORIENTED_EDGE ( 'NONE', *, *, #4344, .F. ) ;
#161 = CARTESIAN_POINT ( 'NONE',  ( -35.89493413160970903, 63.66374064753334494, -10.65007325373604274 ) ) ;
#162 =( LENGTH_UNIT ( ) NAMED_UNIT ( * ) SI_UNIT ( .MILLI., .METRE. ) );
#163 = ORIENTED_EDGE ( 'NONE', *, *, #4571, .F. ) ;
#164 = ORIENTED_EDGE ( 'NONE', *, *, #5820, .F. ) ;
#165 = FILL_AREA_STYLE_COLOUR ( '', #6013 ) ;
#166 = B_SPLINE_CURVE_WITH_KNOTS ( 'NONE', 3,
 ( #817, #6844, #5220, #964 ),
 .UNSPECIFIED., .F., .F.,
 ( 4, 4 ),
 ( 0.000000000000000000, 1.000000000000000000 ),
 .UNSPECIFIED. ) ;
#167 = EDGE_CURVE ( 'NONE', #2630, #2048, #6609, .T. ) ;
#168 = CARTESIAN_POINT ( 'NONE',  ( -25.80336964908754638, 47.05648156753129996, -23.39844069094083778 ) ) ;
#169 = SURFACE_SIDE_STYLE ('',( #766 ) ) ;
#170 = CARTESIAN_POINT ( 'NONE',  ( -19.49999999999999645, -20.86940764386208258, 28.22368491557550030 ) ) ;
#171 = CARTESIAN_POINT ( 'NONE',  ( 45.41258363951580890, 71.44070975830868520, -13.08822113035562040 ) ) ;
#172 = VERTEX_POINT ( 'NONE', #6207 ) ;
#173 = ORIENTED_EDGE ( 'NONE', *, *, #25, .T. ) ;
#174 =( LENGTH_UNIT ( ) NAMED_UNIT ( * ) SI_UNIT ( .MILLI., .METRE. ) );
#175 = CARTESIAN_POINT ( 'NONE',  ( -38.56440296383731692, 49.19416287943352017, -23.51969855476533056 ) ) ;
#176 = AXIS2_PLACEMENT_3D ( 'NONE', #4617, #1742, #6699 ) ;
#177 = CARTESIAN_POINT ( 'NONE',  ( 21.54897235278889411, 42.03196272863157645, -22.14089146305068567 ) ) ;
#178 = CARTESIAN_POINT ( 'NONE',  ( 16.30430202796329908, -20.86940764386208258, 36.76692549683853883 ) ) ;
#179 = EDGE_LOOP ( 'NONE', ( #855, #2895, #498, #2723 ) ) ;
#180 = CARTESIAN_POINT ( 'NONE',  ( 18.49999901265290703, 29.09062307249025991, -7.413786302928205174 ) ) ;
#181 = EDGE_CURVE ( 'NONE', #2450, #3054, #1289, .T. ) ;
#182 =( NAMED_UNIT ( * ) SI_UNIT ( $, .STERADIAN. ) SOLID_ANGLE_UNIT ( ) );
#183 = CARTESIAN_POINT ( 'NONE',  ( 25.80337442321146924, 47.05647660273816513, -23.39843442248475114 ) ) ;
#184 = STYLED_ITEM ( 'NONE', ( #1483 ), #4867 ) ;
#185 = CARTESIAN_POINT ( 'NONE',  ( 40.58496008827874135, 51.74206346245657073, -24.46115751878014777 ) ) ;
#186 = FACE_OUTER_BOUND ( 'NONE', #4278, .T. ) ;
#187 = LINE ( 'NONE', #4561, #5251 ) ;
#188 = CARTESIAN_POINT ( 'NONE',  ( -20.04882597864569505, 32.00542705744367566, -8.786588696419634914 ) ) ;
#189 = VECTOR ( 'NONE', #3332, 1000.000000000000000 ) ;
#190 = EDGE_LOOP ( 'NONE', ( #3568, #3708 ) ) ;
#191 = CONICAL_SURFACE ( 'NONE', #6261, 1.650000000000000355, 0.7853981633974513876 ) ;
#192 = ADVANCED_FACE ( 'NONE', ( #3481 ), #2337, .F. ) ;
#193 = LINE ( 'NONE', #1828, #72 ) ;
#194 =( GEOMETRIC_REPRESENTATION_CONTEXT ( 3 ) GLOBAL_UNCERTAINTY_ASSIGNED_CONTEXT ( ( #4176 ) ) GLOBAL_UNIT_ASSIGNED_CONTEXT ( ( #1564, #4290, #5946 ) ) REPRESENTATION_CONTEXT ( 'NONE', 'WORKASPACE' ) );
#195 =( NAMED_UNIT ( * ) SI_UNIT ( $, .STERADIAN. ) SOLID_ANGLE_UNIT ( ) );
#196 = DIRECTION ( 'NONE',  ( 0.000000000000000000, 0.000000000000000000, -1.000000000000000000 ) ) ;
#197 = SURFACE_STYLE_USAGE ( .BOTH. , #6183 ) ;
#198 = FILL_AREA_STYLE ('',( #3823 ) ) ;
#199 = PRESENTATION_LAYER_ASSIGNMENT (  '', '', ( #529 ) ) ;
#200 = PLANE ( 'NONE',  #639 ) ;
#201 = EDGE_LOOP ( 'NONE', ( #1330, #2859, #3530, #6489, #2338, #690, #3366, #4925 ) ) ;
#202 = VERTEX_POINT ( 'NONE', #2905 ) ;
#203 = DIRECTION ( 'NONE',  ( 0.000000000000000000, 0.000000000000000000, -1.000000000000000000 ) ) ;
#204 = PRESENTATION_STYLE_ASSIGNMENT (( #6827 ) ) ;
#205 = AXIS2_PLACEMENT_3D ( 'NONE', #1179, #4776, #6970 ) ;
#206 = DIRECTION ( 'NONE',  ( -1.000000000000000000, 0.000000000000000000, 0.000000000000000000 ) ) ;
#207 = CARTESIAN_POINT ( 'NONE',  ( -25.71487425544315286, 46.96301204300503684, -23.39141333314299587 ) ) ;
#208 = PRESENTATION_LAYER_ASSIGNMENT (  '', '', ( #6615 ) ) ;
#209 = DIRECTION ( 'NONE',  ( -1.000000000000000000, 0.000000000000000000, 0.000000000000000000 ) ) ;
#210 = SURFACE_STYLE_FILL_AREA ( #4580 ) ;
#211 = COLOUR_RGB ( '',0.7529411764705882248, 0.7529411764705882248, 0.7529411764705882248 ) ;
#212 = CARTESIAN_POINT ( 'NONE',  ( 41.18399416463164897, 75.50758855614760989, -9.585522861857349142 ) ) ;
#213 = AXIS2_PLACEMENT_3D ( 'NONE', #606, #6498, #4340 ) ;
#214 = ORIENTED_EDGE ( 'NONE', *, *, #2879, .F. ) ;
#215 = EDGE_CURVE ( 'NONE', #2163, #4064, #1857, .T. ) ;
#216 = DIRECTION ( 'NONE',  ( 1.000000000000000000, 0.000000000000000000, -0.000000000000000000 ) ) ;
#217 = CARTESIAN_POINT ( 'NONE',  ( -19.50000000000000000, -20.86940764386208258, 13.52368491557550456 ) ) ;
#218 = VECTOR ( 'NONE', #5656, 999.9999999999998863 ) ;
#219 =( NAMED_UNIT ( * ) PLANE_ANGLE_UNIT ( ) SI_UNIT ( $, .RADIAN. ) );
#220 =( GEOMETRIC_REPRESENTATION_CONTEXT ( 3 ) GLOBAL_UNCERTAINTY_ASSIGNED_CONTEXT ( ( #5325 ) ) GLOBAL_UNIT_ASSIGNED_CONTEXT ( ( #3697, #3668, #1964 ) ) REPRESENTATION_CONTEXT ( 'NONE', 'WORKASPACE' ) );
#221 = CARTESIAN_POINT ( 'NONE',  ( -19.50000000000000355, 27.43801397486848970, -7.975498245883748005 ) ) ;
#222 = SURFACE_STYLE_FILL_AREA ( #5617 ) ;
#223 = EDGE_CURVE ( 'NONE', #2451, #2924, #3178, .T. ) ;
#224 = VERTEX_POINT ( 'NONE', #1257 ) ;
#225 = AXIS2_PLACEMENT_3D ( 'NONE', #6472, #1544, #917 ) ;
#226 = CARTESIAN_POINT ( 'NONE',  ( 14.13506231342961428, -14.71714881219270055, 12.52368491557550101 ) ) ;
#227 = CARTESIAN_POINT ( 'NONE',  ( 20.20104291941325414, 32.36478359742847744, -8.766351545445326465 ) ) ;
#228 = PRESENTATION_LAYER_ASSIGNMENT (  '', '', ( #2038 ) ) ;
#229 = CIRCLE ( 'NONE', #1814, 3.900000000000000799 ) ;
#230 = CARTESIAN_POINT ( 'NONE',  ( 40.62678260177684564, 50.77012434931042151, -24.22240523679041502 ) ) ;
#231 = CARTESIAN_POINT ( 'NONE',  ( -19.49999999999999645, -20.86940764386208258, 36.42368491557549959 ) ) ;
#232 = CIRCLE ( 'NONE', #5023, 1.650000000000000355 ) ;
#233 = STYLED_ITEM ( 'NONE', ( #1130 ), #3383 ) ;
#234 = CARTESIAN_POINT ( 'NONE',  ( -11.01493768657040029, -14.71714881219270055, 14.02368491557550634 ) ) ;
#235 = CONICAL_SURFACE ( 'NONE', #3905, 15.99999999999999645, 0.7853981633974570498 ) ;
#236 = FILL_AREA_STYLE_COLOUR ( '', #6487 ) ;
#237 = STYLED_ITEM ( 'NONE', ( #1606 ), #3800 ) ;
#238 = CARTESIAN_POINT ( 'NONE',  ( 15.08506231342959936, -20.86940764386208258, 15.02368491557552410 ) ) ;
#239 =( NAMED_UNIT ( * ) PLANE_ANGLE_UNIT ( ) SI_UNIT ( $, .RADIAN. ) );
#240 = AXIS2_PLACEMENT_3D ( 'NONE', #5533, #695, #6665 ) ;
#241 = LINE ( 'NONE', #4633, #5711 ) ;
#242 = LINE ( 'NONE', #4058, #1784 ) ;
#243 = ORIENTED_EDGE ( 'NONE', *, *, #3993, .T. ) ;
#244 = EDGE_CURVE ( 'NONE', #6912, #4777, #4520, .T. ) ;
#245 = VERTEX_POINT ( 'NONE', #3409 ) ;
#246 = CARTESIAN_POINT ( 'NONE',  ( -40.50007565895970174, 67.21702068206023739, 5.357836149999524622 ) ) ;
#247 = CARTESIAN_POINT ( 'NONE',  ( -47.85166979607279814, 48.09954888108371307, 0.5707497927067917143 ) ) ;
#248 = CARTESIAN_POINT ( 'NONE',  ( -44.01642269019237119, 48.72695689896559657, -5.317419409392429408 ) ) ;
#249 = ORIENTED_EDGE ( 'NONE', *, *, #2403, .T. ) ;
#250 = LINE ( 'NONE', #5781, #6706 ) ;
#251 = DIRECTION ( 'NONE',  ( 0.000000000000000000, 0.000000000000000000, -1.000000000000000000 ) ) ;
#252 = FACE_OUTER_BOUND ( 'NONE', #4639, .T. ) ;
#253 = CARTESIAN_POINT ( 'NONE',  ( 46.79560408297718510, 67.91348537493107074, -15.12465033149825899 ) ) ;
#254 = VERTEX_POINT ( 'NONE', #4564 ) ;
#255 = EDGE_LOOP ( 'NONE', ( #7044, #6888, #6225, #454 ) ) ;
#256 = UNCERTAINTY_MEASURE_WITH_UNIT (LENGTH_MEASURE( 1.000000000000000082E-05 ), #1950, 'distance_accuracy_value', 'NONE');
#257 = CARTESIAN_POINT ( 'NONE',  ( -22.49842161505969784, 60.83408086477690091, -12.28372614626993631 ) ) ;
#258 = DIRECTION ( 'NONE',  ( 0.000000000000000000, 0.000000000000000000, 1.000000000000000000 ) ) ;
#259 = B_SPLINE_CURVE_WITH_KNOTS ( 'NONE', 3,
 ( #2826, #5013, #2365, #4484, #2971, #677, #1283, #3981, #5619, #5045, #142, #2330, #4515, #3474, #6704, #4591 ),
 .UNSPECIFIED., .F., .F.,
 ( 4, 2, 2, 2, 2, 2, 2, 4 ),
 ( 0.000000000000000000, 0.1250000000000000000, 0.2500000000000000000, 0.3750000000000000000, 0.5000000000000000000, 0.6250000000000000000, 0.7500000000000000000, 1.000000000000000000 ),
 .UNSPECIFIED. ) ;
#260 = EDGE_CURVE ( 'NONE', #5041, #5098, #413, .T. ) ;
#261 = CARTESIAN_POINT ( 'NONE',  ( -37.14689600877143505, 48.90653007786867335, -23.53129535613144796 ) ) ;
#262 = CARTESIAN_POINT ( 'NONE',  ( 10.98506231342959971, -14.71714881219270055, 12.52368491557550101 ) ) ;
#263 = SURFACE_SIDE_STYLE ('',( #781 ) ) ;
#264 = ORIENTED_EDGE ( 'NONE', *, *, #4366, .F. ) ;
#265 = B_SPLINE_CURVE_WITH_KNOTS ( 'NONE', 1,
 ( #2331, #3475 ),
 .UNSPECIFIED., .F., .F.,
 ( 2, 2 ),
 ( 0.000000000000000000, 1.000000000000000000 ),
 .UNSPECIFIED. ) ;
#266 = SURFACE_SIDE_STYLE ('',( #6236 ) ) ;
#267 = FILL_AREA_STYLE_COLOUR ( '', #2965 ) ;
#268 = ADVANCED_FACE ( 'NONE', ( #5191 ), #5592, .T. ) ;
#269 = LINE ( 'NONE', #1930, #1933 ) ;
#270 = FILL_AREA_STYLE_COLOUR ( '', #6373 ) ;
#271 = DIRECTION ( 'NONE',  ( -1.000000000000000000, 0.000000000000000000, 0.000000000000000000 ) ) ;
#272 = CARTESIAN_POINT ( 'NONE',  ( -35.89542245536085829, 76.19001723770421108, -10.34622703385734610 ) ) ;
#273 = CARTESIAN_POINT ( 'NONE',  ( 29.27296344048872001, 49.79519737645497202, -24.48005005415665636 ) ) ;
#274 = SURFACE_STYLE_FILL_AREA ( #6932 ) ;
#275 = CARTESIAN_POINT ( 'NONE',  ( 19.58615598942888880, 30.22966818047219562, -8.693602996295320295 ) ) ;
#276 = ORIENTED_EDGE ( 'NONE', *, *, #4593, .F. ) ;
#277 = ORIENTED_EDGE ( 'NONE', *, *, #1288, .F. ) ;
#278 = DIRECTION ( 'NONE',  ( -0.7525766947051910627, 0.5702838099598124266, 0.3292486821299824284 ) ) ;
#279 = CARTESIAN_POINT ( 'NONE',  ( -18.00104068488441200, 48.61622060924629096, 0.8692420598211282323 ) ) ;
#280 = DIRECTION ( 'NONE',  ( -4.548410639825652268E-11, -0.4999999730113452445, 0.8660254193663452504 ) ) ;
#281 = ORIENTED_EDGE ( 'NONE', *, *, #6382, .T. ) ;
#282 = CARTESIAN_POINT ( 'NONE',  ( 18.50000000000002487, -4.217148812196688468, 40.42368491557549959 ) ) ;
#283 = COLOUR_RGB ( '',0.7529411764705882248, 0.7529411764705882248, 0.7529411764705882248 ) ;
#284 = DIRECTION ( 'NONE',  ( -1.000000000000000000, 0.000000000000000000, 0.000000000000000000 ) ) ;
#285 = CARTESIAN_POINT ( 'NONE',  ( -19.86671730893907650, 38.20896086033612704, -20.41671395139974976 ) ) ;
#286 = PRESENTATION_STYLE_ASSIGNMENT (( #928 ) ) ;
#287 = DIRECTION ( 'NONE',  ( 1.000000000000000000, 0.000000000000000000, 0.000000000000000000 ) ) ;
#288 = PRESENTATION_LAYER_ASSIGNMENT (  '', '', ( #2454 ) ) ;
#289 = ADVANCED_FACE ( 'NONE', ( #7002 ), #4296, .F. ) ;
#290 = CARTESIAN_POINT ( 'NONE',  ( 22.41671248530030169, 62.20552571367776551, -14.95602317128418157 ) ) ;
#291 = CARTESIAN_POINT ( 'NONE',  ( -20.89047230014973522, 34.43933989612363433, -7.099768425661246773 ) ) ;
#292 = FACE_OUTER_BOUND ( 'NONE', #3425, .T. ) ;
#293 = B_SPLINE_CURVE_WITH_KNOTS ( 'NONE', 3,
 ( #6014, #6090, #4365, #4963 ),
 .UNSPECIFIED., .F., .F.,
 ( 4, 4 ),
 ( 0.000000000000000000, 0.5784047464692594342 ),
 .UNSPECIFIED. ) ;
#294 = CARTESIAN_POINT ( 'NONE',  ( 18.50000000000003553, 23.12822721580698015, -4.487249652860623605 ) ) ;
#295 =( NAMED_UNIT ( * ) SI_UNIT ( $, .STERADIAN. ) SOLID_ANGLE_UNIT ( ) );
#296 = ADVANCED_FACE ( 'NONE', ( #1962 ), #2199, .T. ) ;
#297 = SURFACE_STYLE_FILL_AREA ( #3006 ) ;
#298 = CARTESIAN_POINT ( 'NONE',  ( -45.44072880656126756, 71.43821334781995347, -13.08966242318667561 ) ) ;
#299 = VECTOR ( 'NONE', #4054, 999.9999999999998863 ) ;
#300 = FACE_OUTER_BOUND ( 'NONE', #5890, .T. ) ;
#301 = CARTESIAN_POINT ( 'NONE',  ( -19.95733115585321826, 33.54951613792402298, -7.359522295229745659 ) ) ;
#302 = ORIENTED_EDGE ( 'NONE', *, *, #54, .T. ) ;
#303 = EDGE_LOOP ( 'NONE', ( #3973, #5561 ) ) ;
#304 = CARTESIAN_POINT ( 'NONE',  ( -22.71720322759964361, 35.78571773762300268, -6.525601176567620954 ) ) ;
#305 = LINE ( 'NONE', #4678, #4896 ) ;
#306 = CARTESIAN_POINT ( 'NONE',  ( -11.01493768657040029, -14.71714881219270055, 16.02368491557549746 ) ) ;
#307 = EDGE_LOOP ( 'NONE', ( #1846, #4605, #3195, #2406 ) ) ;
#308 = PRESENTATION_LAYER_ASSIGNMENT (  '', '', ( #2009 ) ) ;
#309 = CARTESIAN_POINT ( 'NONE',  ( 19.50000000000000000, 28.87968704595205693, -8.391286171320659903 ) ) ;
#310 = CIRCLE ( 'NONE', #1214, 1.649999999999998579 ) ;
#311 = DIRECTION ( 'NONE',  ( 0.7071067811865459074, -0.2418447626479774681, -0.6644630243886755494 ) ) ;
#312 = PRESENTATION_LAYER_ASSIGNMENT (  '', '', ( #1319 ) ) ;
#313 = CARTESIAN_POINT ( 'NONE',  ( -44.93573931026564594, 73.03108481724717649, -11.01532347048468097 ) ) ;
#314 = CARTESIAN_POINT ( 'NONE',  ( -19.53964773046306647, 36.05789288857474162, -19.44659821201482686 ) ) ;
#315 = VERTEX_POINT ( 'NONE', #3108 ) ;
#316 = UNCERTAINTY_MEASURE_WITH_UNIT (LENGTH_MEASURE( 1.000000000000000082E-05 ), #2171, 'distance_accuracy_value', 'NONE');
#317 = SURFACE_STYLE_USAGE ( .BOTH. , #3578 ) ;
#318 = VECTOR ( 'NONE', #5622, 1000.000000000000000 ) ;
#319 = SURFACE_SIDE_STYLE ('',( #5835 ) ) ;
#320 = CARTESIAN_POINT ( 'NONE',  ( 47.32955950599544082, 56.68837816672953522, -20.45072808186740687 ) ) ;
#321 =( GEOMETRIC_REPRESENTATION_CONTEXT ( 3 ) GLOBAL_UNCERTAINTY_ASSIGNED_CONTEXT ( ( #3868 ) ) GLOBAL_UNIT_ASSIGNED_CONTEXT ( ( #696, #625, #4007 ) ) REPRESENTATION_CONTEXT ( 'NONE', 'WORKASPACE' ) );
#322 = FACE_OUTER_BOUND ( 'NONE', #836, .T. ) ;
#323 = EDGE_LOOP ( 'NONE', ( #1145, #6272, #5753, #7047 ) ) ;
#324 = EDGE_LOOP ( 'NONE', ( #929, #2572, #5974, #6438 ) ) ;
#325 = EDGE_CURVE ( 'NONE', #6697, #6801, #6486, .T. ) ;
#326 = DIRECTION ( 'NONE',  ( -0.000000000000000000, -0.4999972845804209198, 0.8660269715269875990 ) ) ;
#327 = COLOUR_RGB ( '',0.7529411764705882248, 0.7529411764705882248, 0.7529411764705882248 ) ;
#328 = CARTESIAN_POINT ( 'NONE',  ( -18.50000000000001776, -10.71714881219669380, 28.22368491557550030 ) ) ;
#329 = DIRECTION ( 'NONE',  ( -1.000000000000000000, 0.000000000000000000, 0.000000000000000000 ) ) ;
#330 = CARTESIAN_POINT ( 'NONE',  ( -20.57899996081155436, 33.01108978605818578, -8.680628523011149511 ) ) ;
#331 = CLOSED_SHELL ( 'NONE', ( #2537, #5444, #4867, #963, #4836, #5594, #3026, #2351, #3800, #5331, #4672, #1065, #4542, #3571, #1848, #2903, #1406, #515, #3120, #1984, #6103, #5741, #883, #5917, #4587, #6301, #2813, #5420, #4217, #7065, #2582, #289, #5940, #7051, #1617, #5055, #3326, #4203, #1839, #5876, #192, #4685, #5587, #6320, #6231, #6025, #1721, #4169, #2439, #3837, #2077, #4292, #1577, #2032, #1638, #268, #6190, #5473, #3157, #4503, #1381, #6286, #3857, #4404, #5609, #5571, #564, #4074, #5080, #5519, #2726, #2600, #4390, #6262, #6656, #1503, #3347, #406, #4451, #1858, #3383, #3075, #3338, #2649, #4551, #6084, #3483, #3628, #5655, #6840, #1210, #428, #1813, #2751, #2218, #7027, #3951, #6944, #1067, #6958, #4569, #1167, #4103, #1752, #2389, #5359, #6855, #296, #4934, #1926, #4950, #4322, #4810, #6895, #3514, #3294, #2939, #2567, #4785, #6513, #6499, #4948, #6484, #2424, #1047, #5555, #139, #146, #762, #5141, #5482, #3109, #3729, #3894, #6894, #4463, #1530, #3025, #4227, #841, #6351, #4630, #899, #1188, #1745, #3885, #3558, #5341, #2224 ) ) ;
#332 = CARTESIAN_POINT ( 'NONE',  ( -26.99552759692750925, 38.61226723428423924, -4.906600826583875197 ) ) ;
#333 =( GEOMETRIC_REPRESENTATION_CONTEXT ( 3 ) GLOBAL_UNCERTAINTY_ASSIGNED_CONTEXT ( ( #6416 ) ) GLOBAL_UNIT_ASSIGNED_CONTEXT ( ( #3500, #5147, #6798 ) ) REPRESENTATION_CONTEXT ( 'NONE', 'WORKASPACE' ) );
#334 = VECTOR ( 'NONE', #4013, 1000.000000000000000 ) ;
#335 = LINE ( 'NONE', #2444, #4974 ) ;
#336 = DIRECTION ( 'NONE',  ( 0.000000000000000000, 0.8660208899449043374, 0.5000078181179129500 ) ) ;
#337 = DIRECTION ( 'NONE',  ( 6.054055702906201236E-17, -0.9396926207859068736, 0.3420201433256725432 ) ) ;
#338 = AXIS2_PLACEMENT_3D ( 'NONE', #6998, #2510, #4700 ) ;
#339 = CARTESIAN_POINT ( 'NONE',  ( 27.38419237092410086, 49.34421619845837625, -24.48004864010806969 ) ) ;
#340 = EDGE_CURVE ( 'NONE', #2525, #5076, #6918, .T. ) ;
#341 = COLOUR_RGB ( '',0.7529411764705882248, 0.7529411764705882248, 0.7529411764705882248 ) ;
#342 = CARTESIAN_POINT ( 'NONE',  ( 12.63506231342960007, -14.71714881219270055, 38.92368491557547827 ) ) ;
#343 = CARTESIAN_POINT ( 'NONE',  ( -22.49842161505969784, 63.83406457225790120, -17.47988797543362338 ) ) ;
#344 = ORIENTED_EDGE ( 'NONE', *, *, #485, .F. ) ;
#345 = CARTESIAN_POINT ( 'NONE',  ( -22.49842161505969784, 63.33406728767447191, -16.61386100390720344 ) ) ;
#346 = SURFACE_STYLE_USAGE ( .BOTH. , #3016 ) ;
#347 = B_SPLINE_CURVE_WITH_KNOTS ( 'NONE', 3,
 ( #1522, #488, #4323, #6588 ),
 .UNSPECIFIED., .F., .F.,
 ( 4, 4 ),
 ( 1.866398815028793356E-15, 0.002077243117281628738 ),
 .UNSPECIFIED. ) ;
#348 = AXIS2_PLACEMENT_3D ( 'NONE', #1353, #5230, #329 ) ;
#349 = CARTESIAN_POINT ( 'NONE',  ( -29.99197018492554179, 47.90259619024222815, -22.58717798758089401 ) ) ;
#350 = EDGE_CURVE ( 'NONE', #2048, #3858, #7072, .T. ) ;
#351 = LINE ( 'NONE', #4749, #3862 ) ;
#352 = CARTESIAN_POINT ( 'NONE',  ( -47.28208349384794218, 69.51219695708614665, -13.04694083834938567 ) ) ;
#353 = CARTESIAN_POINT ( 'NONE',  ( -20.74911144492129011, 40.70369657738175562, -21.54184461335188772 ) ) ;
#354 = DIRECTION ( 'NONE',  ( 0.000000000000000000, 0.000000000000000000, 1.000000000000000000 ) ) ;
#355 = VERTEX_POINT ( 'NONE', #6539 ) ;
#356 = ORIENTED_EDGE ( 'NONE', *, *, #1277, .F. ) ;
#357 = DIRECTION ( 'NONE',  ( -1.242365399525730464E-16, -0.6427876096865349220, 0.7660444431189816772 ) ) ;
#358 =( LENGTH_UNIT ( ) NAMED_UNIT ( * ) SI_UNIT ( .MILLI., .METRE. ) );
#359 = FILL_AREA_STYLE_COLOUR ( '', #211 ) ;
#360 = LINE ( 'NONE', #3553, #527 ) ;
#361 = CARTESIAN_POINT ( 'NONE',  ( 19.70950921826909052, 30.91495276940247905, -8.770101960226062587 ) ) ;
#362 = FILL_AREA_STYLE ('',( #1961 ) ) ;
#363 = EDGE_CURVE ( 'NONE', #121, #2844, #6022, .T. ) ;
#364 =( LENGTH_UNIT ( ) NAMED_UNIT ( * ) SI_UNIT ( .MILLI., .METRE. ) );
#365 = CARTESIAN_POINT ( 'NONE',  ( -19.50000000000000000, 25.33035287124116763, -7.208372340242751086 ) ) ;
#366 = CARTESIAN_POINT ( 'NONE',  ( -25.83492207445569377, 38.06498588635761138, -5.222566412916227918 ) ) ;
#367 = CARTESIAN_POINT ( 'NONE',  ( -46.89493413160973034, 66.66372053196751324, -15.84619717517689708 ) ) ;
#368 = EDGE_CURVE ( 'NONE', #4862, #980, #2688, .T. ) ;
#369 = LINE ( 'NONE', #3042, #445 ) ;
#370 = CARTESIAN_POINT ( 'NONE',  ( -18.50000000000001776, 49.97369422589174093, -25.48211858060363255 ) ) ;
#371 = SURFACE_SIDE_STYLE ('',( #5770 ) ) ;
#372 = CARTESIAN_POINT ( 'NONE',  ( 37.43682224974018879, 76.55886343059376031, -8.978569740222377860 ) ) ;
#373 = EDGE_LOOP ( 'NONE', ( #1921, #41, #5462, #4328, #3596, #141 ) ) ;
#374 = EDGE_LOOP ( 'NONE', ( #2733, #886, #128, #5854 ) ) ;
#375 = CARTESIAN_POINT ( 'NONE',  ( 47.86651336595019046, 66.16648235670389511, -14.97857724267805857 ) ) ;
#376 = APPLICATION_PROTOCOL_DEFINITION ( 'draft international standard', 'automotive_design', 1998, #1627 ) ;
#377 = CARTESIAN_POINT ( 'NONE',  ( -47.89493413160970192, 40.68904948642484953, -6.593904495160181511 ) ) ;
#378 = FACE_OUTER_BOUND ( 'NONE', #385, .T. ) ;
#379 = CARTESIAN_POINT ( 'NONE',  ( -37.33513389773519009, 47.97083707830412891, -22.58203054683138333 ) ) ;
#380 = CARTESIAN_POINT ( 'NONE',  ( 19.50000000000000000, 28.87968704595205693, -8.391286171320659903 ) ) ;
#381 = LINE ( 'NONE', #1487, #3712 ) ;
#382 = CARTESIAN_POINT ( 'NONE',  ( -19.77232110075007299, 37.77673809121829152, -20.22178784290578335 ) ) ;
#383 =( NAMED_UNIT ( * ) SI_UNIT ( $, .STERADIAN. ) SOLID_ANGLE_UNIT ( ) );
#384 = ORIENTED_EDGE ( 'NONE', *, *, #3460, .T. ) ;
#385 = EDGE_LOOP ( 'NONE', ( #384, #6651, #6549, #4899 ) ) ;
#386 = UNCERTAINTY_MEASURE_WITH_UNIT (LENGTH_MEASURE( 1.000000000000000082E-05 ), #4225, 'distance_accuracy_value', 'NONE');
#387 = UNCERTAINTY_MEASURE_WITH_UNIT (LENGTH_MEASURE( 1.000000000000000082E-05 ), #3889, 'distance_accuracy_value', 'NONE');
#388 = SURFACE_SIDE_STYLE ('',( #891 ) ) ;
#389 = DIRECTION ( 'NONE',  ( -0.7071067811865472397, -0.000000000000000000, 0.7071067811865479058 ) ) ;
#390 = DIRECTION ( 'NONE',  ( 0.7034531013964769874, 0.7107416789070962748, 0.000000000000000000 ) ) ;
#391 = ORIENTED_EDGE ( 'NONE', *, *, #5270, .T. ) ;
#392 =( NAMED_UNIT ( * ) PLANE_ANGLE_UNIT ( ) SI_UNIT ( $, .RADIAN. ) );
#393 = CARTESIAN_POINT ( 'NONE',  ( 46.86651428099032302, 66.66647964411824034, -15.84460421256882867 ) ) ;
#394 = CARTESIAN_POINT ( 'NONE',  ( -24.49196696375777549, 46.94858676400654929, -24.38106950902082559 ) ) ;
#395 = STYLED_ITEM ( 'NONE', ( #5975 ), #4707 ) ;
#396 = CARTESIAN_POINT ( 'NONE',  ( -19.50000000000000000, -3.579459914024648359, 25.78600860713833143 ) ) ;
#397 = DIRECTION ( 'NONE',  ( 0.000000000000000000, 0.000000000000000000, 1.000000000000000000 ) ) ;
#398 = CARTESIAN_POINT ( 'NONE',  ( 33.41957268180326679, 49.79526882289056289, -24.48005005438074733 ) ) ;
#399 = CARTESIAN_POINT ( 'NONE',  ( 20.27800013876098362, 32.49876695777894042, -8.749084172851375740 ) ) ;
#400 = SURFACE_STYLE_USAGE ( .BOTH. , #5345 ) ;
#401 = ORIENTED_EDGE ( 'NONE', *, *, #1111, .F. ) ;
#402 = ORIENTED_EDGE ( 'NONE', *, *, #3498, .F. ) ;
#403 =( LENGTH_UNIT ( ) NAMED_UNIT ( * ) SI_UNIT ( .MILLI., .METRE. ) );
#404 = VERTEX_POINT ( 'NONE', #6496 ) ;
#405 = ORIENTED_EDGE ( 'NONE', *, *, #3249, .T. ) ;
#406 = ADVANCED_FACE ( 'NONE', ( #4869 ), #2150, .F. ) ;
#407 = DIRECTION ( 'NONE',  ( 0.000000000000000000, 0.000000000000000000, -1.000000000000000000 ) ) ;
#408 = PLANE ( 'NONE',  #1777 ) ;
#409 = CARTESIAN_POINT ( 'NONE',  ( -43.82506841011490906, 73.99299833238509905, -10.45996612992749242 ) ) ;
#410 = VERTEX_POINT ( 'NONE', #2672 ) ;
#411 = SURFACE_SIDE_STYLE ('',( #4279 ) ) ;
#412 = CARTESIAN_POINT ( 'NONE',  ( -19.64161881261661335, 37.00559606103414012, -19.87401278241852864 ) ) ;
#413 = CIRCLE ( 'NONE', #6599, 1.649999999999998579 ) ;
#414 = SURFACE_SIDE_STYLE ('',( #3165 ) ) ;
#415 = AXIS2_PLACEMENT_3D ( 'NONE', #5798, #424, #5266 ) ;
#416 = COLOUR_RGB ( '',0.7529411764705882248, 0.7529411764705882248, 0.7529411764705882248 ) ;
#417 = DIRECTION ( 'NONE',  ( -0.7071067811865410224, 0.2418447626479789392, 0.6644630243886803234 ) ) ;
#418 = EDGE_CURVE ( 'NONE', #6770, #1768, #381, .T. ) ;
#419 = CARTESIAN_POINT ( 'NONE',  ( 18.49999999999997868, -20.86940764386208258, 12.52368491557550101 ) ) ;
#420 = MECHANICAL_DESIGN_GEOMETRIC_PRESENTATION_REPRESENTATION (  '', ( #3286 ), #4660 ) ;
#421 = SURFACE_STYLE_USAGE ( .BOTH. , #5373 ) ;
#422 = ORIENTED_EDGE ( 'NONE', *, *, #4171, .T. ) ;
#423 = VERTEX_POINT ( 'NONE', #3756 ) ;
#424 = DIRECTION ( 'NONE',  ( -1.857420540588910083E-05, -0.8660269713776245215, -0.4999972844941241168 ) ) ;
#425 = AXIS2_PLACEMENT_3D ( 'NONE', #6716, #3995, #6181 ) ;
#426 = PLANE ( 'NONE',  #338 ) ;
#427 = CARTESIAN_POINT ( 'NONE',  ( 22.60475755052899416, 35.70583083229445265, -6.566146868900379907 ) ) ;
#428 = ADVANCED_FACE ( 'NONE', ( #3204 ), #6371, .T. ) ;
#429 = LINE ( 'NONE', #6384, #5714 ) ;
#430 = VECTOR ( 'NONE', #5246, 1000.000000000000000 ) ;
#431 = STYLED_ITEM ( 'NONE', ( #4999 ), #5609 ) ;
#432 = STYLED_ITEM ( 'NONE', ( #5198 ), #2537 ) ;
#433 = CARTESIAN_POINT ( 'NONE',  ( 18.57054714797649098, 30.24808261962344957, -7.594856503832957628 ) ) ;
#434 = CARTESIAN_POINT ( 'NONE',  ( 10.98506231342959971, -14.71714881219270055, 40.42368491557549959 ) ) ;
#435 = CARTESIAN_POINT ( 'NONE',  ( 46.32468970925163632, 53.08753924422397574, -22.19607944371960073 ) ) ;
#436 = SURFACE_STYLE_FILL_AREA ( #3189 ) ;
#437 = MECHANICAL_DESIGN_GEOMETRIC_PRESENTATION_REPRESENTATION (  '', ( #2396 ), #563 ) ;
#438 = COLOUR_RGB ( '',0.7529411764705882248, 0.7529411764705882248, 0.7529411764705882248 ) ;
#439 = ORIENTED_EDGE ( 'NONE', *, *, #6710, .F. ) ;
#440 = CARTESIAN_POINT ( 'NONE',  ( -35.86651428099028749, 38.22372192002752911, -5.130496896051249145 ) ) ;
#441 = PRODUCT_CONTEXT ( 'NONE', #1627, 'mechanical' ) ;
#442 = DIRECTION ( 'NONE',  ( 0.000000000000000000, 0.000000000000000000, -1.000000000000000000 ) ) ;
#443 = ORIENTED_EDGE ( 'NONE', *, *, #5273, .T. ) ;
#444 = VERTEX_POINT ( 'NONE', #3683 ) ;
#445 = VECTOR ( 'NONE', #337, 1000.000000000000114 ) ;
#446 = CARTESIAN_POINT ( 'NONE',  ( 32.88479490607029732, 60.37296921668308869, -12.54994715267290495 ) ) ;
#447 = EDGE_CURVE ( 'NONE', #5676, #5076, #4006, .T. ) ;
#448 = VECTOR ( 'NONE', #708, 1000.000000000000227 ) ;
#449 = CARTESIAN_POINT ( 'NONE',  ( -36.47824810513325389, 49.79512719121532172, -24.48005005393658706 ) ) ;
#450 = EDGE_CURVE ( 'NONE', #819, #5173, #4826, .T. ) ;
#451 = FACE_OUTER_BOUND ( 'NONE', #533, .T. ) ;
#452 = CARTESIAN_POINT ( 'NONE',  ( -40.50007565895970174, 47.77971724561918876, -19.82066517651852422 ) ) ;
#453 = CARTESIAN_POINT ( 'NONE',  ( -41.40786998974076027, 74.93080152465751098, -11.07323030041176537 ) ) ;
#454 = ORIENTED_EDGE ( 'NONE', *, *, #1975, .F. ) ;
#455 = DIRECTION ( 'NONE',  ( 3.633067695312639666E-06, -0.5000000376173868721, 0.8660253820584085105 ) ) ;
#456 = CARTESIAN_POINT ( 'NONE',  ( 25.14479114084446820, 37.58983255463453332, -5.496569200829450885 ) ) ;
#457 = PRESENTATION_LAYER_ASSIGNMENT (  '', '', ( #1244 ) ) ;
#458 = UNCERTAINTY_MEASURE_WITH_UNIT (LENGTH_MEASURE( 1.000000000000000082E-05 ), #1109, 'distance_accuracy_value', 'NONE');
#459 = CARTESIAN_POINT ( 'NONE',  ( 28.77566753617734463, 38.68413790423362997, -5.928035398282880841 ) ) ;
#460 = CARTESIAN_POINT ( 'NONE',  ( 35.86651428099028749, 48.84873222487524203, -23.53362743373490318 ) ) ;
#461 = COLOUR_RGB ( '',0.7529411764705882248, 0.7529411764705882248, 0.7529411764705882248 ) ;
#462 = EDGE_CURVE ( 'NONE', #2666, #6617, #6521, .T. ) ;
#463 = CARTESIAN_POINT ( 'NONE',  ( 19.50000000000000000, 34.98238854211788151, -18.96155176644822404 ) ) ;
#464 = ORIENTED_EDGE ( 'NONE', *, *, #2272, .F. ) ;
#465 = B_SPLINE_CURVE_WITH_KNOTS ( 'NONE', 3,
 ( #5158, #2894, #178, #140 ),
 .UNSPECIFIED., .F., .F.,
 ( 4, 4 ),
 ( 1.854087513033132487E-15, 0.002077243117281682948 ),
 .UNSPECIFIED. ) ;
#466 = DIRECTION ( 'NONE',  ( 1.000000000000000000, -0.000000000000000000, -0.000000000000000000 ) ) ;
#467 = CARTESIAN_POINT ( 'NONE',  ( 7.835062313429558500, -14.71714881219270055, 40.42368491557549959 ) ) ;
#468 = VERTEX_POINT ( 'NONE', #956 ) ;
#469 = CARTESIAN_POINT ( 'NONE',  ( -27.38963731341577912, 38.31447460099728630, -6.233230414789918683 ) ) ;
#470 = CARTESIAN_POINT ( 'NONE',  ( -24.64720641593680028, 46.22475041582111999, -23.75677828926930246 ) ) ;
#471 = DIRECTION ( 'NONE',  ( 0.000000000000000000, 0.000000000000000000, -1.000000000000000000 ) ) ;
#472 = CARTESIAN_POINT ( 'NONE',  ( 35.86651428099028749, 48.84873222487523492, -23.53362743373490673 ) ) ;
#473 = CARTESIAN_POINT ( 'NONE',  ( 19.54255591448730200, 32.98657145235113575, -7.478045710740214069 ) ) ;
#474 = EDGE_LOOP ( 'NONE', ( #3174, #5186, #3722, #6733 ) ) ;
#475 = VERTEX_POINT ( 'NONE', #3125 ) ;
#476 = DIRECTION ( 'NONE',  ( 0.3708480935868436745, -0.5596595604617448094, -0.7411159611469519959 ) ) ;
#477 = DIRECTION ( 'NONE',  ( 1.932777453709147494E-16, 1.000000000000000000, 0.000000000000000000 ) ) ;
#478 = DIRECTION ( 'NONE',  ( -0.000000000000000000, -0.4999972845804209198, 0.8660269715269875990 ) ) ;
#479 = ORIENTED_EDGE ( 'NONE', *, *, #6569, .F. ) ;
#480 = EDGE_LOOP ( 'NONE', ( #6871, #2734, #21, #1006, #2431, #1020, #6374 ) ) ;
#481 = DIRECTION ( 'NONE',  ( 0.000000000000000000, 1.000000000000000000, 0.000000000000000000 ) ) ;
#482 = CARTESIAN_POINT ( 'NONE',  ( -40.46415189599259321, 49.85898851776394736, -23.49286103455660069 ) ) ;
#483 = CARTESIAN_POINT ( 'NONE',  ( -41.00952808305287078, 50.87667303135839347, -24.12268674706810501 ) ) ;
#484 = FILL_AREA_STYLE_COLOUR ( '', #3073 ) ;
#485 = EDGE_CURVE ( 'NONE', #1206, #4378, #5643, .T. ) ;
#486 = FACE_OUTER_BOUND ( 'NONE', #5921, .T. ) ;
#487 = CARTESIAN_POINT ( 'NONE',  ( -18.50000000000002842, 25.67237301456683696, -6.268679719456854649 ) ) ;
#488 = CARTESIAN_POINT ( 'NONE',  ( -15.72757285520583892, -20.86940764386551095, 15.34657465541586951 ) ) ;
#489 = CARTESIAN_POINT ( 'NONE',  ( 19.49999999999999645, -5.217148812191763518, 37.42368491557549959 ) ) ;
#490 =( LENGTH_UNIT ( ) NAMED_UNIT ( * ) SI_UNIT ( .MILLI., .METRE. ) );
#491 = ORIENTED_EDGE ( 'NONE', *, *, #705, .T. ) ;
#492 = EDGE_CURVE ( 'NONE', #5676, #158, #2785, .T. ) ;
#493 = EDGE_CURVE ( 'NONE', #3962, #6399, #2426, .T. ) ;
#494 = PRESENTATION_STYLE_ASSIGNMENT (( #2752 ) ) ;
#495 = FACE_OUTER_BOUND ( 'NONE', #4140, .T. ) ;
#496 = CARTESIAN_POINT ( 'NONE',  ( -19.49991005838369773, 32.66166822055716068, -9.496826260088242933 ) ) ;
#497 = STYLED_ITEM ( 'NONE', ( #2875 ), #564 ) ;
#498 = ORIENTED_EDGE ( 'NONE', *, *, #4733, .F. ) ;
#499 = VECTOR ( 'NONE', #6794, 1000.000000000000000 ) ;
#500 = CARTESIAN_POINT ( 'NONE',  ( -47.79305918335492009, 47.08002478082558184, -0.01786856979220299846 ) ) ;
#501 = CARTESIAN_POINT ( 'NONE',  ( 19.51395323290401862, 29.53643206525884679, -8.568665974088553128 ) ) ;
#502 = FILL_AREA_STYLE_COLOUR ( '', #1904 ) ;
#503 = CARTESIAN_POINT ( 'NONE',  ( 18.59420940613910034, 30.41578211372886997, -7.609356894193956222 ) ) ;
#504 = LINE ( 'NONE', #2074, #3529 ) ;
#505 = CARTESIAN_POINT ( 'NONE',  ( 36.53954193259087901, 48.84869999396983076, -23.53362873425103530 ) ) ;
#506 = CARTESIAN_POINT ( 'NONE',  ( 18.50000253083631918, 29.33799877455986760, -7.467165497720263723 ) ) ;
#507 = ORIENTED_EDGE ( 'NONE', *, *, #3004, .T. ) ;
#508 = LINE ( 'NONE', #1218, #1239 ) ;
#509 = CARTESIAN_POINT ( 'NONE',  ( -22.48276568719158774, 35.61909522375604809, -6.609978178874945876 ) ) ;
#510 = ORIENTED_EDGE ( 'NONE', *, *, #816, .T. ) ;
#511 = ORIENTED_EDGE ( 'NONE', *, *, #4299, .T. ) ;
#512 = CARTESIAN_POINT ( 'NONE',  ( -23.96937444769307035, 36.04851662863008244, -7.541457099230229666 ) ) ;
#513 = CARTESIAN_POINT ( 'NONE',  ( -35.86651428099028038, 48.84873874673249361, -23.53362442514675834 ) ) ;
#514 = FACE_OUTER_BOUND ( 'NONE', #5351, .T. ) ;
#515 = ADVANCED_FACE ( 'NONE', ( #6076, #153, #1161 ), #3350, .T. ) ;
#516 = CARTESIAN_POINT ( 'NONE',  ( 1.307135772328263549E-15, 57.36606294617247670, -14.28603916684707897 ) ) ;
#517 = ORIENTED_EDGE ( 'NONE', *, *, #664, .T. ) ;
#518 = CARTESIAN_POINT ( 'NONE',  ( -19.50473178350965853, 35.37044350827561345, -19.13656367338271735 ) ) ;
#519 = COLOUR_RGB ( '',0.7529411764705882248, 0.7529411764705882248, 0.7529411764705882248 ) ;
#520 = CARTESIAN_POINT ( 'NONE',  ( 26.51307303417438277, 38.31498590805167481, -5.288645449325037440 ) ) ;
#521 = STYLED_ITEM ( 'NONE', ( #2325 ), #5473 ) ;
#522 = CARTESIAN_POINT ( 'NONE',  ( 21.07299609295469622, 41.30524878195423355, -21.81313396996099385 ) ) ;
#523 = CARTESIAN_POINT ( 'NONE',  ( -18.63327301096544630, 30.63889394526892218, -7.623163265844921987 ) ) ;
#524 = ORIENTED_EDGE ( 'NONE', *, *, #5836, .T. ) ;
#525 = ORIENTED_EDGE ( 'NONE', *, *, #5836, .F. ) ;
#526 =( LENGTH_UNIT ( ) NAMED_UNIT ( * ) SI_UNIT ( .MILLI., .METRE. ) );
#527 = VECTOR ( 'NONE', #5870, 1000.000000000000000 ) ;
#528 = CARTESIAN_POINT ( 'NONE',  ( 86.50000000000004263, 48.84873222487523492, -23.53362743373489963 ) ) ;
#529 = STYLED_ITEM ( 'NONE', ( #3681 ), #5741 ) ;
#530 = CARTESIAN_POINT ( 'NONE',  ( 21.55740449280203919, 34.94347506455640229, -6.912001103408682567 ) ) ;
#531 = CARTESIAN_POINT ( 'NONE',  ( -80.50007565895975858, 73.26032877421317835, -5.109480520126679082 ) ) ;
#533 = EDGE_LOOP ( 'NONE', ( #3807, #5292, #3175, #1818 ) ) ;
#532 = B_SPLINE_SURFACE_WITH_KNOTS ( 'NONE', 1, 3, ( 
 ( #2553, #6325, #1392, #3043, #4708, #1966, #1426, #3633, #909, #3081, #5276, #6574, #3145 ),
 ( #2191, #3736, #3112, #3222, #4812, #1079, #5308, #1502, #2691, #5878, #16, #3670, #3699 ) ),
 .UNSPECIFIED., .F., .F., .F.,
 ( 2, 2 ),
 ( 4, 2, 2, 2, 3, 4 ),
 ( 0.000000000000000000, 1.000000000000000000 ),
 ( 6.292611638940454517E-06, 0.2140258764974853900, 0.4280454603833318550, 0.6420650442691783200, 0.8560846281550247294, 0.9392789600124147320 ),
 .UNSPECIFIED. ) ;
#534 = SURFACE_SIDE_STYLE ('',( #3814 ) ) ;
#535 = SURFACE_SIDE_STYLE ('',( #5442 ) ) ;
#536 =( GEOMETRIC_REPRESENTATION_CONTEXT ( 3 ) GLOBAL_UNCERTAINTY_ASSIGNED_CONTEXT ( ( #3206 ) ) GLOBAL_UNIT_ASSIGNED_CONTEXT ( ( #603, #1579, #2587 ) ) REPRESENTATION_CONTEXT ( 'NONE', 'WORKASPACE' ) );
#537 =( LENGTH_UNIT ( ) NAMED_UNIT ( * ) SI_UNIT ( .MILLI., .METRE. ) );
#538 = SURFACE_STYLE_USAGE ( .BOTH. , #1611 ) ;
#539 = DIRECTION ( 'NONE',  ( -0.7071067811865467956, 1.366680044042205168E-16, 0.7071067811865483499 ) ) ;
#540 =( NAMED_UNIT ( * ) PLANE_ANGLE_UNIT ( ) SI_UNIT ( $, .RADIAN. ) );
#541 = DIRECTION ( 'NONE',  ( 1.816216710871860617E-16, 0.9396926207859068736, -0.3420201433256725432 ) ) ;
#542 = STYLED_ITEM ( 'NONE', ( #4801 ), #6286 ) ;
#543 = MECHANICAL_DESIGN_GEOMETRIC_PRESENTATION_REPRESENTATION (  '', ( #7084 ), #1791 ) ;
#544 = VERTEX_POINT ( 'NONE', #122 ) ;
#545 = CARTESIAN_POINT ( 'NONE',  ( -20.42970759093399380, 40.03491792626123669, -21.24022943041100220 ) ) ;
#546 = ORIENTED_EDGE ( 'NONE', *, *, #4299, .F. ) ;
#547 = ORIENTED_EDGE ( 'NONE', *, *, #340, .F. ) ;
#548 =( GEOMETRIC_REPRESENTATION_CONTEXT ( 3 ) GLOBAL_UNCERTAINTY_ASSIGNED_CONTEXT ( ( #888 ) ) GLOBAL_UNIT_ASSIGNED_CONTEXT ( ( #3788, #1052, #5915 ) ) REPRESENTATION_CONTEXT ( 'NONE', 'WORKASPACE' ) );
#549 = AXIS2_PLACEMENT_3D ( 'NONE', #3088, #1327, #278 ) ;
#550 = DIRECTION ( 'NONE',  ( -1.942357673505765240E-19, 0.4999972845804246946, -0.8660269715269853785 ) ) ;
#551 = EDGE_CURVE ( 'NONE', #1865, #2679, #613, .T. ) ;
#552 = AXIS2_PLACEMENT_3D ( 'NONE', #3825, #6101, #3855 ) ;
#553 = CARTESIAN_POINT ( 'NONE',  ( -42.58363591392132719, 59.41489856832862415, -30.48027804497404603 ) ) ;
#554 = VECTOR ( 'NONE', #5194, 1000.000000000000000 ) ;
#555 =( NAMED_UNIT ( * ) PLANE_ANGLE_UNIT ( ) SI_UNIT ( $, .RADIAN. ) );
#556 = FACE_OUTER_BOUND ( 'NONE', #5583, .T. ) ;
#557 = ORIENTED_EDGE ( 'NONE', *, *, #4993, .T. ) ;
#558 = VERTEX_POINT ( 'NONE', #2908 ) ;
#559 = CARTESIAN_POINT ( 'NONE',  ( -19.50000000000000000, 35.20426047715974249, -19.06161543440563833 ) ) ;
#560 = PRESENTATION_STYLE_ASSIGNMENT (( #4989 ) ) ;
#561 = EDGE_LOOP ( 'NONE', ( #7023, #2346, #1516, #1665 ) ) ;
#562 = UNCERTAINTY_MEASURE_WITH_UNIT (LENGTH_MEASURE( 1.000000000000000082E-05 ), #3637, 'distance_accuracy_value', 'NONE');
#563 =( GEOMETRIC_REPRESENTATION_CONTEXT ( 3 ) GLOBAL_UNCERTAINTY_ASSIGNED_CONTEXT ( ( #4830 ) ) GLOBAL_UNIT_ASSIGNED_CONTEXT ( ( #4277, #4210, #3161 ) ) REPRESENTATION_CONTEXT ( 'NONE', 'WORKASPACE' ) );
#564 = ADVANCED_FACE ( 'NONE', ( #6180, #1728, #3903 ), #2802, .T. ) ;
#565 = DIRECTION ( 'NONE',  ( -1.000000000000000000, 0.000000000000000000, 0.000000000000000000 ) ) ;
#566 = COLOUR_RGB ( '',0.7529411764705882248, 0.7529411764705882248, 0.7529411764705882248 ) ;
#567 = CARTESIAN_POINT ( 'NONE',  ( 19.61828715114449651, 36.83390996894667779, -19.79657883755653813 ) ) ;
#568 = VERTEX_POINT ( 'NONE', #6817 ) ;
#569 = VERTEX_POINT ( 'NONE', #1860 ) ;
#570 = CARTESIAN_POINT ( 'NONE',  ( 35.86651428099028749, 48.84873222487524203, -23.53362743373490318 ) ) ;
#571 = VECTOR ( 'NONE', #4256, 1000.000000000000000 ) ;
#572 = CARTESIAN_POINT ( 'NONE',  ( 21.54897235278889411, 34.11140000979975184, -8.421975069463544017 ) ) ;
#573 = CARTESIAN_POINT ( 'NONE',  ( 19.50000000000000000, 29.80378060302543730, -9.991874753139507348 ) ) ;
#574 = DIRECTION ( 'NONE',  ( 0.000000000000000000, -0.8660254039654087244, -0.4999999996865507335 ) ) ;
#575 = ORIENTED_EDGE ( 'NONE', *, *, #3847, .F. ) ;
#576 = EDGE_CURVE ( 'NONE', #4234, #568, #830, .T. ) ;
#577 = CARTESIAN_POINT ( 'NONE',  ( -36.31477043246970027, 40.50177955480658909, -3.815750177757907036 ) ) ;
#578 = CARTESIAN_POINT ( 'NONE',  ( 45.66509736052238821, 56.00012833934749779, -22.00278041736164170 ) ) ;
#579 = CARTESIAN_POINT ( 'NONE',  ( 43.03885752723260794, 51.53523480425052838, -23.42658278820296047 ) ) ;
#580 = CARTESIAN_POINT ( 'NONE',  ( 36.41695742898318855, 50.74153786998360260, -25.42647137357034026 ) ) ;
#581 = CARTESIAN_POINT ( 'NONE',  ( -18.00111366915536948, 31.20023215074969514, 2.361121820515215575 ) ) ;
#582 = DIRECTION ( 'NONE',  ( 0.000000000000000000, 0.000000000000000000, 1.000000000000000000 ) ) ;
#583 = B_SPLINE_CURVE_WITH_KNOTS ( 'NONE', 3,
 ( #463, #6919, #4285, #2610, #3210, #2651, #1560, #3766, #5942, #1985, #4956, #5536, #2177, #5433, #4361, #3392, #2252, #134, #6529, #3838, #1171, #38, #4430, #6592, #5573, #567, #4931, #1663, #1705, #6005, #6115, #2778, #1203, #2816, #2747, #596, #3361, #1101, #2213, #626, #4392, #2711, #3874, #5978, #6049, #2855, #1142, #6630, #3916, #3328, #5500, #6086, #666, #5038, #5000, #100, #6565, #2288, #3805, #4475, #66, #4326, #1598, #6666, #1738, #3936, #1069, #3245, #522, #4897, #5468, #1631 ),
 .UNSPECIFIED., .F., .F.,
 ( 4, 2, 2, 1, 1, 1, 2, 2, 2, 1, 1, 1, 2, 2, 2, 1, 1, 1, 2, 2, 2, 1, 1, 1, 2, 2, 2, 1, 1, 2, 2, 2, 1, 1, 2, 2, 2, 1, 2, 2, 2, 1, 2, 2, 4 ),
 ( 0.000000000000000000, 0.03124999999993638422, 0.04687499999990565880, 0.05468749999989029609, 0.05859374999988406496, 0.06054687499988094940, 0.06152343749987974203, 0.06249999999987854160, 0.09374999999988954669, 0.1093749999998958888, 0.1171874999999001771, 0.1210937499999025502, 0.1230468749999037298, 0.1249999999999049094, 0.1874999999999669986, 0.2187499999999970024, 0.2343750000000105194, 0.2421875000000164313, 0.2460937500000179023, 0.2500000000000193734, 0.3125000000000502376, 0.3437500000000660028, 0.3593750000000726641, 0.3671875000000769940, 0.3710937500000788258, 0.3750000000000806577, 0.4375000000000893730, 0.4687500000000938694, 0.4843750000000948130, 0.4921875000000948686, 0.5000000000000949241, 0.5625000000000783817, 0.5937500000000702771, 0.6093750000000659472, 0.6171875000000638378, 0.6250000000000617284, 0.6875000000000528466, 0.7187500000000475175, 0.7343750000000450751, 0.7500000000000427436, 0.8125000000000308642, 0.8437500000000258682, 0.8593750000000233147, 0.8750000000000208722, 1.000000000000000000 ),
 .UNSPECIFIED. ) ;
#584 = ORIENTED_EDGE ( 'NONE', *, *, #3545, .T. ) ;
#585 = CARTESIAN_POINT ( 'NONE',  ( -35.86651428099028749, 14.63710142793286195, 59.72322904585260517 ) ) ;
#586 = CARTESIAN_POINT ( 'NONE',  ( -42.09533726415010335, 51.21174962862574631, -23.78668731380220791 ) ) ;
#587 = B_SPLINE_CURVE_WITH_KNOTS ( 'NONE', 3,
 ( #877, #3679, #5746, #4643, #4717, #4065, #6904, #6260, #1333, #3535 ),
 .UNSPECIFIED., .F., .F.,
 ( 4, 2, 2, 2, 4 ),
 ( 0.000000000000000000, 0.2500000000000000000, 0.5000000000000000000, 0.7500000000000000000, 1.000000000000000000 ),
 .UNSPECIFIED. ) ;
#588 = SURFACE_STYLE_FILL_AREA ( #3237 ) ;
#589 = VERTEX_POINT ( 'NONE', #1996 ) ;
#590 = CARTESIAN_POINT ( 'NONE',  ( 27.04600605501382304, 38.17575172643700654, -6.312977996097324684 ) ) ;
#591 =( NAMED_UNIT ( * ) SI_UNIT ( $, .STERADIAN. ) SOLID_ANGLE_UNIT ( ) );
#592 = VERTEX_POINT ( 'NONE', #1390 ) ;
#593 = ORIENTED_EDGE ( 'NONE', *, *, #5631, .T. ) ;
#594 = CARTESIAN_POINT ( 'NONE',  ( -18.50000098719504393, 29.09066840656378261, -7.413833456073444239 ) ) ;
#595 = CARTESIAN_POINT ( 'NONE',  ( 29.75432895282332169, 38.72371844026312004, -5.996590890799166296 ) ) ;
#596 = CARTESIAN_POINT ( 'NONE',  ( 19.78999588927629460, 37.85946801692525554, -20.25909779745844119 ) ) ;
#597 = CARTESIAN_POINT ( 'NONE',  ( -19.43836035341723445, 32.82011036055966713, -7.506965722547882081 ) ) ;
#598 = EDGE_LOOP ( 'NONE', ( #4649, #6771, #1958, #479 ) ) ;
#599 = EDGE_CURVE ( 'NONE', #7088, #254, #795, .T. ) ;
#600 = ORIENTED_EDGE ( 'NONE', *, *, #3809, .T. ) ;
#601 = VECTOR ( 'NONE', #4578, 1000.000000000000000 ) ;
#602 = CARTESIAN_POINT ( 'NONE',  ( -27.08355023642151593, 38.44008728748561765, -5.505327372863675350 ) ) ;
#603 =( LENGTH_UNIT ( ) NAMED_UNIT ( * ) SI_UNIT ( .MILLI., .METRE. ) );
#604 = ORIENTED_EDGE ( 'NONE', *, *, #985, .T. ) ;
#605 =( NAMED_UNIT ( * ) SI_UNIT ( $, .STERADIAN. ) SOLID_ANGLE_UNIT ( ) );
#606 = CARTESIAN_POINT ( 'NONE',  ( -39.89493413160967350, 48.09954892916708502, 0.5707497094239217805 ) ) ;
#607 = CARTESIAN_POINT ( 'NONE',  ( -15.11493768657039993, -20.86940764386208258, 15.02368491557552410 ) ) ;
#608 = LINE ( 'NONE', #6098, #3980 ) ;
#609 = CARTESIAN_POINT ( 'NONE',  ( 41.55392652393732789, 52.87430808473510524, -25.52652753306461619 ) ) ;
#610 = CARTESIAN_POINT ( 'NONE',  ( -19.64394332907441409, 30.59465420250276324, -8.741023585096133530 ) ) ;
#611 = LINE ( 'NONE', #2195, #1690 ) ;
#612 = LINE ( 'NONE', #3414, #633 ) ;
#613 = LINE ( 'NONE', #6105, #3367 ) ;
#614 = DIRECTION ( 'NONE',  ( -0.9999999999736892686, 6.816585209533905314E-06, -2.481034115609617898E-06 ) ) ;
#615 = CARTESIAN_POINT ( 'NONE',  ( 29.75440252253877560, 48.84873222487523492, -23.53362743373490318 ) ) ;
#616 = EDGE_CURVE ( 'NONE', #2450, #5641, #2415, .T. ) ;
#617 = ORIENTED_EDGE ( 'NONE', *, *, #6809, .F. ) ;
#618 = CARTESIAN_POINT ( 'NONE',  ( -19.50000000000000000, -5.217148812191773288, 30.28552187494406667 ) ) ;
#619 = DIRECTION ( 'NONE',  ( 1.000000000000000000, 0.000000000000000000, 0.000000000000000000 ) ) ;
#620 = ORIENTED_EDGE ( 'NONE', *, *, #2783, .T. ) ;
#621 = DIRECTION ( 'NONE',  ( 1.000000000000000000, 0.000000000000000000, 0.000000000000000000 ) ) ;
#622 = B_SPLINE_CURVE_WITH_KNOTS ( 'NONE', 3,
 ( #2656, #4838, #7035, #530, #1497, #5873, #4731, #4806, #4184, #4295, #968, #6537, #1462, #3138, #3775, #427, #1990, #3664, #7000, #4255, #6457, #6492, #3810, #5845 ),
 .UNSPECIFIED., .F., .F.,
 ( 4, 2, 1, 1, 1, 1, 2, 2, 2, 1, 1, 1, 1, 2, 2, 4 ),
 ( 0.000000000000000000, 0.2499999999999624745, 0.3749999999999417133, 0.4374999999999295008, 0.4687499999999217293, 0.4843749999999149569, 0.4921874999999132361, 0.4999999999999115152, 0.6249999999999142908, 0.6874999999999161782, 0.7187499999999171774, 0.7343749999999181766, 0.7421874999999203970, 0.7460937499999230615, 0.7499999999999258371, 1.000000000000000000 ),
 .UNSPECIFIED. ) ;
#623 = CARTESIAN_POINT ( 'NONE',  ( 19.76042919892246630, 31.15309949676700541, -8.790043221830474707 ) ) ;
#624 = CARTESIAN_POINT ( 'NONE',  ( -19.50000000000000000, 27.36276798480148997, 0.8386076724324551535 ) ) ;
#625 =( NAMED_UNIT ( * ) PLANE_ANGLE_UNIT ( ) SI_UNIT ( $, .RADIAN. ) );
#626 = CARTESIAN_POINT ( 'NONE',  ( 19.83861605434127640, 38.08959648702960266, -20.36288523698618391 ) ) ;
#627 = FILL_AREA_STYLE_COLOUR ( '', #1121 ) ;
#628 = EDGE_LOOP ( 'NONE', ( #6452, #4499, #5135, #5299, #5201, #57, #3770, #4763, #5361, #510 ) ) ;
#629 =( GEOMETRIC_REPRESENTATION_CONTEXT ( 3 ) GLOBAL_UNCERTAINTY_ASSIGNED_CONTEXT ( ( #2706 ) ) GLOBAL_UNIT_ASSIGNED_CONTEXT ( ( #5317, #7016, #5354 ) ) REPRESENTATION_CONTEXT ( 'NONE', 'WORKASPACE' ) );
#630 = FILL_AREA_STYLE_COLOUR ( '', #4289 ) ;
#631 = DIRECTION ( 'NONE',  ( -1.832802226030400722E-19, 0.4999972845804243060, -0.8660269715269856006 ) ) ;
#632 = FACE_OUTER_BOUND ( 'NONE', #3543, .T. ) ;
#633 = VECTOR ( 'NONE', #5595, 1000.000000000000227 ) ;
#634 =( NAMED_UNIT ( * ) PLANE_ANGLE_UNIT ( ) SI_UNIT ( $, .RADIAN. ) );
#635 = DIRECTION ( 'NONE',  ( 0.000000000000000000, 0.000000000000000000, 1.000000000000000000 ) ) ;
#636 = ORIENTED_EDGE ( 'NONE', *, *, #954, .F. ) ;
#637 = FILL_AREA_STYLE ('',( #6204 ) ) ;
#638 = SURFACE_STYLE_FILL_AREA ( #1717 ) ;
#639 = AXIS2_PLACEMENT_3D ( 'NONE', #6760, #4159, #1324 ) ;
#640 = EDGE_CURVE ( 'NONE', #4234, #3644, #5425, .T. ) ;
#641 = CARTESIAN_POINT ( 'NONE',  ( 42.02362357258452619, 51.18793545343866924, -23.81205966086096737 ) ) ;
#642 = VECTOR ( 'NONE', #3276, 1000.000000000000000 ) ;
#643 = CARTESIAN_POINT ( 'NONE',  ( 29.12335829875762627, 54.16695549167742030, -28.85160569844821410 ) ) ;
#644 = ORIENTED_EDGE ( 'NONE', *, *, #368, .F. ) ;
#645 = AXIS2_PLACEMENT_3D ( 'NONE', #343, #913, #4674 ) ;
#646 = DIRECTION ( 'NONE',  ( -0.3708480935868591621, -0.5596595604617521369, -0.7411159611469386732 ) ) ;
#647 = ORIENTED_EDGE ( 'NONE', *, *, #2164, .T. ) ;
#648 = AXIS2_PLACEMENT_3D ( 'NONE', #6679, #2267, #3445 ) ;
#649 = DIRECTION ( 'NONE',  ( 0.5270506108201920004, 0.8498338976729878924, 0.000000000000000000 ) ) ;
#650 = DIRECTION ( 'NONE',  ( 0.000000000000000000, 0.000000000000000000, -1.000000000000000000 ) ) ;
#651 = STYLED_ITEM ( 'NONE', ( #1562 ), #6320 ) ;
#652 = VECTOR ( 'NONE', #5984, 1000.000000000000114 ) ;
#653 = CARTESIAN_POINT ( 'NONE',  ( 10.98506231342959971, -14.71714881219270055, 36.42368491557549959 ) ) ;
#654 =( NAMED_UNIT ( * ) SI_UNIT ( $, .STERADIAN. ) SOLID_ANGLE_UNIT ( ) );
#655 = VECTOR ( 'NONE', #4491, 1000.000000000000000 ) ;
#656 = ORIENTED_EDGE ( 'NONE', *, *, #2443, .F. ) ;
#657 = FACE_OUTER_BOUND ( 'NONE', #6520, .T. ) ;
#658 = ORIENTED_EDGE ( 'NONE', *, *, #3470, .T. ) ;
#659 = ORIENTED_EDGE ( 'NONE', *, *, #6946, .T. ) ;
#660 = AXIS2_PLACEMENT_3D ( 'NONE', #2986, #2006, #3531 ) ;
#661 = EDGE_CURVE ( 'NONE', #3093, #5991, #5528, .T. ) ;
#662 = CARTESIAN_POINT ( 'NONE',  ( -20.96843587582926105, 33.52881779234837722, -8.578514806364177403 ) ) ;
#663 = COLOUR_RGB ( '',0.7529411764705882248, 0.7529411764705882248, 0.7529411764705882248 ) ;
#664 = EDGE_CURVE ( 'NONE', #5899, #849, #6785, .T. ) ;
#665 = SURFACE_STYLE_FILL_AREA ( #4579 ) ;
#666 = CARTESIAN_POINT ( 'NONE',  ( 20.30466549107316254, 39.66825674608939067, -21.07485163005251394 ) ) ;
#667 = CARTESIAN_POINT ( 'NONE',  ( 27.55917226831996203, 48.34737507706184800, -23.49579506553238772 ) ) ;
#668 = VECTOR ( 'NONE', #4727, 1000.000000000000000 ) ;
#669 = ORIENTED_EDGE ( 'NONE', *, *, #3249, .F. ) ;
#670 = EDGE_LOOP ( 'NONE', ( #933, #1085, #1297, #45, #1494, #6072 ) ) ;
#671 = SURFACE_STYLE_FILL_AREA ( #2400 ) ;
#672 = EDGE_CURVE ( 'NONE', #2945, #1053, #2100, .T. ) ;
#673 = AXIS2_PLACEMENT_3D ( 'NONE', #735, #3443, #2898 ) ;
#674 = VECTOR ( 'NONE', #4738, 1000.000000000000000 ) ;
#675 = FILL_AREA_STYLE_COLOUR ( '', #6952 ) ;
#676 = ORIENTED_EDGE ( 'NONE', *, *, #4971, .F. ) ;
#677 = CARTESIAN_POINT ( 'NONE',  ( 40.74020977275425537, 75.22943238975121005, -10.90081693853289835 ) ) ;
#678 = MECHANICAL_DESIGN_GEOMETRIC_PRESENTATION_REPRESENTATION (  '', ( #6755 ), #4695 ) ;
#679 = LINE ( 'NONE', #3893, #4406 ) ;
#680 = CARTESIAN_POINT ( 'NONE',  ( -35.89546684846970237, 76.55604614765471183, -8.980199606213629338 ) ) ;
#681 = DIRECTION ( 'NONE',  ( 1.932777453709147494E-16, 1.000000000000000000, 0.000000000000000000 ) ) ;
#682 = EDGE_CURVE ( 'NONE', #6688, #1445, #824, .T. ) ;
#683 = ORIENTED_EDGE ( 'NONE', *, *, #4040, .T. ) ;
#684 = CARTESIAN_POINT ( 'NONE',  ( -47.89493350863492083, 54.91393381455635847, 4.505036656317694010 ) ) ;
#685 = SURFACE_STYLE_FILL_AREA ( #88 ) ;
#686 = CARTESIAN_POINT ( 'NONE',  ( 36.31768148111029149, 49.25152754967951552, -18.97086799802895385 ) ) ;
#687 = CARTESIAN_POINT ( 'NONE',  ( 19.51671248530294278, 63.20552028284063795, -16.68807711433927210 ) ) ;
#688 = CARTESIAN_POINT ( 'NONE',  ( -39.89789699040379389, 38.82783556197848185, -4.781904877560445577 ) ) ;
#689 = ORIENTED_EDGE ( 'NONE', *, *, #4155, .F. ) ;
#690 = ORIENTED_EDGE ( 'NONE', *, *, #6456, .T. ) ;
#691 = PRESENTATION_STYLE_ASSIGNMENT (( #2315 ) ) ;
#692 = VERTEX_POINT ( 'NONE', #5236 ) ;
#693 = CARTESIAN_POINT ( 'NONE',  ( 23.15733607673828942, 35.43307220560928528, -7.896543237193029974 ) ) ;
#694 = DIRECTION ( 'NONE',  ( -1.832802226030400722E-19, 0.4999972845804243060, -0.8660269715269856006 ) ) ;
#695 = DIRECTION ( 'NONE',  ( -1.000000000000000000, -0.000000000000000000, -0.000000000000000000 ) ) ;
#696 =( LENGTH_UNIT ( ) NAMED_UNIT ( * ) SI_UNIT ( .MILLI., .METRE. ) );
#697 = CARTESIAN_POINT ( 'NONE',  ( 47.86651484004629964, 54.91642686211902458, 4.507090480087184048 ) ) ;
#698 = CARTESIAN_POINT ( 'NONE',  ( 42.57617956641753665, 74.24106032732633764, -11.47144968279517308 ) ) ;
#699 = ORIENTED_EDGE ( 'NONE', *, *, #2298, .T. ) ;
#700 = EDGE_LOOP ( 'NONE', ( #4935, #1913, #5212, #997 ) ) ;
#701 = FILL_AREA_STYLE_COLOUR ( '', #2360 ) ;
#702 = LINE ( 'NONE', #5112, #334 ) ;
#703 = CARTESIAN_POINT ( 'NONE',  ( -28.74242047968525071, 49.73238847773261995, -24.48004985721976468 ) ) ;
#704 = ORIENTED_EDGE ( 'NONE', *, *, #5125, .F. ) ;
#705 = EDGE_CURVE ( 'NONE', #6994, #6836, #6743, .T. ) ;
#706 = FACE_OUTER_BOUND ( 'NONE', #6659, .T. ) ;
#707 = PRESENTATION_STYLE_ASSIGNMENT (( #3297 ) ) ;
#708 = DIRECTION ( 'NONE',  ( -6.054055702906202468E-17, 0.9396926207859068736, -0.3420201433256725987 ) ) ;
#709 = CARTESIAN_POINT ( 'NONE',  ( 40.35851395132384312, 50.20953429740208662, -24.19126220053892595 ) ) ;
#710 = CARTESIAN_POINT ( 'NONE',  ( 39.62675253397396347, 51.61060188861508635, -25.46724238933935069 ) ) ;
#711 = SURFACE_STYLE_FILL_AREA ( #1317 ) ;
#712 = ORIENTED_EDGE ( 'NONE', *, *, #6641, .T. ) ;
#713 = LINE ( 'NONE', #1221, #1427 ) ;
#714 = EDGE_CURVE ( 'NONE', #468, #1741, #369, .T. ) ;
#715 = SURFACE_STYLE_USAGE ( .BOTH. , #6182 ) ;
#716 = SURFACE_STYLE_FILL_AREA ( #6250 ) ;
#717 = CARTESIAN_POINT ( 'NONE',  ( 23.31061583902723200, 36.19995054512880017, -6.299029722099321660 ) ) ;
#718 = CARTESIAN_POINT ( 'NONE',  ( -19.25144788589943801, 32.48777966378634119, -7.556301520317184384 ) ) ;
#719 = ORIENTED_EDGE ( 'NONE', *, *, #2970, .T. ) ;
#720 = CARTESIAN_POINT ( 'NONE',  ( -35.86651428099028749, 60.36601788426803950, -19.48215116560822224 ) ) ;
#721 = DIRECTION ( 'NONE',  ( 0.7071067811865426878, -0.7071067811865524577, 0.000000000000000000 ) ) ;
#722 = CARTESIAN_POINT ( 'NONE',  ( 18.50000000002633627, 27.77978190454139451, -7.035713826835582552 ) ) ;
#723 = ORIENTED_EDGE ( 'NONE', *, *, #6853, .F. ) ;
#724 = DIRECTION ( 'NONE',  ( 1.000000000000000000, 0.000000000000000000, 0.000000000000000000 ) ) ;
#725 = EDGE_CURVE ( 'NONE', #4060, #1506, #6897, .T. ) ;
#726 = FILL_AREA_STYLE_COLOUR ( '', #6632 ) ;
#727 = CARTESIAN_POINT ( 'NONE',  ( -40.45810458982276003, 51.70932999893744153, -24.48005605590725153 ) ) ;
#728 = ORIENTED_EDGE ( 'NONE', *, *, #6424, .T. ) ;
#729 = UNCERTAINTY_MEASURE_WITH_UNIT (LENGTH_MEASURE( 1.000000000000000082E-05 ), #6177, 'distance_accuracy_value', 'NONE');
#730 = CARTESIAN_POINT ( 'NONE',  ( 1.322798709854868086E-15, 14.63710142793286195, 59.72322904585261938 ) ) ;
#731 = PRESENTATION_LAYER_ASSIGNMENT (  '', '', ( #6243 ) ) ;
#732 = CARTESIAN_POINT ( 'NONE',  ( -26.50413136611702214, 47.71571972361473257, -23.44815459353655029 ) ) ;
#733 = EDGE_LOOP ( 'NONE', ( #5642, #728, #4623, #5311 ) ) ;
#734 = DIRECTION ( 'NONE',  ( 1.000000000000000000, 0.000000000000000000, 0.000000000000000000 ) ) ;
#735 = CARTESIAN_POINT ( 'NONE',  ( 22.41671248530030169, 63.20552028284455304, -16.68807711433701613 ) ) ;
#736 = VECTOR ( 'NONE', #5453, 1000.000000000000114 ) ;
#737 = LINE ( 'NONE', #2934, #6304 ) ;
#738 = EDGE_CURVE ( 'NONE', #569, #5983, #98, .T. ) ;
#739 = CARTESIAN_POINT ( 'NONE',  ( 24.49196696375784654, 46.94858676400667719, -24.38106950902087533 ) ) ;
#740 = CARTESIAN_POINT ( 'NONE',  ( 16.90575969857804495, -20.86940764386208258, 16.02368491557549746 ) ) ;
#741 = PRESENTATION_LAYER_ASSIGNMENT (  '', '', ( #1997 ) ) ;
#742 =( GEOMETRIC_REPRESENTATION_CONTEXT ( 3 ) GLOBAL_UNCERTAINTY_ASSIGNED_CONTEXT ( ( #5496 ) ) GLOBAL_UNIT_ASSIGNED_CONTEXT ( ( #3588, #6636, #1669 ) ) REPRESENTATION_CONTEXT ( 'NONE', 'WORKASPACE' ) );
#743 = DIRECTION ( 'NONE',  ( -1.832802226030400722E-19, 0.4999972845804243060, -0.8660269715269856006 ) ) ;
#744 = B_SPLINE_CURVE_WITH_KNOTS ( 'NONE', 3,
 ( #3139, #5335, #2578, #2104 ),
 .UNSPECIFIED., .F., .F.,
 ( 4, 4 ),
 ( 0.000000000000000000, 1.000000000000000000 ),
 .UNSPECIFIED. ) ;
#745 = ORIENTED_EDGE ( 'NONE', *, *, #37, .F. ) ;
#746 = STYLED_ITEM ( 'NONE', ( #4209 ), #5655 ) ;
#747 = CARTESIAN_POINT ( 'NONE',  ( 39.33969734794222717, 49.42798956711956038, -23.51026163279461301 ) ) ;
#748 = MECHANICAL_DESIGN_GEOMETRIC_PRESENTATION_REPRESENTATION (  '', ( #5674 ), #2601 ) ;
#749 = CARTESIAN_POINT ( 'NONE',  ( 15.69769748206381976, -20.86940764386208258, 15.34657465541803134 ) ) ;
#750 = CARTESIAN_POINT ( 'NONE',  ( 20.68709914125597038, 33.18476491110116200, -8.653878896272624743 ) ) ;
#751 = CARTESIAN_POINT ( 'NONE',  ( -46.89493413160973034, 47.45499458470050769, -26.93627996665011537 ) ) ;
#752 = FACE_OUTER_BOUND ( 'NONE', #58, .T. ) ;
#753 = PRESENTATION_LAYER_ASSIGNMENT (  '', '', ( #5338 ) ) ;
#754 = CARTESIAN_POINT ( 'NONE',  ( -39.89789699040379389, 38.82783556197848185, -4.781904877560445577 ) ) ;
#755 = EDGE_LOOP ( 'NONE', ( #1970, #636, #5787, #2279 ) ) ;
#756 = DIRECTION ( 'NONE',  ( 0.7034531013964769874, -0.7107416789070962748, 0.000000000000000000 ) ) ;
#757 = CARTESIAN_POINT ( 'NONE',  ( -18.50000000000002842, 1.782851187808210280, 30.28552187494406667 ) ) ;
#758 =( NAMED_UNIT ( * ) SI_UNIT ( $, .STERADIAN. ) SOLID_ANGLE_UNIT ( ) );
#759 = ORIENTED_EDGE ( 'NONE', *, *, #1794, .F. ) ;
#760 = ORIENTED_EDGE ( 'NONE', *, *, #5007, .T. ) ;
#761 =( GEOMETRIC_REPRESENTATION_CONTEXT ( 3 ) GLOBAL_UNCERTAINTY_ASSIGNED_CONTEXT ( ( #1811 ) ) GLOBAL_UNIT_ASSIGNED_CONTEXT ( ( #162, #3948, #2758 ) ) REPRESENTATION_CONTEXT ( 'NONE', 'WORKASPACE' ) );
#762 = ADVANCED_FACE ( 'NONE', ( #908 ), #3080, .F. ) ;
#763 = AXIS2_PLACEMENT_3D ( 'NONE', #3607, #3062, #6985 ) ;
#764 = CARTESIAN_POINT ( 'NONE',  ( -20.57879047680038198, 33.01032940902099710, -8.680642192603462703 ) ) ;
#765 = AXIS2_PLACEMENT_3D ( 'NONE', #1890, #5700, #3009 ) ;
#766 = SURFACE_STYLE_FILL_AREA ( #2814 ) ;
#767 = DIRECTION ( 'NONE',  ( -0.000000000000000000, 0.000000000000000000, -1.000000000000000000 ) ) ;
#768 = COLOUR_RGB ( '',0.7529411764705882248, 0.7529411764705882248, 0.7529411764705882248 ) ;
#769 = CARTESIAN_POINT ( 'NONE',  ( 29.39625010824307694, 48.84874276196146781, -23.53364568450179917 ) ) ;
#770 = STYLED_ITEM ( 'NONE', ( #4370 ), #5587 ) ;
#771 = DIRECTION ( 'NONE',  ( 0.000000000000000000, 0.000000000000000000, -1.000000000000000000 ) ) ;
#772 = UNCERTAINTY_MEASURE_WITH_UNIT (LENGTH_MEASURE( 1.000000000000000082E-05 ), #6421, 'distance_accuracy_value', 'NONE');
#773 = ORIENTED_EDGE ( 'NONE', *, *, #79, .T. ) ;
#774 = EDGE_CURVE ( 'NONE', #6712, #5428, #4372, .T. ) ;
#775 = FILL_AREA_STYLE ('',( #5110 ) ) ;
#776 = VECTOR ( 'NONE', #3899, 1000.000000000000114 ) ;
#777 = CARTESIAN_POINT ( 'NONE',  ( -37.93980163016156126, 49.05114210778586425, -23.52545715161424056 ) ) ;
#778 = MECHANICAL_DESIGN_GEOMETRIC_PRESENTATION_REPRESENTATION (  '', ( #1017 ), #333 ) ;
#779 = AXIS2_PLACEMENT_3D ( 'NONE', #2623, #2111, #336 ) ;
#780 = DIRECTION ( 'NONE',  ( 6.442591512363824568E-17, -1.000000000000000000, 0.000000000000000000 ) ) ;
#781 = SURFACE_STYLE_FILL_AREA ( #1345 ) ;
#782 = ORIENTED_EDGE ( 'NONE', *, *, #7003, .T. ) ;
#783 = EDGE_LOOP ( 'NONE', ( #3746, #546, #676, #1912 ) ) ;
#784 = CARTESIAN_POINT ( 'NONE',  ( -19.50000000000000000, -16.45940040996187292, 8.001853951443726132 ) ) ;
#785 = AXIS2_PLACEMENT_3D ( 'NONE', #1979, #4924, #6519 ) ;
#786 =( NAMED_UNIT ( * ) SI_UNIT ( $, .STERADIAN. ) SOLID_ANGLE_UNIT ( ) );
#787 = LINE ( 'NONE', #2411, #3725 ) ;
#788 = LINE ( 'NONE', #328, #5687 ) ;
#789 = CARTESIAN_POINT ( 'NONE',  ( 46.86656696197670158, 59.46023164435119668, -20.00510330827671268 ) ) ;
#790 = EDGE_CURVE ( 'NONE', #4114, #2398, #1536, .T. ) ;
#791 = PRESENTATION_LAYER_ASSIGNMENT (  '', '', ( #6063 ) ) ;
#792 = MECHANICAL_DESIGN_GEOMETRIC_PRESENTATION_REPRESENTATION (  '', ( #1708 ), #2546 ) ;
#793 = CARTESIAN_POINT ( 'NONE',  ( 19.49995530218841111, 31.19997652151759837, 2.361214861946708155 ) ) ;
#794 = STYLED_ITEM ( 'NONE', ( #4628 ), #3628 ) ;
#795 = LINE ( 'NONE', #5195, #5763 ) ;
#796 = CARTESIAN_POINT ( 'NONE',  ( 29.75440252253878270, 49.79514891015949019, -24.48005005400469614 ) ) ;
#797 = CARTESIAN_POINT ( 'NONE',  ( 20.90502829739551416, 33.45275143568742493, -8.595440859552343937 ) ) ;
#798 = CARTESIAN_POINT ( 'NONE',  ( 19.81160230906296960, 31.31801290126354331, -8.791800584220501591 ) ) ;
#799 = CYLINDRICAL_SURFACE ( 'NONE', #1217, 6.000000000000001776 ) ;
#800 = ORIENTED_EDGE ( 'NONE', *, *, #6035, .T. ) ;
#801 = ORIENTED_EDGE ( 'NONE', *, *, #1952, .F. ) ;
#802 = CARTESIAN_POINT ( 'NONE',  ( -40.50007565895970174, 63.24896319693402802, 3.066881415663456067 ) ) ;
#803 = CARTESIAN_POINT ( 'NONE',  ( -30.02531707398056326, 54.18118915101165811, -28.86587459046469206 ) ) ;
#804 = EDGE_CURVE ( 'NONE', #5245, #1233, #2581, .T. ) ;
#805 = FACE_OUTER_BOUND ( 'NONE', #2120, .T. ) ;
#806 = CARTESIAN_POINT ( 'NONE',  ( -43.45380214610042913, 50.55490864255739325, -22.38711287138559669 ) ) ;
#807 =( LENGTH_UNIT ( ) NAMED_UNIT ( * ) SI_UNIT ( .MILLI., .METRE. ) );
#808 = CARTESIAN_POINT ( 'NONE',  ( 47.86651430344100788, 61.00431242577051449, 8.021932848121672066 ) ) ;
#809 = CARTESIAN_POINT ( 'NONE',  ( 26.41215725093787725, 47.62247770499592292, -23.44109744204031998 ) ) ;
#810 = LINE ( 'NONE', #1302, #7071 ) ;
#811 = ORIENTED_EDGE ( 'NONE', *, *, #1934, .F. ) ;
#812 = UNCERTAINTY_MEASURE_WITH_UNIT (LENGTH_MEASURE( 1.000000000000000082E-05 ), #5988, 'distance_accuracy_value', 'NONE');
#813 = DIRECTION ( 'NONE',  ( -1.832802226030400963E-19, 0.4999972845804243615, -0.8660269715269856006 ) ) ;
#814 =( NAMED_UNIT ( * ) PLANE_ANGLE_UNIT ( ) SI_UNIT ( $, .RADIAN. ) );
#815 = CARTESIAN_POINT ( 'NONE',  ( -38.09522499497809633, 49.08311079044944591, -23.52417058219593926 ) ) ;
#816 = EDGE_CURVE ( 'NONE', #1709, #1768, #1485, .T. ) ;
#817 = CARTESIAN_POINT ( 'NONE',  ( -19.50000000000000355, 27.43801397486848970, -7.975498245883748005 ) ) ;
#818 = CARTESIAN_POINT ( 'NONE',  ( -39.89492895721978982, 42.33917022643613848, -2.754967728584797992 ) ) ;
#819 = VERTEX_POINT ( 'NONE', #396 ) ;
#820 = VERTEX_POINT ( 'NONE', #5954 ) ;
#821 =( LENGTH_UNIT ( ) NAMED_UNIT ( * ) SI_UNIT ( .MILLI., .METRE. ) );
#822 = LINE ( 'NONE', #1284, #2736 ) ;
#823 = PRESENTATION_STYLE_ASSIGNMENT (( #6779 ) ) ;
#824 = B_SPLINE_CURVE_WITH_KNOTS ( 'NONE', 3,
 ( #4124, #4706, #2445, #6324, #1965, #1359, #5766, #1320 ),
 .UNSPECIFIED., .F., .F.,
 ( 4, 2, 2, 4 ),
 ( 0.000000000000000000, 0.1400326701692088394, 0.2800653403384176787, 0.5601306806768353574 ),
 .UNSPECIFIED. ) ;
#825 = DIRECTION ( 'NONE',  ( 1.000000000000000000, 0.000000000000000000, 0.000000000000000000 ) ) ;
#826 = DIRECTION ( 'NONE',  ( -0.9999999990144823325, -3.844843018221184188E-05, -2.219805077616666080E-05 ) ) ;
#827 = CARTESIAN_POINT ( 'NONE',  ( -18.57903813846615648, 30.32775497690211708, -7.603814691423378846 ) ) ;
#828 = CARTESIAN_POINT ( 'NONE',  ( -40.50007565895980122, 67.21697697405012661, 5.357798649356175780 ) ) ;
#829 = DIRECTION ( 'NONE',  ( -1.000000000000000000, 0.000000000000000000, 0.000000000000000000 ) ) ;
#830 = LINE ( 'NONE', #2482, #850 ) ;
#831 = CARTESIAN_POINT ( 'NONE',  ( 19.49999999999999289, -16.45940040996187292, 8.001853951443726132 ) ) ;
#832 = FACE_OUTER_BOUND ( 'NONE', #4029, .T. ) ;
#833 =( LENGTH_UNIT ( ) NAMED_UNIT ( * ) SI_UNIT ( .MILLI., .METRE. ) );
#834 = CARTESIAN_POINT ( 'NONE',  ( -12.66493768657040064, -14.71714881219270055, 14.02368491557550634 ) ) ;
#835 = ORIENTED_EDGE ( 'NONE', *, *, #2677, .T. ) ;
#836 = EDGE_LOOP ( 'NONE', ( #4097, #5153, #1158, #5374 ) ) ;
#837 = CARTESIAN_POINT ( 'NONE',  ( -22.73266049650044351, 35.79665424088572223, -6.519953416142153735 ) ) ;
#838 = SURFACE_STYLE_FILL_AREA ( #1367 ) ;
#839 = CARTESIAN_POINT ( 'NONE',  ( 9.335062313429599357, -14.71714881219270055, 38.92368491557547827 ) ) ;
#840 = DIRECTION ( 'NONE',  ( 1.000000000000000000, 0.000000000000000000, 0.000000000000000000 ) ) ;
#841 = ADVANCED_FACE ( 'NONE', ( #1048 ), #3221, .F. ) ;
#842 = CARTESIAN_POINT ( 'NONE',  ( -41.55552612406511770, 49.31614268546542235, -22.48055354234790570 ) ) ;
#843 = EDGE_CURVE ( 'NONE', #68, #544, #975, .T. ) ;
#844 = FACE_OUTER_BOUND ( 'NONE', #5664, .T. ) ;
#845 = SURFACE_SIDE_STYLE ('',( #210 ) ) ;
#846 = CARTESIAN_POINT ( 'NONE',  ( -19.70000785751946637, 37.38223794805422528, -20.04386358182209449 ) ) ;
#847 = SURFACE_STYLE_USAGE ( .BOTH. , #3608 ) ;
#848 = VERTEX_POINT ( 'NONE', #3144 ) ;
#849 = VERTEX_POINT ( 'NONE', #2189 ) ;
#850 = VECTOR ( 'NONE', #5811, 1000.000000000000114 ) ;
#851 = PRESENTATION_STYLE_ASSIGNMENT (( #889 ) ) ;
#852 = DIRECTION ( 'NONE',  ( 1.000000000000000000, 0.000000000000000000, 0.000000000000000000 ) ) ;
#853 = CARTESIAN_POINT ( 'NONE',  ( -42.51397628467978507, 51.11042481810567750, -23.44238047925714952 ) ) ;
#854 = DIRECTION ( 'NONE',  ( -0.000000000000000000, -0.000000000000000000, 1.000000000000000000 ) ) ;
#855 = ORIENTED_EDGE ( 'NONE', *, *, #672, .F. ) ;
#856 = SURFACE_STYLE_USAGE ( .BOTH. , #5762 ) ;
#857 = STYLED_ITEM ( 'NONE', ( #851 ), #4685 ) ;
#858 = CARTESIAN_POINT ( 'NONE',  ( 35.86651428099028749, 38.22368957199154949, -5.130515572587896145 ) ) ;
#859 = CARTESIAN_POINT ( 'NONE',  ( -20.48209240876607851, 32.85929511673310088, -8.704238557222250705 ) ) ;
#860 = CIRCLE ( 'NONE', #4178, 12.81044449107000638 ) ;
#861 = EDGE_CURVE ( 'NONE', #1431, #4469, #6313, .T. ) ;
#862 = CARTESIAN_POINT ( 'NONE',  ( 19.50000000000000000, -2.835679229062512352, 10.38041057369471076 ) ) ;
#863 = DIRECTION ( 'NONE',  ( 0.000000000000000000, 1.000000000000000000, 0.000000000000000000 ) ) ;
#864 = STYLED_ITEM ( 'NONE', ( #3990 ), #268 ) ;
#865 = CARTESIAN_POINT ( 'NONE',  ( 24.59123841159546586, 47.22051139659073726, -24.48004198124524677 ) ) ;
#866 = VECTOR ( 'NONE', #271, 1000.000000000000000 ) ;
#867 = CARTESIAN_POINT ( 'NONE',  ( 20.50956151213131307, 32.91905195670603490, -8.699459198611981137 ) ) ;
#868 = LINE ( 'NONE', #4264, #3068 ) ;
#869 = CARTESIAN_POINT ( 'NONE',  ( 20.68205565001503743, 33.16290604189281055, -8.654482606733134631 ) ) ;
#870 = LINE ( 'NONE', #834, #6718 ) ;
#871 = ORIENTED_EDGE ( 'NONE', *, *, #5227, .F. ) ;
#872 = ORIENTED_EDGE ( 'NONE', *, *, #5240, .T. ) ;
#873 = PRESENTATION_STYLE_ASSIGNMENT (( #4198 ) ) ;
#874 = ORIENTED_EDGE ( 'NONE', *, *, #1152, .F. ) ;
#875 = AXIS2_PLACEMENT_3D ( 'NONE', #5440, #3296, #5479 ) ;
#876 = VECTOR ( 'NONE', #6742, 1000.000000000000000 ) ;
#877 = CARTESIAN_POINT ( 'NONE',  ( -35.89546684846970237, 76.55604614765471183, -8.980199606213629338 ) ) ;
#878 = DIRECTION ( 'NONE',  ( 0.000000000000000000, 0.000000000000000000, 1.000000000000000000 ) ) ;
#879 = CIRCLE ( 'NONE', #5905, 3.900000000000000799 ) ;
#880 = DIRECTION ( 'NONE',  ( 0.000000000000000000, 0.000000000000000000, -1.000000000000000000 ) ) ;
#881 = AXIS2_PLACEMENT_3D ( 'NONE', #6224, #6340, #5717 ) ;
#882 = DIRECTION ( 'NONE',  ( 1.587256161217026192E-19, 0.000000000000000000, 1.000000000000000000 ) ) ;
#883 = ADVANCED_FACE ( 'NONE', ( #2153 ), #939, .F. ) ;
#884 = CARTESIAN_POINT ( 'NONE',  ( -20.84913320055229491, 40.90104459009171478, -21.63084155437865874 ) ) ;
#885 = ORIENTED_EDGE ( 'NONE', *, *, #3955, .F. ) ;
#886 = ORIENTED_EDGE ( 'NONE', *, *, #1696, .F. ) ;
#887 = UNCERTAINTY_MEASURE_WITH_UNIT (LENGTH_MEASURE( 1.000000000000000082E-05 ), #3131, 'distance_accuracy_value', 'NONE');
#888 = UNCERTAINTY_MEASURE_WITH_UNIT (LENGTH_MEASURE( 1.000000000000000082E-05 ), #3788, 'distance_accuracy_value', 'NONE');
#889 = SURFACE_STYLE_USAGE ( .BOTH. , #4650 ) ;
#890 = VECTOR ( 'NONE', #3398, 1000.000000000000227 ) ;
#891 = SURFACE_STYLE_FILL_AREA ( #2996 ) ;
#892 = CARTESIAN_POINT ( 'NONE',  ( 86.50000000000004263, 49.97369422589174093, -25.48211858060362900 ) ) ;
#893 = AXIS2_PLACEMENT_3D ( 'NONE', #2422, #203, #1267 ) ;
#894 = COLOUR_RGB ( '',0.7529411764705882248, 0.7529411764705882248, 0.7529411764705882248 ) ;
#895 = SURFACE_STYLE_FILL_AREA ( #2062 ) ;
#896 = EDGE_LOOP ( 'NONE', ( #1282, #4272, #5840, #6414 ) ) ;
#897 = ORIENTED_EDGE ( 'NONE', *, *, #5240, .F. ) ;
#898 =( NAMED_UNIT ( * ) SI_UNIT ( $, .STERADIAN. ) SOLID_ANGLE_UNIT ( ) );
#899 = ADVANCED_FACE ( 'NONE', ( #4559 ), #1672, .T. ) ;
#900 = FACE_OUTER_BOUND ( 'NONE', #4108, .T. ) ;
#901 = CARTESIAN_POINT ( 'NONE',  ( 40.38947496915344715, 50.70768985364342996, -24.27930185735078084 ) ) ;
#902 = CARTESIAN_POINT ( 'NONE',  ( -18.50910583536378340, 29.58559281713446865, -7.510824539844040082 ) ) ;
#904 = VECTOR ( 'NONE', #681, 1000.000000000000000 ) ;
#903 = VECTOR ( 'NONE', #2624, 999.9999999999998863 ) ;
#905 = DIRECTION ( 'NONE',  ( -0.000000000000000000, 1.000000000000000000, 0.000000000000000000 ) ) ;
#906 = CONICAL_SURFACE ( 'NONE', #4570, 3.399999991770999319, 0.7853981633974476129 ) ;
#907 = DIRECTION ( 'NONE',  ( -6.816585209484801967E-06, -0.9999999999767670289, 0.000000000000000000 ) ) ;
#908 = FACE_OUTER_BOUND ( 'NONE', #3453, .T. ) ;
#909 = CARTESIAN_POINT ( 'NONE',  ( 24.72894163003336843, 47.41420417470632742, -24.48004258856770576 ) ) ;
#910 = DIRECTION ( 'NONE',  ( -0.5920362775794566490, 0.7573089147717232406, -0.2756379031213511133 ) ) ;
#911 = CARTESIAN_POINT ( 'NONE',  ( 19.68004333031326070, 30.77726549896205555, -8.758595146893709327 ) ) ;
#912 = EDGE_CURVE ( 'NONE', #6379, #2242, #5511, .T. ) ;
#913 = DIRECTION ( 'NONE',  ( -1.832802226030400722E-19, 0.4999972845804243060, -0.8660269715269856006 ) ) ;
#914 = ORIENTED_EDGE ( 'NONE', *, *, #6820, .F. ) ;
#915 = VERTEX_POINT ( 'NONE', #607 ) ;
#916 = FILL_AREA_STYLE ('',( #5203 ) ) ;
#917 = DIRECTION ( 'NONE',  ( 1.000000000000000000, 0.000000000000000000, 0.000000000000000000 ) ) ;
#918 = FILL_AREA_STYLE_COLOUR ( '', #1511 ) ;
#919 = ORIENTED_EDGE ( 'NONE', *, *, #4865, .F. ) ;
#920 = COLOUR_RGB ( '',0.7529411764705882248, 0.7529411764705882248, 0.7529411764705882248 ) ;
#921 = PLANE ( 'NONE',  #4969 ) ;
#922 = VECTOR ( 'NONE', #2973, 1000.000000000000000 ) ;
#923 = CARTESIAN_POINT ( 'NONE',  ( -48.62136288116560223, 55.11359418099662832, -22.04324917947751672 ) ) ;
#924 = SURFACE_STYLE_FILL_AREA ( #3573 ) ;
#925 = CARTESIAN_POINT ( 'NONE',  ( -36.68084720746622196, 76.55606098227249845, -8.980191041499876903 ) ) ;
#926 = CARTESIAN_POINT ( 'NONE',  ( -45.96988780308624456, 48.09954892916708502, 0.5707497094239217805 ) ) ;
#927 = CARTESIAN_POINT ( 'NONE',  ( -19.65706444432350608, 37.11243163255270616, -19.92219260120544888 ) ) ;
#928 = SURFACE_STYLE_USAGE ( .BOTH. , #4137 ) ;
#929 = ORIENTED_EDGE ( 'NONE', *, *, #2990, .F. ) ;
#930 = CARTESIAN_POINT ( 'NONE',  ( 24.06671248530030027, 62.20552571367776551, -14.95602317128418157 ) ) ;
#931 = CARTESIAN_POINT ( 'NONE',  ( -18.50000000000003553, 32.16163374132840858, -8.630577466390761288 ) ) ;
#932 = FACE_OUTER_BOUND ( 'NONE', #2488, .T. ) ;
#933 = ORIENTED_EDGE ( 'NONE', *, *, #2105, .T. ) ;
#934 = VERTEX_POINT ( 'NONE', #6604 ) ;
#935 = CARTESIAN_POINT ( 'NONE',  ( -24.49196696375777549, 46.94858676400654929, -24.38106950902082559 ) ) ;
#936 = EDGE_CURVE ( 'NONE', #5173, #3488, #679, .T. ) ;
#937 = LINE ( 'NONE', #6458, #6648 ) ;
#938 = CARTESIAN_POINT ( 'NONE',  ( -27.04600554438053095, 38.17589927851204834, -6.313234100469907517 ) ) ;
#939 = PLANE ( 'NONE',  #6702 ) ;
#940 = CARTESIAN_POINT ( 'NONE',  ( -19.50000000000000000, -9.717148812196693797, 53.22368491557553938 ) ) ;
#941 = CARTESIAN_POINT ( 'NONE',  ( 28.52568948342923960, 49.79550864835272250, -24.48005005513283905 ) ) ;
#942 = DIRECTION ( 'NONE',  ( -1.792016420331230422E-10, -0.5000000994538753574, 0.8660253463647091809 ) ) ;
#943 = CARTESIAN_POINT ( 'NONE',  ( 21.54897235278890477, 34.11140000979975895, -8.421975069463538688 ) ) ;
#944 = SURFACE_STYLE_FILL_AREA ( #2045 ) ;
#945 = CARTESIAN_POINT ( 'NONE',  ( -18.50000000000001421, -5.221469680670479896, 13.22368491557550207 ) ) ;
#946 = ORIENTED_EDGE ( 'NONE', *, *, #3067, .T. ) ;
#947 = VERTEX_POINT ( 'NONE', #1719 ) ;
#948 = CARTESIAN_POINT ( 'NONE',  ( 23.96912600382698244, 36.04819882926248198, -7.541341429719940592 ) ) ;
#949 = FACE_OUTER_BOUND ( 'NONE', #1571, .T. ) ;
#950 = CARTESIAN_POINT ( 'NONE',  ( -26.07970548926942556, 47.34838107779427219, -23.42043936091657486 ) ) ;
#951 = CIRCLE ( 'NONE', #1387, 6.000000000000000000 ) ;
#952 = ORIENTED_EDGE ( 'NONE', *, *, #1451, .F. ) ;
#953 = FILL_AREA_STYLE_COLOUR ( '', #519 ) ;
#954 = EDGE_CURVE ( 'NONE', #5983, #569, #2801, .T. ) ;
#955 = FILL_AREA_STYLE_COLOUR ( '', #416 ) ;
#956 = CARTESIAN_POINT ( 'NONE',  ( -18.50000000000003553, 27.78003411819415547, -7.035805625097862226 ) ) ;
#957 = CARTESIAN_POINT ( 'NONE',  ( -19.54560319489511855, 36.13664274257244813, -19.48211081447585258 ) ) ;
#958 = DIRECTION ( 'NONE',  ( 1.000000000000000000, 0.000000000000000000, -0.000000000000000000 ) ) ;
#959 = ORIENTED_EDGE ( 'NONE', *, *, #2105, .F. ) ;
#960 = UNCERTAINTY_MEASURE_WITH_UNIT (LENGTH_MEASURE( 1.000000000000000082E-05 ), #4148, 'distance_accuracy_value', 'NONE');
#961 = UNCERTAINTY_MEASURE_WITH_UNIT (LENGTH_MEASURE( 1.000000000000000082E-05 ), #4548, 'distance_accuracy_value', 'NONE');
#962 = LINE ( 'NONE', #1340, #6362 ) ;
#963 = ADVANCED_FACE ( 'NONE', ( #1778 ), #4396, .F. ) ;
#964 = CARTESIAN_POINT ( 'NONE',  ( -19.50000000000000000, 28.87971169206766930, -8.391328859954214181 ) ) ;
#965 = ORIENTED_EDGE ( 'NONE', *, *, #5540, .T. ) ;
#966 = SURFACE_SIDE_STYLE ('',( #5300 ) ) ;
#967 = CARTESIAN_POINT ( 'NONE',  ( 19.49999143186757777, 32.91937499745542794, -7.489859641864403450 ) ) ;
#968 = CARTESIAN_POINT ( 'NONE',  ( 22.08922786414385442, 35.33490541394547080, -6.743845282768257121 ) ) ;
#969 = DIRECTION ( 'NONE',  ( -0.7525766947051910627, 0.5702838099598124266, 0.3292486821299824284 ) ) ;
#970 = EDGE_CURVE ( 'NONE', #7064, #245, #787, .T. ) ;
#971 = CARTESIAN_POINT ( 'NONE',  ( 47.86651336595019046, 66.16648235670389511, -14.97857724267805857 ) ) ;
#972 = CARTESIAN_POINT ( 'NONE',  ( -24.55397733286447348, 46.68562935614166776, -24.15146569073534266 ) ) ;
#973 = MECHANICAL_DESIGN_GEOMETRIC_PRESENTATION_REPRESENTATION (  '', ( #5318 ), #5886 ) ;
#974 = EDGE_CURVE ( 'NONE', #2083, #4060, #1886, .T. ) ;
#975 = LINE ( 'NONE', #1078, #1792 ) ;
#976 = CARTESIAN_POINT ( 'NONE',  ( 37.21255454618350456, 48.91277338106322503, -23.53104337483043551 ) ) ;
#977 = FILL_AREA_STYLE_COLOUR ( '', #6267 ) ;
#978 = FACE_OUTER_BOUND ( 'NONE', #6846, .T. ) ;
#979 = ORIENTED_EDGE ( 'NONE', *, *, #2102, .F. ) ;
#980 = VERTEX_POINT ( 'NONE', #1822 ) ;
#981 = LINE ( 'NONE', #6826, #3989 ) ;
#982 =( LENGTH_UNIT ( ) NAMED_UNIT ( * ) SI_UNIT ( .MILLI., .METRE. ) );
#983 = DIRECTION ( 'NONE',  ( -1.000000000000000000, -4.320305823558448800E-19, -3.779777825263939606E-20 ) ) ;
#984 = EDGE_LOOP ( 'NONE', ( #3264, #5961, #5667, #3464 ) ) ;
#985 = EDGE_CURVE ( 'NONE', #1104, #423, #6280, .T. ) ;
#986 = MECHANICAL_DESIGN_GEOMETRIC_PRESENTATION_REPRESENTATION (  '', ( #521 ), #6962 ) ;
#987 = CARTESIAN_POINT ( 'NONE',  ( -41.08067538831544852, 50.17019960236124376, -23.48030372510581998 ) ) ;
#988 = SURFACE_STYLE_USAGE ( .BOTH. , #5887 ) ;
#989 = DIRECTION ( 'NONE',  ( 1.832802226030400722E-19, -0.4999972845804243060, 0.8660269715269856006 ) ) ;
#990 = CARTESIAN_POINT ( 'NONE',  ( -37.33525350106674523, 76.12855869856656454, -10.38170988103576597 ) ) ;
#991 = CARTESIAN_POINT ( 'NONE',  ( -20.27842891427838268, 39.59938427893062141, -21.04379112011808672 ) ) ;
#992 = FILL_AREA_STYLE ('',( #3240 ) ) ;
#993 = VECTOR ( 'NONE', #6556, 1000.000000000000114 ) ;
#994 = CARTESIAN_POINT ( 'NONE',  ( -22.49842161505969784, 63.33406728767447191, -16.61386100390720344 ) ) ;
#995 =( NAMED_UNIT ( * ) SI_UNIT ( $, .STERADIAN. ) SOLID_ANGLE_UNIT ( ) );
#996 = CYLINDRICAL_SURFACE ( 'NONE', #6969, 12.81044449123675832 ) ;
#997 = ORIENTED_EDGE ( 'NONE', *, *, #5726, .F. ) ;
#998 = ORIENTED_EDGE ( 'NONE', *, *, #5504, .F. ) ;
#999 = MECHANICAL_DESIGN_GEOMETRIC_PRESENTATION_REPRESENTATION (  '', ( #6615 ), #3646 ) ;
#1000 =( NAMED_UNIT ( * ) SI_UNIT ( $, .STERADIAN. ) SOLID_ANGLE_UNIT ( ) );
#1001 = AXIS2_PLACEMENT_3D ( 'NONE', #6001, #6041, #1135 ) ;
#1002 = CIRCLE ( 'NONE', #6843, 2.899999999999999911 ) ;
#1003 = SURFACE_STYLE_USAGE ( .BOTH. , #5906 ) ;
#1004 = AXIS2_PLACEMENT_3D ( 'NONE', #434, #5913, #2583 ) ;
#1005 = FILL_AREA_STYLE_COLOUR ( '', #920 ) ;
#1006 = ORIENTED_EDGE ( 'NONE', *, *, #2122, .T. ) ;
#1007 = AXIS2_PLACEMENT_3D ( 'NONE', #2527, #6902, #6974 ) ;
#1008 = CARTESIAN_POINT ( 'NONE',  ( 47.53318094765696600, 66.33314811823069590, -15.26725289985367695 ) ) ;
#1009 = VECTOR ( 'NONE', #6004, 1000.000000000000000 ) ;
#1010 = CARTESIAN_POINT ( 'NONE',  ( -19.50000000000000000, -7.217148812191790164, 39.42368491557552090 ) ) ;
#1011 = PRESENTATION_STYLE_ASSIGNMENT (( #6464 ) ) ;
#1012 = EDGE_CURVE ( 'NONE', #1276, #4531, #737, .T. ) ;
#1013 = DIRECTION ( 'NONE',  ( -1.832802226030400481E-19, 0.4999972845804242505, -0.8660269715269854895 ) ) ;
#1014 = AXIS2_PLACEMENT_3D ( 'NONE', #345, #6434, #3704 ) ;
#1015 = CARTESIAN_POINT ( 'NONE',  ( 38.53960119980818178, 49.16713494391825634, -23.52077989271085201 ) ) ;
#1016 = FACE_OUTER_BOUND ( 'NONE', #4100, .T. ) ;
#1017 = STYLED_ITEM ( 'NONE', ( #2991 ), #4203 ) ;
#1018 = AXIS2_PLACEMENT_3D ( 'NONE', #46, #4967, #2261 ) ;
#1019 = VERTEX_POINT ( 'NONE', #6085 ) ;
#1020 = ORIENTED_EDGE ( 'NONE', *, *, #3970, .T. ) ;
#1021 = CARTESIAN_POINT ( 'NONE',  ( -21.64600048974247315, 35.01256428780736485, -6.890647256703665846 ) ) ;
#1022 = CARTESIAN_POINT ( 'NONE',  ( -20.84842161505969926, 60.83408086477594168, -12.28372614627049231 ) ) ;
#1023 =( GEOMETRIC_REPRESENTATION_CONTEXT ( 3 ) GLOBAL_UNCERTAINTY_ASSIGNED_CONTEXT ( ( #5893 ) ) GLOBAL_UNIT_ASSIGNED_CONTEXT ( ( #5799, #4730, #2616 ) ) REPRESENTATION_CONTEXT ( 'NONE', 'WORKASPACE' ) );
#1024 = CARTESIAN_POINT ( 'NONE',  ( -33.17441060868815583, 48.84886766882416254, -23.53361922316425847 ) ) ;
#1025 = FACE_OUTER_BOUND ( 'NONE', #1673, .T. ) ;
#1026 = CARTESIAN_POINT ( 'NONE',  ( -40.31204572828794852, 50.68784714972786531, -24.29724733255181235 ) ) ;
#1027 = EDGE_CURVE ( 'NONE', #947, #1219, #4473, .T. ) ;
#1028 = B_SPLINE_CURVE_WITH_KNOTS ( 'NONE', 3,
 ( #6670, #5578, #6120, #3437 ),
 .UNSPECIFIED., .F., .F.,
 ( 4, 4 ),
 ( 0.000000000000000000, 1.000000000000000000 ),
 .UNSPECIFIED. ) ;
#1029 = CARTESIAN_POINT ( 'NONE',  ( -35.89542245536085829, 76.19001723770419687, -10.34622703385734432 ) ) ;
#1030 = EDGE_CURVE ( 'NONE', #4777, #6029, #4504, .T. ) ;
#1031 = VERTEX_POINT ( 'NONE', #1169 ) ;
#1032 = DIRECTION ( 'NONE',  ( -1.832802226030399759E-19, 0.4999972845804250277, -0.8660269715269851565 ) ) ;
#1033 = CARTESIAN_POINT ( 'NONE',  ( 19.49999999999999289, -9.717148812196720442, 16.02368491557549390 ) ) ;
#1034 = EDGE_LOOP ( 'NONE', ( #1749, #782, #5316, #5003 ) ) ;
#1035 =( GEOMETRIC_REPRESENTATION_CONTEXT ( 3 ) GLOBAL_UNCERTAINTY_ASSIGNED_CONTEXT ( ( #2606 ) ) GLOBAL_UNIT_ASSIGNED_CONTEXT ( ( #3351, #6657, #5056 ) ) REPRESENTATION_CONTEXT ( 'NONE', 'WORKASPACE' ) );
#1036 = VECTOR ( 'NONE', #3193, 1000.000000000000114 ) ;
#1037 = UNCERTAINTY_MEASURE_WITH_UNIT (LENGTH_MEASURE( 1.000000000000000082E-05 ), #6321, 'distance_accuracy_value', 'NONE');
#1038 = SURFACE_STYLE_FILL_AREA ( #6915 ) ;
#1039 = DIRECTION ( 'NONE',  ( 0.000000000000000000, 0.000000000000000000, -1.000000000000000000 ) ) ;
#1040 = CARTESIAN_POINT ( 'NONE',  ( 47.86651428099030170, 66.16648235670389511, -14.97857724267806567 ) ) ;
#1041 = ORIENTED_EDGE ( 'NONE', *, *, #4167, .T. ) ;
#1042 = DIRECTION ( 'NONE',  ( 1.000000000000000000, 0.000000000000000000, -0.000000000000000000 ) ) ;
#1043 = EDGE_CURVE ( 'NONE', #5899, #947, #5837, .T. ) ;
#1044 = DIRECTION ( 'NONE',  ( -0.000000000000000000, 0.000000000000000000, -1.000000000000000000 ) ) ;
#1045 = LINE ( 'NONE', #5410, #1694 ) ;
#1046 =( LENGTH_UNIT ( ) NAMED_UNIT ( * ) SI_UNIT ( .MILLI., .METRE. ) );
#1047 = ADVANCED_FACE ( 'NONE', ( #1271 ), #235, .T. ) ;
#1048 = FACE_OUTER_BOUND ( 'NONE', #6807, .T. ) ;
#1049 = SURFACE_STYLE_FILL_AREA ( #5955 ) ;
#1050 = LINE ( 'NONE', #4913, #116 ) ;
#1051 =( LENGTH_UNIT ( ) NAMED_UNIT ( * ) SI_UNIT ( .MILLI., .METRE. ) );
#1052 =( NAMED_UNIT ( * ) PLANE_ANGLE_UNIT ( ) SI_UNIT ( $, .RADIAN. ) );
#1053 = VERTEX_POINT ( 'NONE', #6693 ) ;
#1054 = ORIENTED_EDGE ( 'NONE', *, *, #2891, .F. ) ;
#1055 = DIRECTION ( 'NONE',  ( 0.5920362775794566490, 0.7573089147717231295, -0.2756379031213511133 ) ) ;
#1056 = ORIENTED_EDGE ( 'NONE', *, *, #4040, .F. ) ;
#1057 = DIRECTION ( 'NONE',  ( 0.000000000000000000, 0.6427876096865349220, -0.7660444431189815662 ) ) ;
#1058 = CARTESIAN_POINT ( 'NONE',  ( -33.66474736014864533, 50.74168649179993196, -25.42648088564896014 ) ) ;
#1059 = CARTESIAN_POINT ( 'NONE',  ( 18.49999933972041433, 28.64574898647509471, -7.317796887062751665 ) ) ;
#1060 = DIRECTION ( 'NONE',  ( 1.000000000000000000, 0.000000000000000000, 0.000000000000000000 ) ) ;
#1061 = CARTESIAN_POINT ( 'NONE',  ( -19.50000000000000000, -9.717148812196693797, 16.02368491557549746 ) ) ;
#1062 =( NAMED_UNIT ( * ) PLANE_ANGLE_UNIT ( ) SI_UNIT ( $, .RADIAN. ) );
#1063 = CARTESIAN_POINT ( 'NONE',  ( 19.50000000000000000, 21.89044569159073106, -14.19647426014204328 ) ) ;
#1064 = UNCERTAINTY_MEASURE_WITH_UNIT (LENGTH_MEASURE( 1.000000000000000082E-05 ), #1524, 'distance_accuracy_value', 'NONE');
#1065 = ADVANCED_FACE ( 'NONE', ( #5145 ), #2812, .F. ) ;
#1066 = DIRECTION ( 'NONE',  ( 0.7071067811865472397, -0.7071067811865479058, 0.000000000000000000 ) ) ;
#1067 = ADVANCED_FACE ( 'NONE', ( #1201 ), #3431, .T. ) ;
#1068 = CARTESIAN_POINT ( 'NONE',  ( -18.66793610529321157, 30.82164500952706376, -7.632470142612588049 ) ) ;
#1069 = CARTESIAN_POINT ( 'NONE',  ( 21.02103540270621806, 41.21540689668859869, -21.77261452890349602 ) ) ;
#1070 = CARTESIAN_POINT ( 'NONE',  ( -18.75856362463038352, 31.20370953019022053, -7.639616657991481041 ) ) ;
#1071 = VERTEX_POINT ( 'NONE', #3390 ) ;
#1072 = FILL_AREA_STYLE_COLOUR ( '', #6643 ) ;
#1073 = CARTESIAN_POINT ( 'NONE',  ( -29.36472028807123991, 38.71931507692477936, -5.988964042538066579 ) ) ;
#1074 = CARTESIAN_POINT ( 'NONE',  ( -36.31477043246970027, 49.25152754967951552, -18.97086799802895385 ) ) ;
#1075 = CARTESIAN_POINT ( 'NONE',  ( -12.66493768657040064, -14.71714881219270055, 16.22368491557550030 ) ) ;
#1076 = AXIS2_PLACEMENT_3D ( 'NONE', #6390, #1889, #2979 ) ;
#1077 = SURFACE_STYLE_FILL_AREA ( #4341 ) ;
#1078 = CARTESIAN_POINT ( 'NONE',  ( -35.86651428099028749, 4.244777769556527858, 53.72326163085720907 ) ) ;
#1079 = CARTESIAN_POINT ( 'NONE',  ( 26.87444954964208321, 47.98071157116071817, -23.46814498526025972 ) ) ;
#1080 = CARTESIAN_POINT ( 'NONE',  ( -15.11493768657039993, -20.86940764386208258, 37.42368491557549248 ) ) ;
#1081 = CARTESIAN_POINT ( 'NONE',  ( 19.49999999999999289, -9.717148812196722218, 16.02368491557550101 ) ) ;
#1082 = ORIENTED_EDGE ( 'NONE', *, *, #4840, .F. ) ;
#1083 = CARTESIAN_POINT ( 'NONE',  ( -20.21222705774187745, 39.45870856231673685, -20.98036049990914265 ) ) ;
#1084 = EDGE_CURVE ( 'NONE', #3054, #849, #951, .T. ) ;
#1085 = ORIENTED_EDGE ( 'NONE', *, *, #4119, .T. ) ;
#1086 = SURFACE_STYLE_USAGE ( .BOTH. , #2667 ) ;
#1087 = CARTESIAN_POINT ( 'NONE',  ( -26.05520810164389189, 50.74206977552523767, -25.42649886684956684 ) ) ;
#1088 = COLOUR_RGB ( '',0.7529411764705882248, 0.7529411764705882248, 0.7529411764705882248 ) ;
#1089 = PLANE ( 'NONE',  #3151 ) ;
#1090 = CARTESIAN_POINT ( 'NONE',  ( -35.86651428099028749, 49.79514891015949019, -24.48005005400469614 ) ) ;
#1091 = ORIENTED_EDGE ( 'NONE', *, *, #5409, .F. ) ;
#1092 = CARTESIAN_POINT ( 'NONE',  ( -19.50991943064180845, 35.52101231969435702, -19.20446932438056464 ) ) ;
#1093 = LINE ( 'NONE', #1625, #642 ) ;
#1094 = ORIENTED_EDGE ( 'NONE', *, *, #1906, .T. ) ;
#1095 = COLOUR_RGB ( '',0.7529411764705882248, 0.7529411764705882248, 0.7529411764705882248 ) ;
#1096 = CARTESIAN_POINT ( 'NONE',  ( 26.98690807781021661, 38.41999398934841992, -5.470524763089864351 ) ) ;
#1097 = CARTESIAN_POINT ( 'NONE',  ( -46.89493413160973034, 47.45499458470050769, -26.93627996665011537 ) ) ;
#1098 = B_SPLINE_CURVE_WITH_KNOTS ( 'NONE', 1,
 ( #367, #6209 ),
 .UNSPECIFIED., .F., .F.,
 ( 2, 2 ),
 ( 0.000000000000000000, 1.000000000000000000 ),
 .UNSPECIFIED. ) ;
#1099 = EDGE_CURVE ( 'NONE', #2994, #5899, #6152, .T. ) ;
#1100 = STYLED_ITEM ( 'NONE', ( #6162 ), #5444 ) ;
#1101 = CARTESIAN_POINT ( 'NONE',  ( 19.79971253041071932, 37.90595503008707112, -20.28006375732724464 ) ) ;
#1102 = CARTESIAN_POINT ( 'NONE',  ( -19.08969176819130453, 32.14743185567519390, -7.594089886616052887 ) ) ;
#1103 = VERTEX_POINT ( 'NONE', #3914 ) ;
#1104 = VERTEX_POINT ( 'NONE', #1236 ) ;
#1105 = AXIS2_PLACEMENT_3D ( 'NONE', #3829, #2055, #3798 ) ;
#1106 = PRESENTATION_LAYER_ASSIGNMENT (  '', '', ( #5674 ) ) ;
#1107 = AXIS2_PLACEMENT_3D ( 'NONE', #2611, #2540, #390 ) ;
#1108 = LINE ( 'NONE', #3291, #7077 ) ;
#1109 =( LENGTH_UNIT ( ) NAMED_UNIT ( * ) SI_UNIT ( .MILLI., .METRE. ) );
#1110 = B_SPLINE_SURFACE_WITH_KNOTS ( 'NONE', 1, 3, ( 
 ( #943, #4739, #4158, #5852, #6251, #3527, #869, #3083, #6359, #5813, #2485, #5703, #399, #6866, #5170, #4673, #3593, #798, #3045, #1938, #2586, #6293, #911, #4711, #6933, #275, #3011, #3565, #2447, #2001, #1362, #4194 ),
 ( #6395, #4774, #1472, #4634, #5738, #5990, #3739, #4846, #3258, #473, #3225, #1505, #2693, #5386, #7043, #1643, #6467, #2193, #6505, #3305, #3148, #2076, #1613, #1120, #5415, #6575, #4878, #19, #3701, #3822, #506, #2114 ) ),
 .UNSPECIFIED., .F., .F., .F.,
 ( 2, 2 ),
 ( 4, 2, 2, 2, 2, 2, 2, 2, 2, 2, 2, 2, 2, 2, 2, 4 ),
 ( 0.000000000000000000, 1.000000000000000000 ),
 ( 0.000000000000000000, 0.0008250987716000690152, 0.001237648157400103414, 0.001650197543200138030, 0.002062746929000172647, 0.002269021621900189738, 0.002475296314800206829, 0.003300395086400276061, 0.003712944472200310677, 0.004125493858000345293, 0.004331768550900362384, 0.004538043243800379475, 0.004950592629600413658, 0.005363142015400447840, 0.005775691401200482890, 0.006600790172800552122 ),
 .UNSPECIFIED. ) ;
#1111 = EDGE_CURVE ( 'NONE', #6087, #3544, #3055, .T. ) ;
#1112 = CARTESIAN_POINT ( 'NONE',  ( -19.49999999999999645, -20.86940764386208258, 28.22368491557550030 ) ) ;
#1113 = COLOUR_RGB ( '',0.7529411764705882248, 0.7529411764705882248, 0.7529411764705882248 ) ;
#1114 = CARTESIAN_POINT ( 'NONE',  ( -11.01493768657040029, -14.71714881219270055, 40.42368491557549959 ) ) ;
#1115 = AXIS2_PLACEMENT_3D ( 'NONE', #3979, #2720, #3440 ) ;
#1116 = CARTESIAN_POINT ( 'NONE',  ( 42.26350140000285194, 51.05181989125193098, -23.70497160999012465 ) ) ;
#1117 = DIRECTION ( 'NONE',  ( 0.000000000000000000, 0.000000000000000000, 1.000000000000000000 ) ) ;
#1118 = CARTESIAN_POINT ( 'NONE',  ( 38.98783727595120041, 55.41512765755562242, -29.23470195679995243 ) ) ;
#1119 = PRESENTATION_STYLE_ASSIGNMENT (( #18 ) ) ;
#1120 = CARTESIAN_POINT ( 'NONE',  ( 18.66805517174620377, 30.82217349311873278, -7.632407640866984977 ) ) ;
#1121 = COLOUR_RGB ( '',0.7529411764705882248, 0.7529411764705882248, 0.7529411764705882248 ) ;
#1122 = AXIS2_PLACEMENT_3D ( 'NONE', #892, #3065, #5260 ) ;
#1123 = FACE_OUTER_BOUND ( 'NONE', #4583, .T. ) ;
#1124 = ORIENTED_EDGE ( 'NONE', *, *, #5530, .F. ) ;
#1125 = VERTEX_POINT ( 'NONE', #3496 ) ;
#1126 = VECTOR ( 'NONE', #3907, 1000.000000000000227 ) ;
#1127 = AXIS2_PLACEMENT_3D ( 'NONE', #2591, #1366, #4779 ) ;
#1128 = CARTESIAN_POINT ( 'NONE',  ( -37.21255107932672246, 48.91277947114548397, -23.53104039381334545 ) ) ;
#1129 = EDGE_CURVE ( 'NONE', #5991, #848, #3058, .T. ) ;
#1130 = PRESENTATION_STYLE_ASSIGNMENT (( #715 ) ) ;
#1131 = CARTESIAN_POINT ( 'NONE',  ( -40.89576596759794569, 50.84442773731397835, -24.15317233246552675 ) ) ;
#1132 = CARTESIAN_POINT ( 'NONE',  ( -37.06838981179664216, 49.79509827151075285, -24.48005005384592181 ) ) ;
#1133 = ORIENTED_EDGE ( 'NONE', *, *, #2872, .T. ) ;
#1134 = ORIENTED_EDGE ( 'NONE', *, *, #6026, .T. ) ;
#1135 = DIRECTION ( 'NONE',  ( -1.000000000000000000, 0.000000000000000000, 0.000000000000000000 ) ) ;
#1136 = CARTESIAN_POINT ( 'NONE',  ( -11.01493768657040029, -14.71714881219270055, 16.22368491557550030 ) ) ;
#1137 = ORIENTED_EDGE ( 'NONE', *, *, #4380, .F. ) ;
#1138 = AXIS2_PLACEMENT_3D ( 'NONE', #262, #854, #2435 ) ;
#1139 = VECTOR ( 'NONE', #6713, 1000.000000000000114 ) ;
#1140 = CARTESIAN_POINT ( 'NONE',  ( 27.87491633212554021, 38.58000212997843192, -5.747666964482248453 ) ) ;
#1141 = VECTOR ( 'NONE', #910, 1000.000000000000227 ) ;
#1142 = CARTESIAN_POINT ( 'NONE',  ( 20.03051954606057805, 38.83353632826429447, -20.69840941715238714 ) ) ;
#1143 = B_SPLINE_CURVE_WITH_KNOTS ( 'NONE', 1,
 ( #3959, #615 ),
 .UNSPECIFIED., .F., .F.,
 ( 2, 2 ),
 ( 0.000000000000000000, 1.000000000000000000 ),
 .UNSPECIFIED. ) ;
#1144 = DIRECTION ( 'NONE',  ( -1.832802226030400722E-19, 0.4999972845804243060, -0.8660269715269856006 ) ) ;
#1145 = ORIENTED_EDGE ( 'NONE', *, *, #1753, .T. ) ;
#1146 =( LENGTH_UNIT ( ) NAMED_UNIT ( * ) SI_UNIT ( .MILLI., .METRE. ) );
#1147 = AXIS2_PLACEMENT_3D ( 'NONE', #831, #2483, #541 ) ;
#1148 = CARTESIAN_POINT ( 'NONE',  ( -28.89411624944036561, 38.69326719282120308, -5.943847788367173202 ) ) ;
#1149 = CARTESIAN_POINT ( 'NONE',  ( -29.75432895402468247, 38.72388378303454459, -5.996877272851211416 ) ) ;
#1150 = ORIENTED_EDGE ( 'NONE', *, *, #682, .T. ) ;
#1151 = DIRECTION ( 'NONE',  ( 1.156482317314949587E-15, 0.8660269715269875990, 0.4999972845804208088 ) ) ;
#1152 = EDGE_CURVE ( 'NONE', #1031, #2398, #2717, .T. ) ;
#1153 = DIRECTION ( 'NONE',  ( 0.000000000000000000, 0.000000000000000000, 1.000000000000000000 ) ) ;
#1154 = CARTESIAN_POINT ( 'NONE',  ( 39.00719842154443029, 49.81697195643891263, -24.41790667126014114 ) ) ;
#1155 = CARTESIAN_POINT ( 'NONE',  ( 42.97027527545942149, 51.51086927846934316, -23.45502221329786252 ) ) ;
#1156 = FILL_AREA_STYLE ('',( #4490 ) ) ;
#1157 = CARTESIAN_POINT ( 'NONE',  ( 20.89046774492037173, 42.34169430106470600, -22.70429778004466215 ) ) ;
#1158 = ORIENTED_EDGE ( 'NONE', *, *, #125, .F. ) ;
#1159 = CARTESIAN_POINT ( 'NONE',  ( -18.76311052673548474, 37.51298519706324441, -20.94679139625787911 ) ) ;
#1160 = LINE ( 'NONE', #4735, #3503 ) ;
#1161 = FACE_OUTER_BOUND ( 'NONE', #2588, .T. ) ;
#1162 = CARTESIAN_POINT ( 'NONE',  ( 18.50000000000000711, -10.71714881219669380, 36.42368491557549959 ) ) ;
#1163 = VERTEX_POINT ( 'NONE', #1905 ) ;
#1164 = ORIENTED_EDGE ( 'NONE', *, *, #3348, .F. ) ;
#1165 = CARTESIAN_POINT ( 'NONE',  ( -35.89546684944551913, 65.30620581477255371, 10.50509468721633333 ) ) ;
#1166 = EDGE_LOOP ( 'NONE', ( #5650, #4820, #6660, #1786 ) ) ;
#1167 = ADVANCED_FACE ( 'NONE', ( #6408 ), #5368, .F. ) ;
#1168 = FACE_OUTER_BOUND ( 'NONE', #5518, .T. ) ;
#1169 = CARTESIAN_POINT ( 'NONE',  ( 29.75432895282332169, 38.72371844026312004, -5.996590890799166296 ) ) ;
#1170 = CARTESIAN_POINT ( 'NONE',  ( 46.86651428099032302, 60.36601513122526086, -19.48215275506670352 ) ) ;
#1171 = CARTESIAN_POINT ( 'NONE',  ( 19.53359881632335515, 35.97233437841020276, -19.40801306531602322 ) ) ;
#1172 = CARTESIAN_POINT ( 'NONE',  ( -20.47564260533606273, 34.12117402547431766, -7.208695717595647423 ) ) ;
#1173 = VERTEX_POINT ( 'NONE', #6305 ) ;
#1174 = ORIENTED_EDGE ( 'NONE', *, *, #2371, .F. ) ;
#1175 = EDGE_CURVE ( 'NONE', #934, #5256, #1, .T. ) ;
#1176 = PLANE ( 'NONE',  #4521 ) ;
#1177 = CARTESIAN_POINT ( 'NONE',  ( -29.59875819499401217, 38.72388120062203143, -5.996872799981978197 ) ) ;
#1178 = FILL_AREA_STYLE ('',( #6164 ) ) ;
#1179 = CARTESIAN_POINT ( 'NONE',  ( 32.88479490607029732, 51.62300882221403242, 2.605538557128205479 ) ) ;
#1180 = CARTESIAN_POINT ( 'NONE',  ( -36.31477043246970027, 40.50177955480658909, -3.815750177757907036 ) ) ;
#1181 = DIRECTION ( 'NONE',  ( 0.7071067811865524577, 0.7071067811865426878, -0.000000000000000000 ) ) ;
#1182 =( LENGTH_UNIT ( ) NAMED_UNIT ( * ) SI_UNIT ( .MILLI., .METRE. ) );
#1183 = CARTESIAN_POINT ( 'NONE',  ( 24.57905066087883128, 46.57096897624846576, -24.05233252189398030 ) ) ;
#1184 = B_SPLINE_CURVE_WITH_KNOTS ( 'NONE', 3,
 ( #2094, #3170, #2647, #4831, #4388, #1628, #3870, #7025, #3242, #2176, #4283, #4359, #1557, #6563, #3761, #1802, #2952, #6218, #764, #1298, #3494, #2318, #5669, #3389, #662, #4502, #4536, #1734, #1840, #5605 ),
 .UNSPECIFIED., .F., .F.,
 ( 4, 2, 2, 2, 2, 2, 2, 2, 1, 2, 2, 2, 1, 2, 2, 4 ),
 ( 0.000000000000000000, 0.2499999999999891198, 0.3749999999999843459, 0.4374999999999811262, 0.4999999999999779066, 0.5624999999999747979, 0.6249999999999715783, 0.6874999999999684697, 0.7187499999999648059, 0.7343749999999644729, 0.7499999999999641398, 0.8124999999999702460, 0.8437499999999719114, 0.8593749999999733546, 0.8749999999999747979, 1.000000000000000000 ),
 .UNSPECIFIED. ) ;
#1185 = CARTESIAN_POINT ( 'NONE',  ( 42.95212908022909204, 51.50444838121497781, -23.46248425262193393 ) ) ;
#1186 = CARTESIAN_POINT ( 'NONE',  ( 10.98506231342959971, -14.71714881219270055, 16.22368491557550030 ) ) ;
#1187 = CARTESIAN_POINT ( 'NONE',  ( -19.92123784421162114, 31.66641818190212732, -8.795820910419205774 ) ) ;
#1188 = ADVANCED_FACE ( 'NONE', ( #1484 ), #36, .T. ) ;
#1189 = ORIENTED_EDGE ( 'NONE', *, *, #1274, .F. ) ;
#1190 = CARTESIAN_POINT ( 'NONE',  ( -15.11493768657039993, -20.86940764386208258, 16.22368491557550030 ) ) ;
#1191 = B_SPLINE_CURVE_WITH_KNOTS ( 'NONE', 3,
 ( #4092, #5277, #6249, #6326, #1361, #5196, #2942, #5168, #797, #750, #867, #1321 ),
 .UNSPECIFIED., .F., .F.,
 ( 4, 2, 1, 1, 2, 2, 4 ),
 ( 0.000000000000000000, 0.2499999999999590883, 0.3749999999999388267, 0.4374999999999328315, 0.4687499999999319988, 0.4999999999999311662, 1.000000000000000000 ),
 .UNSPECIFIED. ) ;
#1192 = CARTESIAN_POINT ( 'NONE',  ( -18.49995731999380766, 35.36641795657216392, -20.16550481486818214 ) ) ;
#1193 = CARTESIAN_POINT ( 'NONE',  ( 19.49999999999999645, -3.768916034732836910E-15, 39.42368491557552801 ) ) ;
#1194 = FILL_AREA_STYLE_COLOUR ( '', #283 ) ;
#1195 = ORIENTED_EDGE ( 'NONE', *, *, #1043, .T. ) ;
#1196 = ORIENTED_EDGE ( 'NONE', *, *, #1030, .F. ) ;
#1197 = CARTESIAN_POINT ( 'NONE',  ( -15.11493768657039993, -10.71714881219669380, 36.42368491557549959 ) ) ;
#1198 = VERTEX_POINT ( 'NONE', #6872 ) ;
#1199 = EDGE_CURVE ( 'NONE', #5601, #5256, #152, .T. ) ;
#1200 = AXIS2_PLACEMENT_3D ( 'NONE', #4936, #4902, #2180 ) ;
#1201 = FACE_OUTER_BOUND ( 'NONE', #5470, .T. ) ;
#1202 = SURFACE_STYLE_USAGE ( .BOTH. , #169 ) ;
#1203 = CARTESIAN_POINT ( 'NONE',  ( 19.72819527690457164, 37.54252239251494672, -20.11614945861220249 ) ) ;
#1204 = CARTESIAN_POINT ( 'NONE',  ( 25.80337442321146924, 47.05647660273816513, -23.39843442248475114 ) ) ;
#1205 = ORIENTED_EDGE ( 'NONE', *, *, #3581, .F. ) ;
#1206 = VERTEX_POINT ( 'NONE', #6299 ) ;
#1207 = MECHANICAL_DESIGN_GEOMETRIC_PRESENTATION_REPRESENTATION (  '', ( #3384 ), #6948 ) ;
#1208 = CARTESIAN_POINT ( 'NONE',  ( -18.50000000000002842, 9.394940070466009985, 11.87944464072754691 ) ) ;
#1209 = AXIS2_PLACEMENT_3D ( 'NONE', #528, #3920, #1042 ) ;
#1210 = ADVANCED_FACE ( 'NONE', ( #2916 ), #5531, .F. ) ;
#1211 = CARTESIAN_POINT ( 'NONE',  ( -24.72894163003334356, 47.41420417470632742, -24.48004258856770932 ) ) ;
#1212 = CARTESIAN_POINT ( 'NONE',  ( -25.80336964908754638, 47.05648156753129996, -23.39844069094083778 ) ) ;
#1213 = FILL_AREA_STYLE ('',( #6778 ) ) ;
#1214 = AXIS2_PLACEMENT_3D ( 'NONE', #1474, #6294, #5241 ) ;
#1215 = CARTESIAN_POINT ( 'NONE',  ( 45.94765659071192232, 56.51269807968869685, -21.70685028267217476 ) ) ;
#1216 = CARTESIAN_POINT ( 'NONE',  ( 42.31603772570213806, 51.28500978867655391, -23.70835781898323802 ) ) ;
#1217 = AXIS2_PLACEMENT_3D ( 'NONE', #109, #73, #5959 ) ;
#1218 = CARTESIAN_POINT ( 'NONE',  ( 36.31768148111029149, 40.50157774913213160, -3.815400637549905216 ) ) ;
#1219 = VERTEX_POINT ( 'NONE', #3052 ) ;
#1220 =( GEOMETRIC_REPRESENTATION_CONTEXT ( 3 ) GLOBAL_UNCERTAINTY_ASSIGNED_CONTEXT ( ( #961 ) ) GLOBAL_UNIT_ASSIGNED_CONTEXT ( ( #4548, #219, #1878 ) ) REPRESENTATION_CONTEXT ( 'NONE', 'WORKASPACE' ) );
#1221 = CARTESIAN_POINT ( 'NONE',  ( 19.50000000000000000, 25.67237301456683696, -6.268679719456854649 ) ) ;
#1222 = EDGE_CURVE ( 'NONE', #6195, #3640, #2948, .T. ) ;
#1223 = SURFACE_STYLE_FILL_AREA ( #2275 ) ;
#1224 = CIRCLE ( 'NONE', #4892, 1.650000000000000355 ) ;
#1225 = DIRECTION ( 'NONE',  ( -1.000000000000000000, -4.320305823558448800E-19, -3.779777825263939606E-20 ) ) ;
#1226 = SURFACE_STYLE_FILL_AREA ( #6139 ) ;
#1227 = LINE ( 'NONE', #4496, #6046 ) ;
#1228 = SURFACE_STYLE_FILL_AREA ( #6142 ) ;
#1229 = CIRCLE ( 'NONE', #2829, 6.000000000000000000 ) ;
#1230 = ORIENTED_EDGE ( 'NONE', *, *, #3259, .T. ) ;
#1231 = VERTEX_POINT ( 'NONE', #4716 ) ;
#1232 = FACE_OUTER_BOUND ( 'NONE', #733, .T. ) ;
#1233 = VERTEX_POINT ( 'NONE', #2455 ) ;
#1234 = LINE ( 'NONE', #6664, #3260 ) ;
#1235 = PRESENTATION_LAYER_ASSIGNMENT (  '', '', ( #6634 ) ) ;
#1236 = CARTESIAN_POINT ( 'NONE',  ( -46.86651428102069161, 60.36601788426806792, -19.48215116560825066 ) ) ;
#1237 = EDGE_CURVE ( 'NONE', #6028, #2666, #4429, .T. ) ;
#1239 = VECTOR ( 'NONE', #2271, 1000.000000000000114 ) ;
#1238 = AXIS2_PLACEMENT_3D ( 'NONE', #6356, #1425, #3632 ) ;
#1240 = CARTESIAN_POINT ( 'NONE',  ( -47.89493413160970192, 59.86602059968763001, -18.61612419408125518 ) ) ;
#1241 = AXIS2_PLACEMENT_3D ( 'NONE', #7029, #2539, #1039 ) ;
#1242 = ORIENTED_EDGE ( 'NONE', *, *, #1465, .T. ) ;
#1243 = PRESENTATION_STYLE_ASSIGNMENT (( #4511 ) ) ;
#1244 = STYLED_ITEM ( 'NONE', ( #3772 ), #4503 ) ;
#1245 = MECHANICAL_DESIGN_GEOMETRIC_PRESENTATION_REPRESENTATION (  '', ( #3428 ), #1035 ) ;
#1246 = CARTESIAN_POINT ( 'NONE',  ( -41.12816812021721091, 50.21432798374800655, -23.47852973155360345 ) ) ;
#1247 = PRESENTATION_STYLE_ASSIGNMENT (( #3942 ) ) ;
#1248 = CARTESIAN_POINT ( 'NONE',  ( 18.55312468219229416, 36.09340596360310371, -20.43010681009596041 ) ) ;
#1249 = ORIENTED_EDGE ( 'NONE', *, *, #3651, .T. ) ;
#1250 =( LENGTH_UNIT ( ) NAMED_UNIT ( * ) SI_UNIT ( .MILLI., .METRE. ) );
#1251 = PRESENTATION_LAYER_ASSIGNMENT (  '', '', ( #237 ) ) ;
#1252 =( NAMED_UNIT ( * ) PLANE_ANGLE_UNIT ( ) SI_UNIT ( $, .RADIAN. ) );
#1253 = CARTESIAN_POINT ( 'NONE',  ( 43.04223509953904880, 51.53644764278303114, -23.42517350206902904 ) ) ;
#1254 = CARTESIAN_POINT ( 'NONE',  ( 38.41254225271535461, 54.96905168615801784, -29.09778972607501757 ) ) ;
#1255 = CARTESIAN_POINT ( 'NONE',  ( 18.50001253204511187, 29.41920103987505541, -7.484683458712729553 ) ) ;
#1256 = CARTESIAN_POINT ( 'NONE',  ( -20.00429926039968009, 31.89353028479218466, -8.791094269740543865 ) ) ;
#1257 = CARTESIAN_POINT ( 'NONE',  ( 19.49999999999999645, -7.431945887776403303, 13.52368491557551522 ) ) ;
#1258 = ORIENTED_EDGE ( 'NONE', *, *, #2254, .F. ) ;
#1259 = CARTESIAN_POINT ( 'NONE',  ( -19.58492775503310313, 40.16047939069352424, -21.91040047813191549 ) ) ;
#1260 = EDGE_CURVE ( 'NONE', #1864, #1826, #1400, .T. ) ;
#1261 = FACE_OUTER_BOUND ( 'NONE', #323, .T. ) ;
#1262 =( LENGTH_UNIT ( ) NAMED_UNIT ( * ) SI_UNIT ( .MILLI., .METRE. ) );
#1263 =( LENGTH_UNIT ( ) NAMED_UNIT ( * ) SI_UNIT ( .MILLI., .METRE. ) );
#1264 = PRESENTATION_STYLE_ASSIGNMENT (( #6184 ) ) ;
#1265 = CARTESIAN_POINT ( 'NONE',  ( 19.18506231342960078, -4.217148812196688468, 40.42368491557549959 ) ) ;
#1266 = ORIENTED_EDGE ( 'NONE', *, *, #5294, .F. ) ;
#1267 = DIRECTION ( 'NONE',  ( -1.000000000000000000, 0.000000000000000000, 0.000000000000000000 ) ) ;
#1268 = DIRECTION ( 'NONE',  ( -1.000000000000000000, -0.000000000000000000, -0.000000000000000000 ) ) ;
#1269 =( NAMED_UNIT ( * ) SI_UNIT ( $, .STERADIAN. ) SOLID_ANGLE_UNIT ( ) );
#1270 =( NAMED_UNIT ( * ) SI_UNIT ( $, .STERADIAN. ) SOLID_ANGLE_UNIT ( ) );
#1271 = FACE_OUTER_BOUND ( 'NONE', #3803, .T. ) ;
#1272 = FILL_AREA_STYLE_COLOUR ( '', #5575 ) ;
#1273 = FILL_AREA_STYLE ('',( #6193 ) ) ;
#1274 = EDGE_CURVE ( 'NONE', #6042, #1940, #3244, .T. ) ;
#1275 = CARTESIAN_POINT ( 'NONE',  ( 26.83061254188296729, 47.93431114489817446, -23.46462862420329643 ) ) ;
#1276 = VERTEX_POINT ( 'NONE', #839 ) ;
#1277 = EDGE_CURVE ( 'NONE', #5428, #1709, #5248, .T. ) ;
#1278 = CARTESIAN_POINT ( 'NONE',  ( 19.50000000000000000, 27.36276798480148997, 0.8386076724324551535 ) ) ;
#1279 = FACE_OUTER_BOUND ( 'NONE', #3824, .T. ) ;
#1280 = PLANE ( 'NONE',  #3307 ) ;
#1281 = CARTESIAN_POINT ( 'NONE',  ( 19.54553544190364534, 36.31245770686614804, -19.56140951428223573 ) ) ;
#1282 = ORIENTED_EDGE ( 'NONE', *, *, #325, .T. ) ;
#1283 = CARTESIAN_POINT ( 'NONE',  ( 41.37947390217577492, 74.93346789962083676, -11.07169087925612061 ) ) ;
#1284 = CARTESIAN_POINT ( 'NONE',  ( 19.01671249352930104, 63.45551892101769198, -17.12109059297851843 ) ) ;
#1285 = DIRECTION ( 'NONE',  ( -0.7071067811865446862, -0.3535514705016793990, 0.6123735442571830445 ) ) ;
#1286 = PLANE ( 'NONE',  #2141 ) ;
#1287 = CARTESIAN_POINT ( 'NONE',  ( 45.65918112090505332, 56.00332029377139520, -22.00093755496021686 ) ) ;
#1288 = EDGE_CURVE ( 'NONE', #1799, #6493, #6420, .T. ) ;
#1289 = LINE ( 'NONE', #6857, #218 ) ;
#1290 = ORIENTED_EDGE ( 'NONE', *, *, #1929, .T. ) ;
#1291 = CARTESIAN_POINT ( 'NONE',  ( 41.34371455221289438, 50.34143527496195958, -23.47340078463592050 ) ) ;
#1292 = B_SPLINE_CURVE_WITH_KNOTS ( 'NONE', 3,
 ( #594, #2775, #2244, #4759 ),
 .UNSPECIFIED., .F., .F.,
 ( 4, 4 ),
 ( 0.000000000000000000, 1.000000000000000000 ),
 .UNSPECIFIED. ) ;
#1293 =( NAMED_UNIT ( * ) PLANE_ANGLE_UNIT ( ) SI_UNIT ( $, .RADIAN. ) );
#1294 = CARTESIAN_POINT ( 'NONE',  ( 23.74962261556042620, 36.09878273455125708, -7.127237527179729248 ) ) ;
#1295 = ORIENTED_EDGE ( 'NONE', *, *, #3694, .T. ) ;
#1296 = PLANE ( 'NONE',  #1332 ) ;
#1297 = ORIENTED_EDGE ( 'NONE', *, *, #3748, .F. ) ;
#1298 = CARTESIAN_POINT ( 'NONE',  ( -20.59621567050999147, 33.03649769714985496, -8.676287769158033569 ) ) ;
#1299 = CARTESIAN_POINT ( 'NONE',  ( -24.67841778150757293, 46.03502303289173625, -23.59788625977401466 ) ) ;
#1300 =( NAMED_UNIT ( * ) PLANE_ANGLE_UNIT ( ) SI_UNIT ( $, .RADIAN. ) );
#1301 = CARTESIAN_POINT ( 'NONE',  ( 37.30594461731377720, 76.13142157089076534, -10.38005701289742788 ) ) ;
#1302 = CARTESIAN_POINT ( 'NONE',  ( 9.335062313429599357, -14.71714881219270055, 16.22368491557550030 ) ) ;
#1303 = ORIENTED_EDGE ( 'NONE', *, *, #1391, .T. ) ;
#1304 = ORIENTED_EDGE ( 'NONE', *, *, #2065, .F. ) ;
#1305 = UNCERTAINTY_MEASURE_WITH_UNIT (LENGTH_MEASURE( 1.000000000000000082E-05 ), #1250, 'distance_accuracy_value', 'NONE');
#1306 = CARTESIAN_POINT ( 'NONE',  ( -12.66493768657040064, -14.71714881219270055, 16.22368491557550030 ) ) ;
#1307 = EDGE_CURVE ( 'NONE', #4129, #1125, #6436, .T. ) ;
#1308 = CARTESIAN_POINT ( 'NONE',  ( -40.83627344562265904, 50.05928128788790588, -23.48479547431889003 ) ) ;
#1309 = MECHANICAL_DESIGN_GEOMETRIC_PRESENTATION_REPRESENTATION (  '', ( #6243 ), #5895 ) ;
#1310 = CARTESIAN_POINT ( 'NONE',  ( -19.50000000000000000, -1.256305344910945834E-15, 39.42368491557552090 ) ) ;
#1311 = SURFACE_STYLE_USAGE ( .BOTH. , #266 ) ;
#1312 = CARTESIAN_POINT ( 'NONE',  ( 25.44173886491335068, 46.69079592539136314, -23.39790730196220281 ) ) ;
#1313 = DIRECTION ( 'NONE',  ( 0.000000000000000000, 0.000000000000000000, -1.000000000000000000 ) ) ;
#1314 = FACE_OUTER_BOUND ( 'NONE', #4498, .T. ) ;
#1315 = EDGE_CURVE ( 'NONE', #423, #1868, #6756, .T. ) ;
#1316 = AXIS2_PLACEMENT_3D ( 'NONE', #6093, #2300, #734 ) ;
#1317 = FILL_AREA_STYLE ('',( #4120 ) ) ;
#1318 = CARTESIAN_POINT ( 'NONE',  ( 36.18619606144509504, 48.84872866501692101, -23.53362126788004716 ) ) ;
#1319 = STYLED_ITEM ( 'NONE', ( #4794 ), #1813 ) ;
#1320 = CARTESIAN_POINT ( 'NONE',  ( 39.40928696330612269, 50.47804436047828602, -24.48005263035212309 ) ) ;
#1321 = CARTESIAN_POINT ( 'NONE',  ( 20.35713861256745716, 32.64524377145587408, -8.732504481794943985 ) ) ;
#1322 = FILL_AREA_STYLE ('',( #5090 ) ) ;
#1323 = PRESENTATION_LAYER_ASSIGNMENT (  '', '', ( #5800 ) ) ;
#1324 = DIRECTION ( 'NONE',  ( -6.442591512363824568E-17, 1.000000000000000000, 0.000000000000000000 ) ) ;
#1325 = ORIENTED_EDGE ( 'NONE', *, *, #493, .F. ) ;
#1326 = ORIENTED_EDGE ( 'NONE', *, *, #2164, .F. ) ;
#1327 = DIRECTION ( 'NONE',  ( 0.4656356017104303358, 0.8144089974699488810, -0.3462967964907533447 ) ) ;
#1328 = CARTESIAN_POINT ( 'NONE',  ( -47.86651428102059924, 48.44396317662115337, 0.7695975502099094978 ) ) ;
#1329 = CARTESIAN_POINT ( 'NONE',  ( -37.48652626955620804, 54.48923427710526113, -28.96089498157258291 ) ) ;
#1330 = ORIENTED_EDGE ( 'NONE', *, *, #1260, .F. ) ;
#1331 = MECHANICAL_DESIGN_GEOMETRIC_PRESENTATION_REPRESENTATION (  '', ( #2023 ), #6959 ) ;
#1332 = AXIS2_PLACEMENT_3D ( 'NONE', #5665, #2347, #756 ) ;
#1333 = CARTESIAN_POINT ( 'NONE',  ( -47.89493413160971613, 67.52403579053738270, -14.19479670979657904 ) ) ;
#1334 = EDGE_CURVE ( 'NONE', #6910, #1987, #3117, .T. ) ;
#1335 = COLOUR_RGB ( '',0.7529411764705882248, 0.7529411764705882248, 0.7529411764705882248 ) ;
#1336 = VECTOR ( 'NONE', #2041, 1000.000000000000000 ) ;
#1337 = COLOUR_RGB ( '',0.7529411764705882248, 0.7529411764705882248, 0.7529411764705882248 ) ;
#1338 = CARTESIAN_POINT ( 'NONE',  ( 38.97747990574375621, 76.22652337382751853, -9.170448406516680251 ) ) ;
#1339 = EDGE_LOOP ( 'NONE', ( #1761, #5502, #4369, #5634, #160, #2764 ) ) ;
#1340 = CARTESIAN_POINT ( 'NONE',  ( 46.86651428099032302, 47.45499458470050769, -26.93627996665011537 ) ) ;
#1341 = SURFACE_STYLE_FILL_AREA ( #6121 ) ;
#1342 = CARTESIAN_POINT ( 'NONE',  ( -40.17090963154092975, 49.74761580770017133, -23.49736285805933278 ) ) ;
#1343 = VECTOR ( 'NONE', #2570, 1000.000000000000114 ) ;
#1344 = DIRECTION ( 'NONE',  ( 0.7525766946921949030, 0.5702796279557789116, 0.3292559256031532544 ) ) ;
#1345 = FILL_AREA_STYLE ('',( #5685 ) ) ;
#1346 = ORIENTED_EDGE ( 'NONE', *, *, #3581, .T. ) ;
#1347 = ORIENTED_EDGE ( 'NONE', *, *, #4432, .T. ) ;
#1348 = FACE_OUTER_BOUND ( 'NONE', #2240, .T. ) ;
#1349 = CARTESIAN_POINT ( 'NONE',  ( 19.76735243481431326, 31.15354939467919593, -8.784855812131336705 ) ) ;
#1350 = CARTESIAN_POINT ( 'NONE',  ( 24.67841778150753740, 46.03502303289170072, -23.59788625977400400 ) ) ;
#1351 = AXIS2_PLACEMENT_3D ( 'NONE', #2067, #6851, #2545 ) ;
#1352 = CARTESIAN_POINT ( 'NONE',  ( 19.18506231342960078, -21.82704313407679564, 16.02368491557549746 ) ) ;
#1353 = CARTESIAN_POINT ( 'NONE',  ( -22.49842161505969784, 62.33407271851740461, -14.88180706085177540 ) ) ;
#1354 = CARTESIAN_POINT ( 'NONE',  ( -20.89408350159957450, 33.44144572641694424, -8.598623611418219070 ) ) ;
#1355 =( GEOMETRIC_REPRESENTATION_CONTEXT ( 3 ) GLOBAL_UNCERTAINTY_ASSIGNED_CONTEXT ( ( #4692 ) ) GLOBAL_UNIT_ASSIGNED_CONTEXT ( ( #526, #5947, #1000 ) ) REPRESENTATION_CONTEXT ( 'NONE', 'WORKASPACE' ) );
#1356 = EDGE_CURVE ( 'NONE', #6375, #820, #3493, .T. ) ;
#1357 = CARTESIAN_POINT ( 'NONE',  ( 39.10838650476323153, 49.35002761384880898, -23.51341223791393986 ) ) ;
#1358 = MECHANICAL_DESIGN_GEOMETRIC_PRESENTATION_REPRESENTATION (  '', ( #794 ), #9 ) ;
#1359 = CARTESIAN_POINT ( 'NONE',  ( 39.78952457289185674, 50.85679877390538906, -24.48005338280105292 ) ) ;
#1360 = DIRECTION ( 'NONE',  ( -1.832802226030400481E-19, 0.4999972845804242505, -0.8660269715269854895 ) ) ;
#1361 = CARTESIAN_POINT ( 'NONE',  ( 21.06520092794893984, 33.64057758159067646, -8.552172547200811437 ) ) ;
#1362 = CARTESIAN_POINT ( 'NONE',  ( 19.50000317147379292, 29.12627738553495149, -8.464738850951773586 ) ) ;
#1363 = FACE_OUTER_BOUND ( 'NONE', #4501, .T. ) ;
#1364 = ORIENTED_EDGE ( 'NONE', *, *, #5215, .F. ) ;
#1365 = ORIENTED_EDGE ( 'NONE', *, *, #6803, .T. ) ;
#1366 = DIRECTION ( 'NONE',  ( 0.000000000000000000, 0.000000000000000000, 1.000000000000000000 ) ) ;
#1367 = FILL_AREA_STYLE ('',( #4099 ) ) ;
#1368 = CARTESIAN_POINT ( 'NONE',  ( -44.61166465698877204, 49.72704386689196809, -4.740018929729724384 ) ) ;
#1369 = DIRECTION ( 'NONE',  ( 1.832802226030400722E-19, -0.4999972845804243060, 0.8660269715269856006 ) ) ;
#1370 = DIRECTION ( 'NONE',  ( 1.000000000000000000, 0.000000000000000000, 0.000000000000000000 ) ) ;
#1371 = CARTESIAN_POINT ( 'NONE',  ( -21.54897235278889411, 42.03196272863158356, -22.14089146305068567 ) ) ;
#1372 = CARTESIAN_POINT ( 'NONE',  ( -22.49842161505969784, 63.58406592585468076, -17.04687448253646664 ) ) ;
#1373 = ORIENTED_EDGE ( 'NONE', *, *, #3661, .T. ) ;
#1374 = UNCERTAINTY_MEASURE_WITH_UNIT (LENGTH_MEASURE( 1.000000000000000082E-05 ), #4751, 'distance_accuracy_value', 'NONE');
#1375 = FACE_OUTER_BOUND ( 'NONE', #5063, .T. ) ;
#1376 =( LENGTH_UNIT ( ) NAMED_UNIT ( * ) SI_UNIT ( .MILLI., .METRE. ) );
#1377 = DIRECTION ( 'NONE',  ( 0.000000000000000000, 0.000000000000000000, 1.000000000000000000 ) ) ;
#1378 = CARTESIAN_POINT ( 'NONE',  ( -42.10671735757891554, 50.82219737253080893, -23.45400882413744981 ) ) ;
#1379 = DIRECTION ( 'NONE',  ( 0.000000000000000000, 0.000000000000000000, 1.000000000000000000 ) ) ;
#1380 = ORIENTED_EDGE ( 'NONE', *, *, #6610, .F. ) ;
#1381 = ADVANCED_FACE ( 'NONE', ( #5858 ), #7012, .T. ) ;
#1382 = ORIENTED_EDGE ( 'NONE', *, *, #6628, .T. ) ;
#1383 = DIRECTION ( 'NONE',  ( 1.000000000000000000, 0.000000000000000000, 0.000000000000000000 ) ) ;
#1384 = CARTESIAN_POINT ( 'NONE',  ( 39.73776925286220063, 50.54672111013469049, -24.42203001971678233 ) ) ;
#1385 = CARTESIAN_POINT ( 'NONE',  ( 46.27555227090153522, 57.25243166440426990, -21.27976799097566385 ) ) ;
#1386 = SURFACE_STYLE_USAGE ( .BOTH. , #4258 ) ;
#1387 = AXIS2_PLACEMENT_3D ( 'NONE', #2852, #3969, #251 ) ;
#1388 = CARTESIAN_POINT ( 'NONE',  ( 37.46363160524421687, 48.96798009427281073, -23.52882011707968957 ) ) ;
#1389 = CARTESIAN_POINT ( 'NONE',  ( 18.49999999999998579, 14.34001245177879724, -10.08878169223864241 ) ) ;
#1390 = CARTESIAN_POINT ( 'NONE',  ( 19.50000000000000000, 34.98238854211788151, -18.96155176644822404 ) ) ;
#1391 = EDGE_CURVE ( 'NONE', #5041, #3277, #75, .T. ) ;
#1392 = CARTESIAN_POINT ( 'NONE',  ( 28.74242047968528979, 49.73238847773261995, -24.48004985721976468 ) ) ;
#1393 = LINE ( 'NONE', #2555, #2494 ) ;
#1394 = SURFACE_STYLE_FILL_AREA ( #5853 ) ;
#1395 = CARTESIAN_POINT ( 'NONE',  ( -20.48722562994763763, 34.10884230127990691, -7.208409198931736483 ) ) ;
#1396 = ORIENTED_EDGE ( 'NONE', *, *, #2248, .T. ) ;
#1397 = EDGE_CURVE ( 'NONE', #2163, #6087, #4771, .T. ) ;
#1398 = ORIENTED_EDGE ( 'NONE', *, *, #2728, .T. ) ;
#1399 = DIRECTION ( 'NONE',  ( 1.816216710871860864E-16, 0.9396926207859068736, -0.3420201433256725432 ) ) ;
#1400 = LINE ( 'NONE', #2987, #6349 ) ;
#1401 = ORIENTED_EDGE ( 'NONE', *, *, #3545, .F. ) ;
#1402 = LINE ( 'NONE', #4609, #5782 ) ;
#1403 = CARTESIAN_POINT ( 'NONE',  ( -39.49659279412372115, 48.44659015166537586, -22.54614427942770405 ) ) ;
#1404 = MECHANICAL_DESIGN_GEOMETRIC_PRESENTATION_REPRESENTATION (  '', ( #497 ), #3014 ) ;
#1405 =( NAMED_UNIT ( * ) SI_UNIT ( $, .STERADIAN. ) SOLID_ANGLE_UNIT ( ) );
#1406 = ADVANCED_FACE ( 'NONE', ( #4624 ), #2866, .T. ) ;
#1407 = CARTESIAN_POINT ( 'NONE',  ( -46.89493413160973745, 66.66372053196751324, -15.84619717517689352 ) ) ;
#1408 = CARTESIAN_POINT ( 'NONE',  ( -20.69919083630968615, 40.60119916209332303, -21.49562073389121863 ) ) ;
#1409 = FILL_AREA_STYLE ('',( #5830 ) ) ;
#1410 = ORIENTED_EDGE ( 'NONE', *, *, #6247, .T. ) ;
#1411 = ORIENTED_EDGE ( 'NONE', *, *, #3172, .F. ) ;
#1412 = SURFACE_STYLE_FILL_AREA ( #5834 ) ;
#1413 =( NAMED_UNIT ( * ) PLANE_ANGLE_UNIT ( ) SI_UNIT ( $, .RADIAN. ) );
#1414 = SURFACE_STYLE_FILL_AREA ( #6344 ) ;
#1415 = CARTESIAN_POINT ( 'NONE',  ( -25.79355815878877323, 38.03899828338108335, -5.237570097070986641 ) ) ;
#1416 = ORIENTED_EDGE ( 'NONE', *, *, #6739, .T. ) ;
#1417 = VERTEX_POINT ( 'NONE', #226 ) ;
#1418 =( NAMED_UNIT ( * ) PLANE_ANGLE_UNIT ( ) SI_UNIT ( $, .RADIAN. ) );
#1419 = CARTESIAN_POINT ( 'NONE',  ( -24.52366530970631331, 47.04019779518506539, -24.41441319750024164 ) ) ;
#1420 = EDGE_CURVE ( 'NONE', #5332, #1053, #1744, .T. ) ;
#1421 = MECHANICAL_DESIGN_GEOMETRIC_PRESENTATION_REPRESENTATION (  '', ( #857 ), #1763 ) ;
#1422 = CARTESIAN_POINT ( 'NONE',  ( 19.50000000000000000, 14.34001245177879724, -10.08878169223864241 ) ) ;
#1423 = B_SPLINE_CURVE_WITH_KNOTS ( 'NONE', 3,
 ( #6567, #4837, #2101, #570 ),
 .UNSPECIFIED., .F., .F.,
 ( 4, 4 ),
 ( 0.000000000000000000, 1.000000000000000000 ),
 .UNSPECIFIED. ) ;
#1424 = CARTESIAN_POINT ( 'NONE',  ( -47.86651428099029459, 51.32276421234294617, -3.818662919227833186 ) ) ;
#1425 = DIRECTION ( 'NONE',  ( 0.000000000000000000, 0.000000000000000000, 1.000000000000000000 ) ) ;
#1426 = CARTESIAN_POINT ( 'NONE',  ( 25.91213103730959233, 48.51410438053768104, -24.48004603729777529 ) ) ;
#1427 = VECTOR ( 'NONE', #3349, 1000.000000000000000 ) ;
#1428 = LINE ( 'NONE', #342, #5143 ) ;
#1429 = DIRECTION ( 'NONE',  ( -0.7071067811865496822, 0.000000000000000000, -0.7071067811865453523 ) ) ;
#1430 = CARTESIAN_POINT ( 'NONE',  ( 25.80330130564415470, 37.43808083876823645, -6.738880908450088469 ) ) ;
#1431 = VERTEX_POINT ( 'NONE', #180 ) ;
#1432 = PRESENTATION_LAYER_ASSIGNMENT (  '', '', ( #431 ) ) ;
#1433 = ORIENTED_EDGE ( 'NONE', *, *, #4005, .F. ) ;
#1434 = DIRECTION ( 'NONE',  ( 4.141217998419101137E-17, -0.6427876096865349220, 0.7660444431189815662 ) ) ;
#1435 = DIRECTION ( 'NONE',  ( 1.000000000000000000, -1.932777453709147494E-16, 0.000000000000000000 ) ) ;
#1436 = CARTESIAN_POINT ( 'NONE',  ( -37.16808143445631174, 54.37386216824210550, -28.92530700440806513 ) ) ;
#1437 = EDGE_CURVE ( 'NONE', #4862, #1019, #5160, .T. ) ;
#1438 = MECHANICAL_DESIGN_GEOMETRIC_PRESENTATION_REPRESENTATION (  '', ( #2251 ), #1668 ) ;
#1439 = CARTESIAN_POINT ( 'NONE',  ( -18.50000000000002842, -20.86940764386208258, 40.42368491557549959 ) ) ;
#1440 = DIRECTION ( 'NONE',  ( -1.000000000000000000, -0.000000000000000000, -0.000000000000000000 ) ) ;
#1441 = SURFACE_SIDE_STYLE ('',( #2599 ) ) ;
#1442 = MECHANICAL_DESIGN_GEOMETRIC_PRESENTATION_REPRESENTATION (  '', ( #4545 ), #4310 ) ;
#1443 = CARTESIAN_POINT ( 'NONE',  ( -46.33315438032811784, 69.73315523120486148, -14.07407105754615451 ) ) ;
#1444 = CARTESIAN_POINT ( 'NONE',  ( -20.05909520214721198, 38.93096212955455115, -20.74234736924929123 ) ) ;
#1445 = VERTEX_POINT ( 'NONE', #5545 ) ;
#1446 = ORIENTED_EDGE ( 'NONE', *, *, #5515, .F. ) ;
#1447 = UNCERTAINTY_MEASURE_WITH_UNIT (LENGTH_MEASURE( 1.000000000000000082E-05 ), #6211, 'distance_accuracy_value', 'NONE');
#1448 = UNCERTAINTY_MEASURE_WITH_UNIT (LENGTH_MEASURE( 1.000000000000000082E-05 ), #7058, 'distance_accuracy_value', 'NONE');
#1449 = FACE_OUTER_BOUND ( 'NONE', #2772, .T. ) ;
#1450 = CIRCLE ( 'NONE', #3289, 29.64999999999999503 ) ;
#1451 = EDGE_CURVE ( 'NONE', #6189, #1019, #5118, .T. ) ;
#1452 = STYLED_ITEM ( 'NONE', ( #691 ), #6656 ) ;
#1453 = AXIS2_PLACEMENT_3D ( 'NONE', #2187, #4909, #6095 ) ;
#1454 = DIRECTION ( 'NONE',  ( 0.000000000000000000, 1.000000000000000000, 0.000000000000000000 ) ) ;
#1455 = EDGE_LOOP ( 'NONE', ( #3128, #3938 ) ) ;
#1456 = STYLED_ITEM ( 'NONE', ( #5339 ), #2600 ) ;
#1457 = CARTESIAN_POINT ( 'NONE',  ( 18.50000000000002487, -4.217148812191790164, 30.28552187494406667 ) ) ;
#1458 = CARTESIAN_POINT ( 'NONE',  ( 19.16443850386353631, 32.33064347693096607, -7.579507364402513048 ) ) ;
#1459 = AXIS2_PLACEMENT_3D ( 'NONE', #6188, #721, #6298 ) ;
#1460 = VECTOR ( 'NONE', #2796, 1000.000000000000000 ) ;
#1461 = AXIS2_PLACEMENT_3D ( 'NONE', #7076, #1153, #6127 ) ;
#1462 = CARTESIAN_POINT ( 'NONE',  ( 22.28016640517946456, 35.47342866034937714, -6.680014892023763196 ) ) ;
#1463 = SURFACE_SIDE_STYLE ('',( #6927 ) ) ;
#1464 = CIRCLE ( 'NONE', #785, 1.649999999999998579 ) ;
#1465 = EDGE_CURVE ( 'NONE', #848, #6697, #259, .T. ) ;
#1466 = LINE ( 'NONE', #3667, #4071 ) ;
#1467 =( NAMED_UNIT ( * ) PLANE_ANGLE_UNIT ( ) SI_UNIT ( $, .RADIAN. ) );
#1468 = CARTESIAN_POINT ( 'NONE',  ( 16.90575969857804495, -20.86940764386208258, 16.02368491557549746 ) ) ;
#1469 = DIRECTION ( 'NONE',  ( 1.000000000000000000, 0.000000000000000000, 0.000000000000000000 ) ) ;
#1470 = VECTOR ( 'NONE', #2313, 1000.000000000000000 ) ;
#1471 = CARTESIAN_POINT ( 'NONE',  ( 47.55676180643499151, 55.58895472624704581, -23.26165963974815654 ) ) ;
#1472 = CARTESIAN_POINT ( 'NONE',  ( 20.48776470298725272, 34.10917728230182178, -7.208105933059743009 ) ) ;
#1473 = B_SPLINE_CURVE_WITH_KNOTS ( 'NONE', 3,
 ( #796, #273, #4671, #2446, #339, #3591, #5767, #6864, #6357, #865 ),
 .UNSPECIFIED., .F., .F.,
 ( 4, 2, 2, 2, 4 ),
 ( 0.000000000000000000, 0.2500000000000000000, 0.5000000000000000000, 0.7500000000000000000, 1.000000000000000000 ),
 .UNSPECIFIED. ) ;
#1474 = CARTESIAN_POINT ( 'NONE',  ( 22.41671248530030169, 62.20552571367776551, -14.95602317128418157 ) ) ;
#1475 = CARTESIAN_POINT ( 'NONE',  ( 40.33791860925597916, 38.77193374442695273, -4.813980052904610396 ) ) ;
#1476 = EDGE_LOOP ( 'NONE', ( #5900, #5092, #4306, #4604 ) ) ;
#1477 = ORIENTED_EDGE ( 'NONE', *, *, #1735, .F. ) ;
#1478 = CARTESIAN_POINT ( 'NONE',  ( -47.85167390815868060, 50.80602332287249823, -4.117035550689698731 ) ) ;
#1479 = CARTESIAN_POINT ( 'NONE',  ( -26.37233194210323006, 47.60332482655172726, -23.43966320023744032 ) ) ;
#1480 = EDGE_CURVE ( 'NONE', #2817, #3356, #1556, .T. ) ;
#1481 = ORIENTED_EDGE ( 'NONE', *, *, #4238, .T. ) ;
#1482 = PRESENTATION_LAYER_ASSIGNMENT (  '', '', ( #794 ) ) ;
#1483 = PRESENTATION_STYLE_ASSIGNMENT (( #2988 ) ) ;
#1484 = FACE_OUTER_BOUND ( 'NONE', #2079, .T. ) ;
#1485 = CIRCLE ( 'NONE', #2410, 12.81044449107000638 ) ;
#1486 = CARTESIAN_POINT ( 'NONE',  ( -39.76191761860175689, 76.02515159603154871, -9.286709683955386652 ) ) ;
#1487 = CARTESIAN_POINT ( 'NONE',  ( -40.50007565895970174, 63.24896319754086704, 3.066881416014580974 ) ) ;
#1488 = CARTESIAN_POINT ( 'NONE',  ( -19.59648757865695146, 36.66376151338668876, -19.71982774847763764 ) ) ;
#1489 = CARTESIAN_POINT ( 'NONE',  ( -18.50000000000002487, 27.78003411819415902, -7.035805625097864890 ) ) ;
#1490 = ORIENTED_EDGE ( 'NONE', *, *, #2548, .T. ) ;
#1491 = ORIENTED_EDGE ( 'NONE', *, *, #260, .T. ) ;
#1492 = SURFACE_STYLE_USAGE ( .BOTH. , #4762 ) ;
#1493 =( NAMED_UNIT ( * ) PLANE_ANGLE_UNIT ( ) SI_UNIT ( $, .RADIAN. ) );
#1494 = ORIENTED_EDGE ( 'NONE', *, *, #672, .T. ) ;
#1495 = EDGE_LOOP ( 'NONE', ( #2642, #3759, #163, #5093, #7048, #5960, #7013, #164 ) ) ;
#1496 = FACE_OUTER_BOUND ( 'NONE', #6330, .T. ) ;
#1497 = CARTESIAN_POINT ( 'NONE',  ( 21.71240337175632007, 35.05870646072079921, -6.864985961320263286 ) ) ;
#1498 = PLANE ( 'NONE',  #5262 ) ;
#1499 = CARTESIAN_POINT ( 'NONE',  ( -28.46838737844866429, 38.61364675037069816, -6.060512126549938650 ) ) ;
#1500 = CARTESIAN_POINT ( 'NONE',  ( -24.57913160481321668, 46.57059574773683153, -24.05201017178811540 ) ) ;
#1501 = DIRECTION ( 'NONE',  ( 3.930483486793907198E-19, -0.8660254038420667211, -0.4999999999001852879 ) ) ;
#1502 = CARTESIAN_POINT ( 'NONE',  ( 25.81852186666125348, 47.09679104457706700, -23.40146409791707427 ) ) ;
#1503 = ADVANCED_FACE ( 'NONE', ( #706 ), #1852, .F. ) ;
#1504 = CARTESIAN_POINT ( 'NONE',  ( 40.60583607019068353, 51.02425675128750271, -24.48005390786446611 ) ) ;
#1505 = CARTESIAN_POINT ( 'NONE',  ( 19.44039809509560612, 32.82340718218585351, -7.506283553915355178 ) ) ;
#1506 = VERTEX_POINT ( 'NONE', #1457 ) ;
#1507 = ORIENTED_EDGE ( 'NONE', *, *, #7003, .F. ) ;
#1508 = DIRECTION ( 'NONE',  ( 0.000000000000000000, 0.000000000000000000, -1.000000000000000000 ) ) ;
#1509 = SURFACE_STYLE_FILL_AREA ( #5282 ) ;
#1510 = ORIENTED_EDGE ( 'NONE', *, *, #7033, .F. ) ;
#1511 = COLOUR_RGB ( '',0.9254901960784314152, 0.9254901960784314152, 0.9254901960784314152 ) ;
#1512 = CARTESIAN_POINT ( 'NONE',  ( 25.31671248530030027, 63.70551756741828342, -17.55410408586601889 ) ) ;
#1513 = CARTESIAN_POINT ( 'NONE',  ( -37.08996826091825483, 49.85472186398684613, -24.48005024079531111 ) ) ;
#1514 = CARTESIAN_POINT ( 'NONE',  ( 12.63506231342960007, -14.71714881219270055, 36.42368491557549959 ) ) ;
#1515 = CARTESIAN_POINT ( 'NONE',  ( -47.89493413160970903, 66.16372324481616829, -14.98017020513421826 ) ) ;
#1516 = ORIENTED_EDGE ( 'NONE', *, *, #4489, .F. ) ;
#1517 = PRESENTATION_STYLE_ASSIGNMENT (( #6480 ) ) ;
#1518 = CARTESIAN_POINT ( 'NONE',  ( -20.33722560618699049, 39.75516411229945390, -21.11404669559316361 ) ) ;
#1519 = LINE ( 'NONE', #6413, #5452 ) ;
#1520 = UNCERTAINTY_MEASURE_WITH_UNIT (LENGTH_MEASURE( 1.000000000000000082E-05 ), #5581, 'distance_accuracy_value', 'NONE');
#1521 = UNCERTAINTY_MEASURE_WITH_UNIT (LENGTH_MEASURE( 1.000000000000000082E-05 ), #1262, 'distance_accuracy_value', 'NONE');
#1522 = CARTESIAN_POINT ( 'NONE',  ( -15.11493768657039993, -20.86940764386208258, 15.02368491557552410 ) ) ;
#1523 = DIRECTION ( 'NONE',  ( 1.832802226030410352E-19, -0.4999972845804265265, 0.8660269715269843793 ) ) ;
#1524 =( LENGTH_UNIT ( ) NAMED_UNIT ( * ) SI_UNIT ( .MILLI., .METRE. ) );
#1525 = EDGE_LOOP ( 'NONE', ( #5392, #5, #2373, #264 ) ) ;
#1526 = CARTESIAN_POINT ( 'NONE',  ( 19.50000000000000000, -5.221469680670479008, 13.22368491557550030 ) ) ;
#1527 = AXIS2_PLACEMENT_3D ( 'NONE', #5288, #455, #4212 ) ;
#1528 = B_SPLINE_CURVE_WITH_KNOTS ( 'NONE', 3,
 ( #1204, #2857, #6223, #2323, #809, #101, #135, #6194, #1275, #2289, #2395, #5039, #4476, #667, #4507, #4581, #6667, #6769, #5675, #3972, #6157, #769, #3435 ),
 .UNSPECIFIED., .F., .F.,
 ( 4, 2, 1, 2, 2, 2, 2, 2, 2, 2, 2, 4 ),
 ( 0.000000000000000000, 0.1249999999999902855, 0.1874999999999878153, 0.2187499999999860389, 0.2499999999999842903, 0.3749999999999801825, 0.4374999999999802935, 0.4999999999999804601, 0.6249999999999827915, 0.6874999999999852340, 0.7499999999999874545, 1.000000000000000000 ),
 .UNSPECIFIED. ) ;
#1529 = CARTESIAN_POINT ( 'NONE',  ( 19.49999146346641865, 32.91937497661947987, -7.489859645500976271 ) ) ;
#1530 = ADVANCED_FACE ( 'NONE', ( #1348 ), #3626, .T. ) ;
#1531 = PLANE ( 'NONE',  #1115 ) ;
#1532 = DIRECTION ( 'NONE',  ( 1.000000000000000000, 0.000000000000000000, 0.000000000000000000 ) ) ;
#1533 = ORIENTED_EDGE ( 'NONE', *, *, #3498, .T. ) ;
#1534 = CARTESIAN_POINT ( 'NONE',  ( -27.82526498513534108, 38.86762379884080332, -4.759175969422854813 ) ) ;
#1535 = EDGE_CURVE ( 'NONE', #2846, #3858, #360, .T. ) ;
#1536 = LINE ( 'NONE', #2727, #1806 ) ;
#1537 = DIRECTION ( 'NONE',  ( 1.832802226030399518E-19, -0.4999972845804243060, 0.8660269715269854895 ) ) ;
#1538 = CARTESIAN_POINT ( 'NONE',  ( -24.67841778150757293, 46.03502303289173625, -23.59788625977401466 ) ) ;
#1539 =( NAMED_UNIT ( * ) PLANE_ANGLE_UNIT ( ) SI_UNIT ( $, .RADIAN. ) );
#1540 = AXIS2_PLACEMENT_3D ( 'NONE', #6978, #5993, #407 ) ;
#1541 = VERTEX_POINT ( 'NONE', #6808 ) ;
#1542 = DIRECTION ( 'NONE',  ( 0.000000000000000000, 0.000000000000000000, 1.000000000000000000 ) ) ;
#1543 = LINE ( 'NONE', #3229, #4091 ) ;
#1544 = DIRECTION ( 'NONE',  ( 0.000000000000000000, 0.000000000000000000, 1.000000000000000000 ) ) ;
#1545 = CARTESIAN_POINT ( 'NONE',  ( -28.85968596329075808, 48.76855992715800880, -23.52756893659990922 ) ) ;
#1546 = B_SPLINE_SURFACE_WITH_KNOTS ( 'NONE', 1, 3, ( 
 ( #4937, #2823, #2718, #1603 ),
 ( #4189, #6055, #6389, #5008 ) ),
 .UNSPECIFIED., .F., .F., .F.,
 ( 2, 2 ),
 ( 4, 4 ),
 ( 0.000000000000000000, 1.000000000000000000 ),
 ( 1.570788329134398253, 1.764528980064437036 ),
 .UNSPECIFIED. ) ;
#1547 = EDGE_CURVE ( 'NONE', #5544, #2945, #2509, .T. ) ;
#1548 = CARTESIAN_POINT ( 'NONE',  ( 19.49999999999999289, -20.86940764386208258, 13.52368491557551167 ) ) ;
#1549 = CIRCLE ( 'NONE', #4297, 10.00000000000000355 ) ;
#1550 = CARTESIAN_POINT ( 'NONE',  ( -42.66553301379769181, 52.54151261262423134, -24.48005866521051033 ) ) ;
#1551 = PLANE ( 'NONE',  #2286 ) ;
#1552 = CARTESIAN_POINT ( 'NONE',  ( -41.24987108295647431, 50.94698904256995320, -24.05492911389871225 ) ) ;
#1553 = CARTESIAN_POINT ( 'NONE',  ( -46.68099549967550388, 70.76897541235784672, -12.32134427524341902 ) ) ;
#1554 = CARTESIAN_POINT ( 'NONE',  ( -24.59123895529017645, 47.22051139659073726, -24.48004198124524677 ) ) ;
#1555 = UNCERTAINTY_MEASURE_WITH_UNIT (LENGTH_MEASURE( 1.000000000000000082E-05 ), #537, 'distance_accuracy_value', 'NONE');
#1556 = CIRCLE ( 'NONE', #2595, 3.150000000000041656 ) ;
#1557 = CARTESIAN_POINT ( 'NONE',  ( -20.19525708511014273, 32.33521112375272821, -8.765039158477199166 ) ) ;
#1558 = SURFACE_SIDE_STYLE ('',( #6485 ) ) ;
#1559 = PRESENTATION_LAYER_ASSIGNMENT (  '', '', ( #5109 ) ) ;
#1560 = CARTESIAN_POINT ( 'NONE',  ( 19.50682564874317393, 35.42953714509278029, -19.16321321766488239 ) ) ;
#1561 = STYLED_ITEM ( 'NONE', ( #4848 ), #6084 ) ;
#1562 = PRESENTATION_STYLE_ASSIGNMENT (( #2178 ) ) ;
#1563 = EDGE_LOOP ( 'NONE', ( #3502, #405, #3000, #2229, #3961, #2749, #3639, #2206, #2950, #4394, #3087, #2231 ) ) ;
#1564 =( LENGTH_UNIT ( ) NAMED_UNIT ( * ) SI_UNIT ( .MILLI., .METRE. ) );
#1565 = VECTOR ( 'NONE', #2876, 1000.000000000000227 ) ;
#1566 = SURFACE_STYLE_FILL_AREA ( #6490 ) ;
#1567 = PRESENTATION_LAYER_ASSIGNMENT (  '', '', ( #5805 ) ) ;
#1568 = CIRCLE ( 'NONE', #3984, 3.150000000000013678 ) ;
#1569 = AXIS2_PLACEMENT_3D ( 'NONE', #6717, #4094, #3635 ) ;
#1570 = LINE ( 'NONE', #2069, #571 ) ;
#1571 = EDGE_LOOP ( 'NONE', ( #3856, #3247, #1041, #5181, #5677, #7045 ) ) ;
#1572 =( NAMED_UNIT ( * ) PLANE_ANGLE_UNIT ( ) SI_UNIT ( $, .RADIAN. ) );
#1573 = FILL_AREA_STYLE_COLOUR ( '', #438 ) ;
#1574 = CARTESIAN_POINT ( 'NONE',  ( -46.89493413160973034, 60.36601788426806792, -19.48215116560825066 ) ) ;
#1575 = CARTESIAN_POINT ( 'NONE',  ( 45.45176617989294954, 53.69521921680438226, -23.33807181587327051 ) ) ;
#1576 = CARTESIAN_POINT ( 'NONE',  ( -0.01493768657037499933, -45.21714881219698867, 28.22368491557550030 ) ) ;
#1577 = ADVANCED_FACE ( 'NONE', ( #6848 ), #6955, .T. ) ;
#1578 = AXIS2_PLACEMENT_3D ( 'NONE', #531, #2722, #574 ) ;
#1579 =( NAMED_UNIT ( * ) PLANE_ANGLE_UNIT ( ) SI_UNIT ( $, .RADIAN. ) );
#1580 = STYLED_ITEM ( 'NONE', ( #6212 ), #3026 ) ;
#1581 = ORIENTED_EDGE ( 'NONE', *, *, #4139, .T. ) ;
#1582 = ORIENTED_EDGE ( 'NONE', *, *, #3271, .T. ) ;
#1583 = CARTESIAN_POINT ( 'NONE',  ( -22.17483576221041730, 35.39722273700782296, -6.715567757168867224 ) ) ;
#1584 = PLANE ( 'NONE',  #4792 ) ;
#1585 = VERTEX_POINT ( 'NONE', #2471 ) ;
#1586 = VERTEX_POINT ( 'NONE', #2029 ) ;
#1587 = CARTESIAN_POINT ( 'NONE',  ( 20.51668930319953787, 41.86365490544206835, -22.53030566923141720 ) ) ;
#1588 = MECHANICAL_DESIGN_GEOMETRIC_PRESENTATION_REPRESENTATION (  '', ( #2040 ), #2848 ) ;
#1589 = AXIS2_PLACEMENT_3D ( 'NONE', #4495, #2769, #3958 ) ;
#1590 = CARTESIAN_POINT ( 'NONE',  ( -39.62674332379783237, 51.61060560655980822, -25.46724496597433074 ) ) ;
#1591 = CARTESIAN_POINT ( 'NONE',  ( 47.00973488644619636, 55.92648264941003333, -20.89060645543816719 ) ) ;
#1592 = CARTESIAN_POINT ( 'NONE',  ( -40.21830377466829276, 50.66411120706573001, -24.31852159706992467 ) ) ;
#1593 = FACE_OUTER_BOUND ( 'NONE', #783, .T. ) ;
#1594 =( NAMED_UNIT ( * ) SI_UNIT ( $, .STERADIAN. ) SOLID_ANGLE_UNIT ( ) );
#1595 = CONICAL_SURFACE ( 'NONE', #5381, 1.650000000000000355, 0.7853981633974513876 ) ;
#1596 = CARTESIAN_POINT ( 'NONE',  ( 28.28266992577209393, 38.63635899676151553, -5.845279911313225440 ) ) ;
#1597 = EDGE_CURVE ( 'NONE', #2695, #5431, #6423, .T. ) ;
#1598 = CARTESIAN_POINT ( 'NONE',  ( 20.74857226982868141, 40.70496759868231607, -21.54242037833523682 ) ) ;
#1599 = VECTOR ( 'NONE', #4679, 1000.000000000000114 ) ;
#1600 = CYLINDRICAL_SURFACE ( 'NONE', #5231, 2.899999999999999911 ) ;
#1601 = ORIENTED_EDGE ( 'NONE', *, *, #4366, .T. ) ;
#1602 = SURFACE_STYLE_USAGE ( .BOTH. , #2655 ) ;
#1603 = CARTESIAN_POINT ( 'NONE',  ( -20.89047230014973522, 34.43933989612363433, -7.099768425661247662 ) ) ;
#1604 = PRESENTATION_STYLE_ASSIGNMENT (( #1003 ) ) ;
#1605 = EDGE_CURVE ( 'NONE', #3086, #1276, #6828, .T. ) ;
#1606 = PRESENTATION_STYLE_ASSIGNMENT (( #4185 ) ) ;
#1607 = ORIENTED_EDGE ( 'NONE', *, *, #6678, .F. ) ;
#1608 = FILL_AREA_STYLE_COLOUR ( '', #4988 ) ;
#1609 = PLANE ( 'NONE',  #1018 ) ;
#1610 = CARTESIAN_POINT ( 'NONE',  ( -18.50000000000001776, 14.34001245177879902, -10.08878169223864241 ) ) ;
#1611 = SURFACE_SIDE_STYLE ('',( #1077 ) ) ;
#1612 = CARTESIAN_POINT ( 'NONE',  ( 41.67672306301133744, 51.70746792822002647, -24.48005605006874674 ) ) ;
#1613 = CARTESIAN_POINT ( 'NONE',  ( 18.71004820280289493, 31.00723064452417077, -7.637120725537634769 ) ) ;
#1614 = CARTESIAN_POINT ( 'NONE',  ( -21.54897235278889411, 34.11149698531527008, -8.422143037199777638 ) ) ;
#1615 = B_SPLINE_SURFACE_WITH_KNOTS ( 'NONE', 1, 3, ( 
 ( #6561, #2605, #2674, #2092 ),
 ( #1489, #3718, #4245, #3685 ) ),
 .UNSPECIFIED., .F., .F., .F.,
 ( 2, 2 ),
 ( 4, 4 ),
 ( 0.000000000000000000, 1.000000000000000000 ),
 ( 4.712388980381652104, 4.848901233555967138 ),
 .UNSPECIFIED. ) ;
#1616 = CARTESIAN_POINT ( 'NONE',  ( 19.49999999999999645, -7.217148812191790164, 37.42368491557549959 ) ) ;
#1617 = ADVANCED_FACE ( 'NONE', ( #1496 ), #4079, .F. ) ;
#1618 = CARTESIAN_POINT ( 'NONE',  ( -35.86651428099028038, 49.79515716903466682, -24.48005005403059187 ) ) ;
#1619 = CARTESIAN_POINT ( 'NONE',  ( 19.50000000000000355, 27.43776176121572874, -7.975406447621464778 ) ) ;
#1620 = CARTESIAN_POINT ( 'NONE',  ( -39.96961566873148541, 50.60326004667694377, -24.37234898692257801 ) ) ;
#1621 = DIRECTION ( 'NONE',  ( 0.000000000000000000, 0.000000000000000000, -1.000000000000000000 ) ) ;
#1622 = ORIENTED_EDGE ( 'NONE', *, *, #1099, .F. ) ;
#1623 = VERTEX_POINT ( 'NONE', #2654 ) ;
#1624 = CARTESIAN_POINT ( 'NONE',  ( 27.82525500176756594, 38.86746946564522887, -4.758907987085760460 ) ) ;
#1625 = CARTESIAN_POINT ( 'NONE',  ( 19.49999999999999645, -7.431945887776403303, 13.52368491557551167 ) ) ;
#1626 = UNCERTAINTY_MEASURE_WITH_UNIT (LENGTH_MEASURE( 1.000000000000000082E-05 ), #174, 'distance_accuracy_value', 'NONE');
#1627 = APPLICATION_CONTEXT ( 'automotive_design' ) ;
#1628 = CARTESIAN_POINT ( 'NONE',  ( -19.77815442462609496, 31.19686322970611769, -8.787393474741655552 ) ) ;
#1629 = EDGE_CURVE ( 'NONE', #1031, #1541, #2099, .T. ) ;
#1630 = CARTESIAN_POINT ( 'NONE',  ( -18.82517339692522285, 31.43670912046356136, -7.636832580317594044 ) ) ;
#1631 = CARTESIAN_POINT ( 'NONE',  ( 21.54897235278889411, 42.03196272863101512, -22.14089146304971933 ) ) ;
#1632 = ORIENTED_EDGE ( 'NONE', *, *, #78, .T. ) ;
#1633 = FACE_OUTER_BOUND ( 'NONE', #1166, .T. ) ;
#1634 = EDGE_CURVE ( 'NONE', #1506, #6910, #7066, .T. ) ;
#1635 = CARTESIAN_POINT ( 'NONE',  ( -47.85167390815868060, 50.80602332287249823, -4.117035550689698731 ) ) ;
#1636 = ORIENTED_EDGE ( 'NONE', *, *, #4389, .T. ) ;
#1637 = FACE_OUTER_BOUND ( 'NONE', #4309, .T. ) ;
#1638 = ADVANCED_FACE ( 'NONE', ( #3654 ), #6834, .T. ) ;
#1639 = CARTESIAN_POINT ( 'NONE',  ( 24.62677850729226492, 46.33980231371567271, -23.85388258786160876 ) ) ;
#1640 = CARTESIAN_POINT ( 'NONE',  ( 19.49999999999999645, -7.217148812191790164, 37.42368491557549959 ) ) ;
#1641 = CARTESIAN_POINT ( 'NONE',  ( 43.70591912117557598, 54.91057916196519528, -25.62205656018061006 ) ) ;
#1642 = CYLINDRICAL_SURFACE ( 'NONE', #6057, 10.00000000000000000 ) ;
#1643 = CARTESIAN_POINT ( 'NONE',  ( 18.99179496478849671, 31.91501035062579916, -7.613875897890088673 ) ) ;
#1644 = ORIENTED_EDGE ( 'NONE', *, *, #2190, .F. ) ;
#1645 = EDGE_LOOP ( 'NONE', ( #149, #3577, #464, #4714 ) ) ;
#1646 = ORIENTED_EDGE ( 'NONE', *, *, #5985, .T. ) ;
#1647 = MECHANICAL_DESIGN_GEOMETRIC_PRESENTATION_REPRESENTATION (  '', ( #395 ), #1994 ) ;
#1648 = CARTESIAN_POINT ( 'NONE',  ( -15.11493768657039993, -20.86940764386208258, 40.42368491557549959 ) ) ;
#1649 = CARTESIAN_POINT ( 'NONE',  ( -41.55391373433443647, 52.87430287807615059, -25.52652949109268476 ) ) ;
#1650 = VECTOR ( 'NONE', #5928, 1000.000000000000000 ) ;
#1651 = PRESENTATION_LAYER_ASSIGNMENT (  '', '', ( #6009 ) ) ;
#1652 = CARTESIAN_POINT ( 'NONE',  ( -24.49196696375777549, 46.94858676400654929, -24.38106950902082559 ) ) ;
#1653 = DIRECTION ( 'NONE',  ( -6.953197432862256641E-17, 0.4999972845804262489, -0.8660269715269843793 ) ) ;
#1654 = DIRECTION ( 'NONE',  ( 0.9908129796008101620, 0.1171207891658587325, 0.06761922951151554118 ) ) ;
#1655 = ORIENTED_EDGE ( 'NONE', *, *, #3037, .T. ) ;
#1656 = EDGE_LOOP ( 'NONE', ( #4508, #4868 ) ) ;
#1657 = FACE_OUTER_BOUND ( 'NONE', #4576, .T. ) ;
#1658 = ORIENTED_EDGE ( 'NONE', *, *, #6459, .F. ) ;
#1659 = ORIENTED_EDGE ( 'NONE', *, *, #4389, .F. ) ;
#1660 = CARTESIAN_POINT ( 'NONE',  ( 26.76127211618575075, 38.37142431580412705, -5.386399629243706855 ) ) ;
#1661 = AXIS2_PLACEMENT_3D ( 'NONE', #2549, #6386, #4809 ) ;
#1662 = VECTOR ( 'NONE', #6684, 1000.000000000000000 ) ;
#1663 = CARTESIAN_POINT ( 'NONE',  ( 19.63059704894296331, 36.92616757245130543, -19.83819061943277973 ) ) ;
#1664 = CARTESIAN_POINT ( 'NONE',  ( -18.53409831082194614, 29.89629832610600246, -7.553553278034311091 ) ) ;
#1665 = ORIENTED_EDGE ( 'NONE', *, *, #6477, .T. ) ;
#1666 = COLOUR_RGB ( '',0.9254901960784314152, 0.9254901960784314152, 0.9254901960784314152 ) ;
#1667 = DIRECTION ( 'NONE',  ( -6.953197432862256641E-17, -0.4999972845804262489, 0.8660269715269843793 ) ) ;
#1668 =( GEOMETRIC_REPRESENTATION_CONTEXT ( 3 ) GLOBAL_UNCERTAINTY_ASSIGNED_CONTEXT ( ( #1953 ) ) GLOBAL_UNIT_ASSIGNED_CONTEXT ( ( #821, #1418, #898 ) ) REPRESENTATION_CONTEXT ( 'NONE', 'WORKASPACE' ) );
#1669 =( NAMED_UNIT ( * ) SI_UNIT ( $, .STERADIAN. ) SOLID_ANGLE_UNIT ( ) );
#1670 =( GEOMETRIC_REPRESENTATION_CONTEXT ( 3 ) GLOBAL_UNCERTAINTY_ASSIGNED_CONTEXT ( ( #4860 ) ) GLOBAL_UNIT_ASSIGNED_CONTEXT ( ( #3149, #1539, #3789 ) ) REPRESENTATION_CONTEXT ( 'NONE', 'WORKASPACE' ) );
#1671 = SURFACE_STYLE_USAGE ( .BOTH. , #5043 ) ;
#1673 = EDGE_LOOP ( 'NONE', ( #4849, #4565, #7021, #1510 ) ) ;
#1672 = B_SPLINE_SURFACE_WITH_KNOTS ( 'NONE', 1, 3, ( 
 ( #4517, #2791, #1154, #709, #81, #1116, #49, #5589, #3444, #2899, #2757, #144, #3985, #5079, #4446, #3850, #1747, #2225 ),
 ( #4408, #2830, #2303, #6097, #185, #5621, #3341, #5019, #1681, #2367, #3302, #578, #1215, #3375, #114, #3946, #4487, #6128 ) ),
 .UNSPECIFIED., .F., .F., .F.,
 ( 2, 2 ),
 ( 4, 2, 2, 2, 2, 2, 2, 2, 4 ),
 ( 0.000000000000000000, 1.000000000000000000 ),
 ( 4.712388980384690562, 4.890552843015555595, 5.068716705646421516, 5.246880568277286550, 5.425044430908151583, 5.603208293539016616, 5.781372156169881649, 5.959536018800747570, 6.137699881431612603 ),
 .UNSPECIFIED. ) ;
#1674 = PRESENTATION_LAYER_ASSIGNMENT (  '', '', ( #2481 ) ) ;
#1675 = CARTESIAN_POINT ( 'NONE',  ( -27.31413505698919053, 48.22610783528678979, -23.48663789067167684 ) ) ;
#1676 = COLOUR_RGB ( '',0.7529411764705882248, 0.7529411764705882248, 0.7529411764705882248 ) ;
#1677 = DIRECTION ( 'NONE',  ( -1.832802226030408907E-19, 0.4999972845804262489, -0.8660269715269844903 ) ) ;
#1678 =( BOUNDED_CURVE ( )  B_SPLINE_CURVE ( 3, ( #2474, #4085, #6282, #6748 ),
 .UNSPECIFIED., .F., .T. ) 
 B_SPLINE_CURVE_WITH_KNOTS ( ( 4, 4 ),
 ( 5.282807614711742872, 6.291023264973221174 ),
 .UNSPECIFIED. ) 
 CURVE ( )  GEOMETRIC_REPRESENTATION_ITEM ( )  RATIONAL_B_SPLINE_CURVE ( ( 1.000000000000000000, 0.9170705112665618053, 0.9170705112665618053, 1.000000000000000000 ) ) 
 REPRESENTATION_ITEM ( '' )  );
#1679 = CARTESIAN_POINT ( 'NONE',  ( -18.50000000000002842, 27.72449387452086711, -0.6305239947414151835 ) ) ;
#1680 = VECTOR ( 'NONE', #6138, 1000.000000000000000 ) ;
#1681 = CARTESIAN_POINT ( 'NONE',  ( 43.76228801500222687, 53.70922915481275339, -23.32542210079009237 ) ) ;
#1682 = CARTESIAN_POINT ( 'NONE',  ( 33.66474168901861930, 50.74167649728428131, -25.42647787709110219 ) ) ;
#1683 = CARTESIAN_POINT ( 'NONE',  ( -19.67989258023142796, 30.77657993331677133, -8.758616984767716218 ) ) ;
#1684 = CIRCLE ( 'NONE', #4211, 11.00000000003040235 ) ;
#1685 = AXIS2_PLACEMENT_3D ( 'NONE', #5103, #3461, #209 ) ;
#1686 = EDGE_CURVE ( 'NONE', #3831, #1276, #810, .T. ) ;
#1687 = ORIENTED_EDGE ( 'NONE', *, *, #6946, .F. ) ;
#1688 = ORIENTED_EDGE ( 'NONE', *, *, #912, .T. ) ;
#1689 = FILL_AREA_STYLE ('',( #151 ) ) ;
#1690 = VECTOR ( 'NONE', #6550, 1000.000000000000114 ) ;
#1691 = B_SPLINE_CURVE_WITH_KNOTS ( 'NONE', 3,
 ( #11, #2296, #6639, #4440, #6091, #4904, #2183, #3943, #4367, #1635 ),
 .UNSPECIFIED., .F., .F.,
 ( 4, 2, 2, 2, 4 ),
 ( 0.000000000000000000, 0.2500000000000000000, 0.5000000000000000000, 0.7500000000000000000, 1.000000000000000000 ),
 .UNSPECIFIED. ) ;
#1692 = AXIS2_PLACEMENT_3D ( 'NONE', #6155, #2641, #882 ) ;
#1693 = LINE ( 'NONE', #686, #4553 ) ;
#1694 = VECTOR ( 'NONE', #7073, 1000.000000000000000 ) ;
#1695 = SURFACE_STYLE_USAGE ( .BOTH. , #3385 ) ;
#1696 = EDGE_CURVE ( 'NONE', #5431, #355, #5211, .T. ) ;
#1697 = ORIENTED_EDGE ( 'NONE', *, *, #4121, .T. ) ;
#1698 = PLANE ( 'NONE',  #3982 ) ;
#1699 = ORIENTED_EDGE ( 'NONE', *, *, #1605, .T. ) ;
#1700 = CIRCLE ( 'NONE', #673, 2.899999999999999911 ) ;
#1701 = COLOUR_RGB ( '',0.7529411764705882248, 0.7529411764705882248, 0.7529411764705882248 ) ;
#1702 = CARTESIAN_POINT ( 'NONE',  ( 19.49999999999999289, -15.61093147915758728, 40.12455806908077705 ) ) ;
#1703 = CARTESIAN_POINT ( 'NONE',  ( -18.50000000000001421, -7.431945887776402415, 12.52368491557550101 ) ) ;
#1704 =( GEOMETRIC_REPRESENTATION_CONTEXT ( 3 ) GLOBAL_UNCERTAINTY_ASSIGNED_CONTEXT ( ( #1447 ) ) GLOBAL_UNIT_ASSIGNED_CONTEXT ( ( #6211, #1293, #2520 ) ) REPRESENTATION_CONTEXT ( 'NONE', 'WORKASPACE' ) );
#1705 = CARTESIAN_POINT ( 'NONE',  ( 19.63308404425411879, 36.94438252683253410, -19.84640586749130264 ) ) ;
#1706 = FILL_AREA_STYLE ('',( #627 ) ) ;
#1707 = ORIENTED_EDGE ( 'NONE', *, *, #5647, .F. ) ;
#1708 = STYLED_ITEM ( 'NONE', ( #5671 ), #1065 ) ;
#1709 = VERTEX_POINT ( 'NONE', #3542 ) ;
#1710 = DIRECTION ( 'NONE',  ( 0.000000000000000000, 0.000000000000000000, -1.000000000000000000 ) ) ;
#1711 = DIRECTION ( 'NONE',  ( -1.832802226030400722E-19, 0.4999972845804243060, -0.8660269715269856006 ) ) ;
#1712 = EDGE_CURVE ( 'NONE', #3231, #6195, #6309, .T. ) ;
#1713 = SURFACE_SIDE_STYLE ('',( #944 ) ) ;
#1714 = ORIENTED_EDGE ( 'NONE', *, *, #4083, .F. ) ;
#1715 = PRESENTATION_STYLE_ASSIGNMENT (( #6124 ) ) ;
#1716 = CARTESIAN_POINT ( 'NONE',  ( 13.28758399577475835, -15.92956481642187150, 36.42368491557549959 ) ) ;
#1717 = FILL_AREA_STYLE ('',( #4403 ) ) ;
#1718 = CARTESIAN_POINT ( 'NONE',  ( 24.52811474926162205, 46.79830075296629133, -24.24949180008452387 ) ) ;
#1719 = CARTESIAN_POINT ( 'NONE',  ( -18.50000000000002132, -2.835679229062512352, 10.38041057369471076 ) ) ;
#1720 = CARTESIAN_POINT ( 'NONE',  ( 43.01961565556557332, 51.52837303412297842, -23.43459194686533209 ) ) ;
#1721 = ADVANCED_FACE ( 'NONE', ( #2498 ), #2822, .F. ) ;
#1722 = CARTESIAN_POINT ( 'NONE',  ( 39.26208535194063387, 55.67218584930957093, -29.31359975163054088 ) ) ;
#1723 = CARTESIAN_POINT ( 'NONE',  ( -19.62287038486993751, 30.47301691655606248, -8.726858186471449841 ) ) ;
#1724 = CARTESIAN_POINT ( 'NONE',  ( -18.50000000000001776, 34.64036839879219087, -19.90124438723412936 ) ) ;
#1725 = ORIENTED_EDGE ( 'NONE', *, *, #5631, .F. ) ;
#1726 = FACE_OUTER_BOUND ( 'NONE', #670, .T. ) ;
#1727 = CARTESIAN_POINT ( 'NONE',  ( -40.50007565895970174, 47.77971724561918876, -19.82066517651852422 ) ) ;
#1728 = FACE_BOUND ( 'NONE', #2003, .T. ) ;
#1729 = CYLINDRICAL_SURFACE ( 'NONE', #1589, 6.000000000000000888 ) ;
#1730 = EDGE_LOOP ( 'NONE', ( #2117, #6668 ) ) ;
#1731 = SURFACE_SIDE_STYLE ('',( #4573 ) ) ;
#1732 = ORIENTED_EDGE ( 'NONE', *, *, #6587, .F. ) ;
#1733 =( LENGTH_UNIT ( ) NAMED_UNIT ( * ) SI_UNIT ( .MILLI., .METRE. ) );
#1734 = CARTESIAN_POINT ( 'NONE',  ( -21.19858785378758981, 33.78897133077609283, -8.516178135348836165 ) ) ;
#1735 = EDGE_CURVE ( 'NONE', #5365, #1417, #1519, .T. ) ;
#1736 = DIRECTION ( 'NONE',  ( 0.000000000000000000, 0.000000000000000000, 1.000000000000000000 ) ) ;
#1737 = PLANE ( 'NONE',  #6376 ) ;
#1738 = CARTESIAN_POINT ( 'NONE',  ( 20.91713079165232614, 41.02894259313783465, -21.68852018694670036 ) ) ;
#1739 = CARTESIAN_POINT ( 'NONE',  ( 46.65244061460137459, 70.77197739951117228, -12.31961108961806062 ) ) ;
#1740 = ORIENTED_EDGE ( 'NONE', *, *, #1334, .T. ) ;
#1741 = VERTEX_POINT ( 'NONE', #487 ) ;
#1742 = DIRECTION ( 'NONE',  ( 0.000000000000000000, 0.000000000000000000, 1.000000000000000000 ) ) ;
#1743 = SURFACE_SIDE_STYLE ('',( #5539 ) ) ;
#1744 = LINE ( 'NONE', #5584, #876 ) ;
#1745 = ADVANCED_FACE ( 'NONE', ( #3802 ), #3834, .F. ) ;
#1746 =( LENGTH_UNIT ( ) NAMED_UNIT ( * ) SI_UNIT ( .MILLI., .METRE. ) );
#1747 = CARTESIAN_POINT ( 'NONE',  ( 47.86655017666937084, 59.24883676037182312, -18.97245308761654314 ) ) ;
#1748 = CARTESIAN_POINT ( 'NONE',  ( 42.75366892754573911, 51.43471324440121606, -23.54263467326880743 ) ) ;
#1749 = ORIENTED_EDGE ( 'NONE', *, *, #6035, .F. ) ;
#1750 = CARTESIAN_POINT ( 'NONE',  ( -18.92020763754333856, 38.20731428482037018, -21.19950651698668764 ) ) ;
#1751 = ORIENTED_EDGE ( 'NONE', *, *, #4865, .T. ) ;
#1752 = ADVANCED_FACE ( 'NONE', ( #4859 ), #1615, .T. ) ;
#1753 = EDGE_CURVE ( 'NONE', #224, #849, #1093, .T. ) ;
#1754 = DIRECTION ( 'NONE',  ( 0.000000000000000000, 0.8660269715269853785, 0.4999972845804245281 ) ) ;
#1755 = FILL_AREA_STYLE_COLOUR ( '', #2676 ) ;
#1756 = CARTESIAN_POINT ( 'NONE',  ( 15.08506231342959936, -20.86940764386208258, 12.52368491557550101 ) ) ;
#1757 = DIRECTION ( 'NONE',  ( -0.7071067811865450192, 0.000000000000000000, -0.7071067811865500152 ) ) ;
#1758 = ORIENTED_EDGE ( 'NONE', *, *, #1634, .F. ) ;
#1759 = ORIENTED_EDGE ( 'NONE', *, *, #167, .T. ) ;
#1760 = CARTESIAN_POINT ( 'NONE',  ( -39.89493413160967350, 51.70932999893744153, -24.48005605590725153 ) ) ;
#1761 = ORIENTED_EDGE ( 'NONE', *, *, #3602, .F. ) ;
#1762 = PLANE ( 'NONE',  #3495 ) ;
#1763 =( GEOMETRIC_REPRESENTATION_CONTEXT ( 3 ) GLOBAL_UNCERTAINTY_ASSIGNED_CONTEXT ( ( #5258 ) ) GLOBAL_UNIT_ASSIGNED_CONTEXT ( ( #3688, #6991, #5259 ) ) REPRESENTATION_CONTEXT ( 'NONE', 'WORKASPACE' ) );
#1764 = FILL_AREA_STYLE ('',( #2319 ) ) ;
#1765 = DIRECTION ( 'NONE',  ( -1.000000000000000000, 0.000000000000000000, 0.000000000000000000 ) ) ;
#1766 = FACE_OUTER_BOUND ( 'NONE', #3584, .T. ) ;
#1767 = CARTESIAN_POINT ( 'NONE',  ( 39.73269843401468648, 76.02814842013485475, -9.284979479198495866 ) ) ;
#1768 = VERTEX_POINT ( 'NONE', #2566 ) ;
#1769 = ORIENTED_EDGE ( 'NONE', *, *, #6235, .F. ) ;
#1770 = STYLED_ITEM ( 'NONE', ( #6671 ), #5420 ) ;
#1771 = CARTESIAN_POINT ( 'NONE',  ( 19.49999999999999289, -20.86940764386208258, 39.42368491557552801 ) ) ;
#1772 = CARTESIAN_POINT ( 'NONE',  ( -26.97107017953073793, 38.17289616401080110, -6.314969162945910597 ) ) ;
#1773 = CARTESIAN_POINT ( 'NONE',  ( -47.89493321689953120, 66.16372324481612566, -14.98017020513407971 ) ) ;
#1774 = EDGE_CURVE ( 'NONE', #2070, #820, #2019, .T. ) ;
#1775 = DIRECTION ( 'NONE',  ( 1.000000000000000000, 0.000000000000000000, 0.000000000000000000 ) ) ;
#1776 = DIRECTION ( 'NONE',  ( -0.7071067811865470176, 0.3535514705016781778, -0.6123735442571809351 ) ) ;
#1777 = AXIS2_PLACEMENT_3D ( 'NONE', #6832, #1908, #5748 ) ;
#1778 = FACE_OUTER_BOUND ( 'NONE', #6296, .T. ) ;
#1779 = CARTESIAN_POINT ( 'NONE',  ( 41.12293324198115130, 50.90920149543602236, -24.09171312181050695 ) ) ;
#1780 = AXIS2_PLACEMENT_3D ( 'NONE', #1372, #5865, #4356 ) ;
#1781 = CARTESIAN_POINT ( 'NONE',  ( 30.05654673050611692, 54.16689991175572771, -28.85158863953556718 ) ) ;
#1782 = CARTESIAN_POINT ( 'NONE',  ( 86.50000000000004263, 48.84873222487524203, -23.53362743373490318 ) ) ;
#1783 = LINE ( 'NONE', #6650, #4788 ) ;
#1784 = VECTOR ( 'NONE', #6790, 1000.000000000000114 ) ;
#1785 = CARTESIAN_POINT ( 'NONE',  ( 13.65509673952460012, -20.86940764386208258, 16.02368491557549746 ) ) ;
#1786 = ORIENTED_EDGE ( 'NONE', *, *, #363, .T. ) ;
#1787 = VECTOR ( 'NONE', #5302, 1000.000000000000000 ) ;
#1788 = CYLINDRICAL_SURFACE ( 'NONE', #2810, 12.00000000003031886 ) ;
#1789 = PRESENTATION_STYLE_ASSIGNMENT (( #5030 ) ) ;
#1790 = MECHANICAL_DESIGN_GEOMETRIC_PRESENTATION_REPRESENTATION (  '', ( #542 ), #4204 ) ;
#1791 =( GEOMETRIC_REPRESENTATION_CONTEXT ( 3 ) GLOBAL_UNCERTAINTY_ASSIGNED_CONTEXT ( ( #7100 ) ) GLOBAL_UNIT_ASSIGNED_CONTEXT ( ( #1182, #1572, #7075 ) ) REPRESENTATION_CONTEXT ( 'NONE', 'WORKASPACE' ) );
#1792 = VECTOR ( 'NONE', #3110, 1000.000000000000114 ) ;
#1793 = DIRECTION ( 'NONE',  ( 0.000000000000000000, 0.000000000000000000, -1.000000000000000000 ) ) ;
#1794 = EDGE_CURVE ( 'NONE', #4777, #4060, #3041, .T. ) ;
#1795 = ORIENTED_EDGE ( 'NONE', *, *, #20, .F. ) ;
#1796 = CARTESIAN_POINT ( 'NONE',  ( -28.79017840092168257, 49.79524597824752874, -24.48005005430905712 ) ) ;
#1797 = CARTESIAN_POINT ( 'NONE',  ( -47.86651428099028749, 48.61630358898631243, 0.8690983336546914684 ) ) ;
#1798 = SURFACE_STYLE_FILL_AREA ( #2348 ) ;
#1799 = VERTEX_POINT ( 'NONE', #5364 ) ;
#1800 = ORIENTED_EDGE ( 'NONE', *, *, #2122, .F. ) ;
#1801 = CIRCLE ( 'NONE', #660, 1.650000000000000355 ) ;
#1802 = CARTESIAN_POINT ( 'NONE',  ( -20.45022844528643446, 32.80689234234300500, -8.711738619038825959 ) ) ;
#1803 = STYLED_ITEM ( 'NONE', ( #1804 ), #2813 ) ;
#1804 = PRESENTATION_STYLE_ASSIGNMENT (( #3763 ) ) ;
#1805 = CARTESIAN_POINT ( 'NONE',  ( -25.15963113243681093, 46.44110872769383036, -23.45912447095471620 ) ) ;
#1806 = VECTOR ( 'NONE', #3698, 1000.000000000000114 ) ;
#1807 = CARTESIAN_POINT ( 'NONE',  ( 86.50000000000004263, 38.22368957199154949, -5.130515572587896145 ) ) ;
#1808 = PRESENTATION_LAYER_ASSIGNMENT (  '', '', ( #2396 ) ) ;
#1809 = EDGE_LOOP ( 'NONE', ( #4917, #1896, #3854, #1398, #5503, #3288 ) ) ;
#1810 =( GEOMETRIC_REPRESENTATION_CONTEXT ( 3 ) GLOBAL_UNCERTAINTY_ASSIGNED_CONTEXT ( ( #387 ) ) GLOBAL_UNIT_ASSIGNED_CONTEXT ( ( #3889, #2897, #182 ) ) REPRESENTATION_CONTEXT ( 'NONE', 'WORKASPACE' ) );
#1811 = UNCERTAINTY_MEASURE_WITH_UNIT (LENGTH_MEASURE( 1.000000000000000082E-05 ), #162, 'distance_accuracy_value', 'NONE');
#1812 = SURFACE_STYLE_FILL_AREA ( #3976 ) ;
#1813 = ADVANCED_FACE ( 'NONE', ( #5892 ), #2935, .F. ) ;
#1814 = AXIS2_PLACEMENT_3D ( 'NONE', #4620, #6200, #2467 ) ;
#1815 = CARTESIAN_POINT ( 'NONE',  ( 9.335062313429599357, -14.71714881219270055, 16.22368491557550030 ) ) ;
#1816 = CARTESIAN_POINT ( 'NONE',  ( -26.87444954964206900, 47.98071157116072527, -23.46814498526025616 ) ) ;
#1817 =( NAMED_UNIT ( * ) PLANE_ANGLE_UNIT ( ) SI_UNIT ( $, .RADIAN. ) );
#1818 = ORIENTED_EDGE ( 'NONE', *, *, #2513, .F. ) ;
#1819 = PRESENTATION_LAYER_ASSIGNMENT (  '', '', ( #6418 ) ) ;
#1820 = VECTOR ( 'NONE', #3359, 1000.000000000000114 ) ;
#1821 =( NAMED_UNIT ( * ) PLANE_ANGLE_UNIT ( ) SI_UNIT ( $, .RADIAN. ) );
#1822 = CARTESIAN_POINT ( 'NONE',  ( -36.31477043246970027, 49.25152754967951552, -18.97086799802895385 ) ) ;
#1823 = B_SPLINE_CURVE_WITH_KNOTS ( 'NONE', 1,
 ( #6314, #5756 ),
 .UNSPECIFIED., .F., .F.,
 ( 2, 2 ),
 ( 0.000000000000000000, 1.000000000000000000 ),
 .UNSPECIFIED. ) ;
#1824 = CARTESIAN_POINT ( 'NONE',  ( 44.56341633342292852, 54.46344895033651312, -22.88997625194571839 ) ) ;
#1825 = SURFACE_STYLE_FILL_AREA ( #3005 ) ;
#1826 = VERTEX_POINT ( 'NONE', #1165 ) ;
#1827 = CARTESIAN_POINT ( 'NONE',  ( -20.51630259204414131, 41.86316032590944047, -22.53012565700306169 ) ) ;
#1828 = CARTESIAN_POINT ( 'NONE',  ( -40.50007565895970174, 63.24896319754086704, 3.066881416014580974 ) ) ;
#1829 = DIRECTION ( 'NONE',  ( 4.141217998419100520E-17, -0.6427876096865349220, 0.7660444431189816772 ) ) ;
#1830 = FILL_AREA_STYLE_COLOUR ( '', #341 ) ;
#1831 = CARTESIAN_POINT ( 'NONE',  ( 22.41671248530030169, 63.45551892101769198, -17.12109059297851843 ) ) ;
#1832 = SURFACE_SIDE_STYLE ('',( #6759 ) ) ;
#1833 =( LENGTH_UNIT ( ) NAMED_UNIT ( * ) SI_UNIT ( .MILLI., .METRE. ) );
#1834 = VERTEX_POINT ( 'NONE', #4500 ) ;
#1835 = ORIENTED_EDGE ( 'NONE', *, *, #4593, .T. ) ;
#1836 =( NAMED_UNIT ( * ) PLANE_ANGLE_UNIT ( ) SI_UNIT ( $, .RADIAN. ) );
#1837 = CARTESIAN_POINT ( 'NONE',  ( -11.01493768657040029, -14.71714881219270055, 38.92368491557547827 ) ) ;
#1838 = ORIENTED_EDGE ( 'NONE', *, *, #714, .F. ) ;
#1839 = ADVANCED_FACE ( 'NONE', ( #3355 ), #2208, .T. ) ;
#1840 = CARTESIAN_POINT ( 'NONE',  ( -21.36544054976580753, 33.95403947705349168, -8.470599057598782622 ) ) ;
#1841 = CARTESIAN_POINT ( 'NONE',  ( -19.50000000000000000, -5.217148812191773288, 53.22368491557553938 ) ) ;
#1842 = CARTESIAN_POINT ( 'NONE',  ( 10.98506231342959971, -14.71714881219270055, 16.02368491557549746 ) ) ;
#1843 = CARTESIAN_POINT ( 'NONE',  ( 36.65140624112303414, 76.55888050243144960, -8.978563202543572430 ) ) ;
#1844 = ORIENTED_EDGE ( 'NONE', *, *, #2872, .F. ) ;
#1845 = UNCERTAINTY_MEASURE_WITH_UNIT (LENGTH_MEASURE( 1.000000000000000082E-05 ), #3532, 'distance_accuracy_value', 'NONE');
#1846 = ORIENTED_EDGE ( 'NONE', *, *, #119, .F. ) ;
#1847 = DIRECTION ( 'NONE',  ( -1.000000000000000000, 0.000000000000000000, 0.000000000000000000 ) ) ;
#1848 = ADVANCED_FACE ( 'NONE', ( #657 ), #6147, .F. ) ;
#1849 = CARTESIAN_POINT ( 'NONE',  ( -7.864937686570386610, -14.71714881219270055, 12.52368491557550101 ) ) ;
#1850 = CARTESIAN_POINT ( 'NONE',  ( -27.27060857215328937, 49.29877845320240937, -24.48004849763830393 ) ) ;
#1851 = FACE_OUTER_BOUND ( 'NONE', #1809, .T. ) ;
#1852 = PLANE ( 'NONE',  #3391 ) ;
#1853 = CARTESIAN_POINT ( 'NONE',  ( 19.65904968509709150, 30.67260050416838268, -8.748736247146547740 ) ) ;
#1854 = CARTESIAN_POINT ( 'NONE',  ( 25.06108619116714209, 46.35813663211313695, -23.48786612895392167 ) ) ;
#1855 = SURFACE_STYLE_FILL_AREA ( #3477 ) ;
#1856 = CARTESIAN_POINT ( 'NONE',  ( 40.45808319271211673, 51.70934314485403860, -24.48005605594846656 ) ) ;
#1857 = LINE ( 'NONE', #3519, #3063 ) ;
#1858 = ADVANCED_FACE ( 'NONE', ( #1232 ), #4972, .F. ) ;
#1859 = CARTESIAN_POINT ( 'NONE',  ( 40.68865622815470573, 49.98882175229224600, -23.48764022223527803 ) ) ;
#1860 = CARTESIAN_POINT ( 'NONE',  ( -12.66493768657040064, -14.71714881219270055, 38.92368491557547827 ) ) ;
#1861 = DIRECTION ( 'NONE',  ( 6.054055702906201236E-17, -0.9396926207859068736, 0.3420201433256726542 ) ) ;
#1862 =( NAMED_UNIT ( * ) SI_UNIT ( $, .STERADIAN. ) SOLID_ANGLE_UNIT ( ) );
#1863 = FACE_OUTER_BOUND ( 'NONE', #1034, .T. ) ;
#1864 = VERTEX_POINT ( 'NONE', #680 ) ;
#1865 = VERTEX_POINT ( 'NONE', #2792 ) ;
#1866 = DIRECTION ( 'NONE',  ( -1.000000000000000000, 1.932777453709147494E-16, -0.000000000000000000 ) ) ;
#1867 =( NAMED_UNIT ( * ) PLANE_ANGLE_UNIT ( ) SI_UNIT ( $, .RADIAN. ) );
#1868 = VERTEX_POINT ( 'NONE', #2900 ) ;
#1869 = FACE_OUTER_BOUND ( 'NONE', #6186, .T. ) ;
#1870 = CARTESIAN_POINT ( 'NONE',  ( -50.91805654119456648, 57.13967664252518119, -21.89042087196281372 ) ) ;
#1871 = CARTESIAN_POINT ( 'NONE',  ( 43.79621579683045240, 73.99608952610272183, -10.45818144121009929 ) ) ;
#1872 = ORIENTED_EDGE ( 'NONE', *, *, #1975, .T. ) ;
#1873 = PRESENTATION_LAYER_ASSIGNMENT (  '', '', ( #5318 ) ) ;
#1874 = UNCERTAINTY_MEASURE_WITH_UNIT (LENGTH_MEASURE( 1.000000000000000082E-05 ), #3516, 'distance_accuracy_value', 'NONE');
#1875 = FACE_OUTER_BOUND ( 'NONE', #896, .T. ) ;
#1876 = DIRECTION ( 'NONE',  ( 0.000000000000000000, 0.4999972845804243060, -0.8660269715269854895 ) ) ;
#1877 = EDGE_CURVE ( 'NONE', #5983, #2817, #6172, .T. ) ;
#1878 =( NAMED_UNIT ( * ) SI_UNIT ( $, .STERADIAN. ) SOLID_ANGLE_UNIT ( ) );
#1879 = MECHANICAL_DESIGN_GEOMETRIC_PRESENTATION_REPRESENTATION (  '', ( #6594 ), #629 ) ;
#1880 = CARTESIAN_POINT ( 'NONE',  ( 20.17743455356650983, 41.32641515671085841, -22.33476639202859104 ) ) ;
#1881 = SURFACE_STYLE_USAGE ( .BOTH. , #263 ) ;
#1882 = EDGE_LOOP ( 'NONE', ( #2874, #2771, #1699, #2280 ) ) ;
#1883 = DIRECTION ( 'NONE',  ( 0.000000000000000000, 0.000000000000000000, 1.000000000000000000 ) ) ;
#1884 = SURFACE_SIDE_STYLE ('',( #4556 ) ) ;
#1885 = CONICAL_SURFACE ( 'NONE', #6018, 7.000000000000015987, 0.7853981633974488341 ) ;
#1886 = LINE ( 'NONE', #4626, #922 ) ;
#1887 = CARTESIAN_POINT ( 'NONE',  ( 46.86651428099032302, 60.36601513122526086, -19.48215275506670352 ) ) ;
#1888 = CARTESIAN_POINT ( 'NONE',  ( -47.89493350863492083, 54.91393381455635847, 4.505036656317694010 ) ) ;
#1889 = DIRECTION ( 'NONE',  ( -1.000000000000000000, -6.442591512363824568E-17, 0.000000000000000000 ) ) ;
#1890 = CARTESIAN_POINT ( 'NONE',  ( -18.50000000000001776, -10.71714881219669380, 28.22368491557550030 ) ) ;
#1891 = CARTESIAN_POINT ( 'NONE',  ( 20.76671248530030311, 60.70553385993630258, -12.35794225670289670 ) ) ;
#1892 = CARTESIAN_POINT ( 'NONE',  ( -19.50000000000000355, 27.72449387452086711, -0.6305239947414151835 ) ) ;
#1893 = SURFACE_STYLE_USAGE ( .BOTH. , #371 ) ;
#1894 = STYLED_ITEM ( 'NONE', ( #3371 ), #6103 ) ;
#1895 = ORIENTED_EDGE ( 'NONE', *, *, #5044, .F. ) ;
#1896 = ORIENTED_EDGE ( 'NONE', *, *, #4344, .T. ) ;
#1897 = ORIENTED_EDGE ( 'NONE', *, *, #2472, .F. ) ;
#1898 = CARTESIAN_POINT ( 'NONE',  ( -22.85839440376232901, 35.88534240535313558, -6.473548241812287607 ) ) ;
#1899 = CARTESIAN_POINT ( 'NONE',  ( -18.50000098719504393, 29.09066840656378261, -7.413833456073444239 ) ) ;
#1900 = CARTESIAN_POINT ( 'NONE',  ( -31.93402418637475293, 54.18107534856313379, -28.86583948666856259 ) ) ;
#1901 = CIRCLE ( 'NONE', #1004, 3.150000000000041656 ) ;
#1902 = PRESENTATION_LAYER_ASSIGNMENT (  '', '', ( #651 ) ) ;
#1903 = DIRECTION ( 'NONE',  ( 3.930483487246033215E-19, -0.8660254039654087244, -0.4999999996865507335 ) ) ;
#1904 = COLOUR_RGB ( '',0.7529411764705882248, 0.7529411764705882248, 0.7529411764705882248 ) ;
#1905 = CARTESIAN_POINT ( 'NONE',  ( 42.26696529766086030, 39.82532915037729992, -4.205792012997621399 ) ) ;
#1906 = EDGE_CURVE ( 'NONE', #6363, #5983, #608, .T. ) ;
#1907 = VECTOR ( 'NONE', #3447, 1000.000000000000000 ) ;
#1908 = DIRECTION ( 'NONE',  ( 0.000000000000000000, 0.000000000000000000, 1.000000000000000000 ) ) ;
#1909 = AXIS2_PLACEMENT_3D ( 'NONE', #4235, #6435, #3705 ) ;
#1910 = CARTESIAN_POINT ( 'NONE',  ( -19.95360171660196968, 38.55915204436854538, -20.57465266685148464 ) ) ;
#1911 =( LENGTH_UNIT ( ) NAMED_UNIT ( * ) SI_UNIT ( .MILLI., .METRE. ) );
#1912 = ORIENTED_EDGE ( 'NONE', *, *, #1043, .F. ) ;
#1913 = ORIENTED_EDGE ( 'NONE', *, *, #363, .F. ) ;
#1914 =( LENGTH_UNIT ( ) NAMED_UNIT ( * ) SI_UNIT ( .MILLI., .METRE. ) );
#1915 = PRESENTATION_LAYER_ASSIGNMENT (  '', '', ( #6168 ) ) ;
#1916 = LINE ( 'NONE', #4652, #5941 ) ;
#1917 = COLOUR_RGB ( '',0.7529411764705882248, 0.7529411764705882248, 0.7529411764705882248 ) ;
#1918 = VECTOR ( 'NONE', #6070, 1000.000000000000227 ) ;
#1919 = CARTESIAN_POINT ( 'NONE',  ( -27.75349750311258035, 49.48419600382991490, -24.48004907901384897 ) ) ;
#1920 = PRESENTATION_STYLE_ASSIGNMENT (( #6703 ) ) ;
#1921 = ORIENTED_EDGE ( 'NONE', *, *, #1712, .F. ) ;
#1922 = EDGE_LOOP ( 'NONE', ( #1189, #6167 ) ) ;
#1923 = FILL_AREA_STYLE ('',( #6275 ) ) ;
#1924 = CARTESIAN_POINT ( 'NONE',  ( 19.85499076277304553, 31.46647087365946760, -8.795723026598180283 ) ) ;
#1925 = CYLINDRICAL_SURFACE ( 'NONE', #5829, 6.000000000000000000 ) ;
#1926 = ADVANCED_FACE ( 'NONE', ( #186 ), #2374, .T. ) ;
#1927 = CIRCLE ( 'NONE', #2, 7.000000000000002665 ) ;
#1928 = VECTOR ( 'NONE', #4126, 1000.000000000000227 ) ;
#1929 = EDGE_CURVE ( 'NONE', #2924, #2451, #6728, .T. ) ;
#1930 = CARTESIAN_POINT ( 'NONE',  ( 47.86651427762651423, 76.55926587292023555, -8.978340710425747773 ) ) ;
#1931 = VECTOR ( 'NONE', #4703, 1000.000000000000000 ) ;
#1932 = CARTESIAN_POINT ( 'NONE',  ( 36.98547638840128116, 48.90652186182003192, -23.53130365356248177 ) ) ;
#1933 = VECTOR ( 'NONE', #826, 1000.000000000000000 ) ;
#1934 = EDGE_CURVE ( 'NONE', #1198, #1445, #6350, .T. ) ;
#1935 = CARTESIAN_POINT ( 'NONE',  ( -40.76922299060813515, 75.22634821593980803, -10.90259757421929265 ) ) ;
#1936 = LINE ( 'NONE', #5131, #5458 ) ;
#1937 = CYLINDRICAL_SURFACE ( 'NONE', #2626, 6.000000000000000000 ) ;
#1938 = CARTESIAN_POINT ( 'NONE',  ( 19.73403988489756955, 31.01958651753033180, -8.777188337090747083 ) ) ;
#1939 = ORIENTED_EDGE ( 'NONE', *, *, #492, .T. ) ;
#1940 = VERTEX_POINT ( 'NONE', #6747 ) ;
#1941 = CARTESIAN_POINT ( 'NONE',  ( -22.90487064526831062, 35.91800139720259466, -6.456180058878501882 ) ) ;
#1942 = FACE_OUTER_BOUND ( 'NONE', #5350, .T. ) ;
#1943 = FILL_AREA_STYLE_COLOUR ( '', #3301 ) ;
#1944 = ORIENTED_EDGE ( 'NONE', *, *, #4523, .F. ) ;
#1945 = DIRECTION ( 'NONE',  ( -1.000000000000000000, 0.000000000000000000, 0.000000000000000000 ) ) ;
#1946 = B_SPLINE_CURVE_WITH_KNOTS ( 'NONE', 3,
 ( #3469, #5648, #4588, #2433 ),
 .UNSPECIFIED., .F., .F.,
 ( 4, 4 ),
 ( 0.000000000000000000, 1.000000000000000000 ),
 .UNSPECIFIED. ) ;
#1947 =( NAMED_UNIT ( * ) PLANE_ANGLE_UNIT ( ) SI_UNIT ( $, .RADIAN. ) );
#1948 = CARTESIAN_POINT ( 'NONE',  ( -40.76991151946205605, 75.22613485764038899, -10.90272075579889943 ) ) ;
#1949 = CARTESIAN_POINT ( 'NONE',  ( -20.15376305097051457, 39.23522897229853612, -20.87956077215184791 ) ) ;
#1950 =( LENGTH_UNIT ( ) NAMED_UNIT ( * ) SI_UNIT ( .MILLI., .METRE. ) );
#1951 = UNCERTAINTY_MEASURE_WITH_UNIT (LENGTH_MEASURE( 1.000000000000000082E-05 ), #5538, 'distance_accuracy_value', 'NONE');
#1952 = EDGE_CURVE ( 'NONE', #5428, #5676, #5161, .T. ) ;
#1953 = UNCERTAINTY_MEASURE_WITH_UNIT (LENGTH_MEASURE( 1.000000000000000082E-05 ), #821, 'distance_accuracy_value', 'NONE');
#1954 = B_SPLINE_CURVE_WITH_KNOTS ( 'NONE', 3,
 ( #512, #4379, #2637, #4920 ),
 .UNSPECIFIED., .F., .F.,
 ( 4, 4 ),
 ( 0.000000000000000000, 1.000000000000000000 ),
 .UNSPECIFIED. ) ;
#1955 = DIRECTION ( 'NONE',  ( 0.7071067811865462405, -0.5416752204197055054, -0.4545194776720413166 ) ) ;
#1956 = CARTESIAN_POINT ( 'NONE',  ( -25.11368670382318768, 46.20085515571395973, -23.33387700018369415 ) ) ;
#1957 = DIRECTION ( 'NONE',  ( 0.000000000000000000, 0.000000000000000000, 1.000000000000000000 ) ) ;
#1958 = ORIENTED_EDGE ( 'NONE', *, *, #3208, .F. ) ;
#1959 = ORIENTED_EDGE ( 'NONE', *, *, #3922, .F. ) ;
#1960 = SURFACE_STYLE_USAGE ( .BOTH. , #966 ) ;
#1961 = FILL_AREA_STYLE_COLOUR ( '', #6863 ) ;
#1962 = FACE_OUTER_BOUND ( 'NONE', #2985, .T. ) ;
#1963 = LINE ( 'NONE', #862, #866 ) ;
#1964 =( NAMED_UNIT ( * ) SI_UNIT ( $, .STERADIAN. ) SOLID_ANGLE_UNIT ( ) );
#1965 = CARTESIAN_POINT ( 'NONE',  ( 40.05464551757593483, 51.16932254340066777, -24.48005436271732549 ) ) ;
#1966 = CARTESIAN_POINT ( 'NONE',  ( 26.34989846153878190, 48.81371848156432236, -24.48004697673586705 ) ) ;
#1967 = DIRECTION ( 'NONE',  ( -1.000000000000000000, 0.000000000000000000, 0.000000000000000000 ) ) ;
#1968 = SURFACE_STYLE_USAGE ( .BOTH. , #3673 ) ;
#1969 = ORIENTED_EDGE ( 'NONE', *, *, #4146, .F. ) ;
#1970 = ORIENTED_EDGE ( 'NONE', *, *, #2901, .F. ) ;
#1971 = CARTESIAN_POINT ( 'NONE',  ( -22.70572788229355154, 35.77759445598956489, -6.529787205956668394 ) ) ;
#1972 =( NAMED_UNIT ( * ) SI_UNIT ( $, .STERADIAN. ) SOLID_ANGLE_UNIT ( ) );
#1973 = CARTESIAN_POINT ( 'NONE',  ( -39.25252845634584986, 55.68384669886972915, -29.32938819864738633 ) ) ;
#1974 = EDGE_LOOP ( 'NONE', ( #5375, #4802, #800, #1740 ) ) ;
#1975 = EDGE_CURVE ( 'NONE', #2364, #444, #788, .T. ) ;
#1976 =( NAMED_UNIT ( * ) PLANE_ANGLE_UNIT ( ) SI_UNIT ( $, .RADIAN. ) );
#1977 = CARTESIAN_POINT ( 'NONE',  ( 29.75432895282332169, 38.72371844026312004, -5.996590890799166296 ) ) ;
#1978 = FACE_BOUND ( 'NONE', #3261, .T. ) ;
#1979 = CARTESIAN_POINT ( 'NONE',  ( 22.41671248530030169, 62.20552571367776551, -14.95602317128418157 ) ) ;
#1980 = CARTESIAN_POINT ( 'NONE',  ( -19.89524488827995796, 38.32699302315000978, -20.46994577154542228 ) ) ;
#1981 = PRESENTATION_STYLE_ASSIGNMENT (( #847 ) ) ;
#1982 = SURFACE_STYLE_FILL_AREA ( #5216 ) ;
#1983 = PLANE ( 'NONE',  #4321 ) ;
#1984 = ADVANCED_FACE ( 'NONE', ( #3624, #6780, #1314 ), #1286, .T. ) ;
#1985 = CARTESIAN_POINT ( 'NONE',  ( 19.50826737107831121, 35.47396177839920028, -19.18324988187461244 ) ) ;
#1986 = SURFACE_STYLE_FILL_AREA ( #2026 ) ;
#1987 = VERTEX_POINT ( 'NONE', #294 ) ;
#1988 = CARTESIAN_POINT ( 'NONE',  ( 18.65130456890114985, 30.73627256376093086, -7.628368803404105947 ) ) ;
#1989 =( NAMED_UNIT ( * ) SI_UNIT ( $, .STERADIAN. ) SOLID_ANGLE_UNIT ( ) );
#1990 = CARTESIAN_POINT ( 'NONE',  ( 22.65307487453177870, 35.74014425755752455, -6.548709777086212824 ) ) ;
#1991 = EDGE_CURVE ( 'NONE', #980, #6189, #2034, .T. ) ;
#1992 = SURFACE_STYLE_FILL_AREA ( #2657 ) ;
#1993 =( LENGTH_UNIT ( ) NAMED_UNIT ( * ) SI_UNIT ( .MILLI., .METRE. ) );
#1994 =( GEOMETRIC_REPRESENTATION_CONTEXT ( 3 ) GLOBAL_UNCERTAINTY_ASSIGNED_CONTEXT ( ( #2534 ) ) GLOBAL_UNIT_ASSIGNED_CONTEXT ( ( #6448, #34, #4247 ) ) REPRESENTATION_CONTEXT ( 'NONE', 'WORKASPACE' ) );
#1995 = CARTESIAN_POINT ( 'NONE',  ( 38.87565908503969325, 49.28014325360697967, -23.51623365133454513 ) ) ;
#1996 = CARTESIAN_POINT ( 'NONE',  ( -18.50000000000002842, -4.217148812191790164, 30.28552187494406667 ) ) ;
#1997 = STYLED_ITEM ( 'NONE', ( #4734 ), #289 ) ;
#1998 = CARTESIAN_POINT ( 'NONE',  ( 47.86651428099029459, 48.61597290287414097, 0.8695216916686050457 ) ) ;
#1999 = VECTOR ( 'NONE', #6754, 1000.000000000000000 ) ;
#2000 = SURFACE_SIDE_STYLE ('',( #274 ) ) ;
#2001 = CARTESIAN_POINT ( 'NONE',  ( 19.50780137902567546, 29.37234248762698385, -8.527826032693663905 ) ) ;
#2002 = CARTESIAN_POINT ( 'NONE',  ( 12.63506231342960007, -14.71714881219270055, 16.02368491557549746 ) ) ;
#2003 = EDGE_LOOP ( 'NONE', ( #1835, #6562 ) ) ;
#2004 = STYLED_ITEM ( 'NONE', ( #5560 ), #5917 ) ;
#2005 = EDGE_LOOP ( 'NONE', ( #3015, #2798, #3864, #3150 ) ) ;
#2006 = DIRECTION ( 'NONE',  ( 0.000000000000000000, 0.000000000000000000, -1.000000000000000000 ) ) ;
#2007 =( LENGTH_UNIT ( ) NAMED_UNIT ( * ) SI_UNIT ( .MILLI., .METRE. ) );
#2008 = CARTESIAN_POINT ( 'NONE',  ( -35.86651428099028749, 59.86602059968765133, -18.61612419408130492 ) ) ;
#2009 = STYLED_ITEM ( 'NONE', ( #1715 ), #1406 ) ;
#2010 = CARTESIAN_POINT ( 'NONE',  ( 10.98506231342959971, -14.71714881219270055, 14.02368491557550634 ) ) ;
#2011 = EDGE_CURVE ( 'NONE', #5899, #2846, #6426, .T. ) ;
#2012 = CARTESIAN_POINT ( 'NONE',  ( 26.97107017846252219, 38.17274789781514244, -6.314712358376914025 ) ) ;
#2013 = PRESENTATION_LAYER_ASSIGNMENT (  '', '', ( #3636 ) ) ;
#2014 = EDGE_CURVE ( 'NONE', #7032, #254, #622, .T. ) ;
#2015 =( LENGTH_UNIT ( ) NAMED_UNIT ( * ) SI_UNIT ( .MILLI., .METRE. ) );
#2016 = FILL_AREA_STYLE ('',( #3092 ) ) ;
#2017 = DIRECTION ( 'NONE',  ( -1.832802226030409870E-19, 0.4999972845804264154, -0.8660269715269842683 ) ) ;
#2018 = CARTESIAN_POINT ( 'NONE',  ( -19.61556921795210684, 36.81801257846593245, -19.78941353865090136 ) ) ;
#2019 = LINE ( 'NONE', #5322, #5909 ) ;
#2020 = UNCERTAINTY_MEASURE_WITH_UNIT (LENGTH_MEASURE( 1.000000000000000082E-05 ), #2394, 'distance_accuracy_value', 'NONE');
#2021 = CIRCLE ( 'NONE', #3167, 28.65000000000000213 ) ;
#2022 = UNCERTAINTY_MEASURE_WITH_UNIT (LENGTH_MEASURE( 1.000000000000000082E-05 ), #1051, 'distance_accuracy_value', 'NONE');
#2023 = STYLED_ITEM ( 'NONE', ( #5661 ), #2218 ) ;
#2024 = AXIS2_PLACEMENT_3D ( 'NONE', #6560, #3164, #2705 ) ;
#2025 = CARTESIAN_POINT ( 'NONE',  ( -29.75432895402468247, 38.72388378303454459, -5.996877272851211416 ) ) ;
#2026 = FILL_AREA_STYLE ('',( #359 ) ) ;
#2027 = ORIENTED_EDGE ( 'NONE', *, *, #1420, .T. ) ;
#2028 = COLOUR_RGB ( '',0.7529411764705882248, 0.7529411764705882248, 0.7529411764705882248 ) ;
#2029 = CARTESIAN_POINT ( 'NONE',  ( 47.86651428099029459, 59.86601784664485848, -18.61612578353971514 ) ) ;
#2030 = AXIS2_PLACEMENT_3D ( 'NONE', #5883, #5348, #1508 ) ;
#2031 =( NAMED_UNIT ( * ) SI_UNIT ( $, .STERADIAN. ) SOLID_ANGLE_UNIT ( ) );
#2032 = ADVANCED_FACE ( 'NONE', ( #495 ), #1531, .T. ) ;
#2033 = CIRCLE ( 'NONE', #3411, 3.150000000000041656 ) ;
#2034 = LINE ( 'NONE', #1074, #6501 ) ;
#2035 = PRESENTATION_LAYER_ASSIGNMENT (  '', '', ( #3413 ) ) ;
#2036 = CARTESIAN_POINT ( 'NONE',  ( -22.49842161505969784, 63.58406592585468076, -17.04687448253646664 ) ) ;
#2037 = CARTESIAN_POINT ( 'NONE',  ( -42.05667486308420422, 39.65506993131929647, -4.304637209733701120 ) ) ;
#2038 = STYLED_ITEM ( 'NONE', ( #6419 ), #4074 ) ;
#2039 = CARTESIAN_POINT ( 'NONE',  ( -47.89493413160970192, 39.43928807153320548, -4.429254226652510340 ) ) ;
#2040 = STYLED_ITEM ( 'NONE', ( #4384 ), #4292 ) ;
#2041 = DIRECTION ( 'NONE',  ( -0.7071067811865530128, -0.5416752204197002873, -0.4545194776720370422 ) ) ;
#2042 = COLOUR_RGB ( '',0.7529411764705882248, 0.7529411764705882248, 0.7529411764705882248 ) ;
#2043 = CARTESIAN_POINT ( 'NONE',  ( 24.96949299565817526, 47.90282726319668427, -22.58716621376464317 ) ) ;
#2044 = SURFACE_SIDE_STYLE ('',( #4265 ) ) ;
#2045 = FILL_AREA_STYLE ('',( #5387 ) ) ;
#2046 = CARTESIAN_POINT ( 'NONE',  ( -19.60942622201922703, 33.08730108864451580, -7.459369268768429428 ) ) ;
#2047 = EDGE_LOOP ( 'NONE', ( #4267, #2349, #3974, #5797 ) ) ;
#2048 = VERTEX_POINT ( 'NONE', #2182 ) ;
#2049 = PLANE ( 'NONE',  #549 ) ;
#2050 = FILL_AREA_STYLE_COLOUR ( '', #768 ) ;
#2051 = CARTESIAN_POINT ( 'NONE',  ( -20.84842161505969926, 62.33407271851740461, -14.88180706085177540 ) ) ;
#2052 = ORIENTED_EDGE ( 'NONE', *, *, #6558, .T. ) ;
#2053 = ORIENTED_EDGE ( 'NONE', *, *, #3784, .T. ) ;
#2054 = CARTESIAN_POINT ( 'NONE',  ( -27.79020326408389963, 48.84912551300750039, -23.53360881919926584 ) ) ;
#2055 = DIRECTION ( 'NONE',  ( -1.832802226030400722E-19, 0.4999972845804243060, -0.8660269715269856006 ) ) ;
#2056 = CARTESIAN_POINT ( 'NONE',  ( -47.81758632408276810, 67.52401603670325869, -14.19481000861676279 ) ) ;
#2057 = EDGE_CURVE ( 'NONE', #1768, #1585, #293, .T. ) ;
#2058 = CARTESIAN_POINT ( 'NONE',  ( -20.37970965657550693, 39.86572080059497125, -21.16390670972545607 ) ) ;
#2059 = CARTESIAN_POINT ( 'NONE',  ( 86.50000000000004263, 48.84873222487523492, -23.53362743373489963 ) ) ;
#2060 = PRODUCT_DEFINITION_SHAPE ( 'NONE', 'NONE',  #4656 ) ;
#2061 = SURFACE_STYLE_USAGE ( .BOTH. , #388 ) ;
#2062 = FILL_AREA_STYLE ('',( #4220 ) ) ;
#2063 =( NAMED_UNIT ( * ) PLANE_ANGLE_UNIT ( ) SI_UNIT ( $, .RADIAN. ) );
#2064 = VERTEX_POINT ( 'NONE', #6058 ) ;
#2065 = EDGE_CURVE ( 'NONE', #5471, #5493, #1108, .T. ) ;
#2066 = EDGE_CURVE ( 'NONE', #592, #934, #3333, .T. ) ;
#2067 = CARTESIAN_POINT ( 'NONE',  ( -40.50007565895970174, 0.000000000000000000, 0.000000000000000000 ) ) ;
#2068 = B_SPLINE_CURVE_WITH_KNOTS ( 'NONE', 1,
 ( #2832, #5446 ),
 .UNSPECIFIED., .F., .F.,
 ( 2, 2 ),
 ( 0.000000000000000000, 1.000000000000000000 ),
 .UNSPECIFIED. ) ;
#2069 = CARTESIAN_POINT ( 'NONE',  ( 1.306036206845384594E-15, 60.36601788426806792, -19.48215116560825066 ) ) ;
#2070 = VERTEX_POINT ( 'NONE', #4399 ) ;
#2071 = CARTESIAN_POINT ( 'NONE',  ( -24.61053799616890458, 46.41767230804770605, -23.92081334092923228 ) ) ;
#2072 = SURFACE_STYLE_USAGE ( .BOTH. , #2628 ) ;
#2073 = DIRECTION ( 'NONE',  ( 3.139300416647515079E-05, -0.9659254198748025155, 0.2588205599525775780 ) ) ;
#2074 = CARTESIAN_POINT ( 'NONE',  ( -47.89493413160970192, 49.86607490808049192, -1.295584763543871087 ) ) ;
#2075 = CARTESIAN_POINT ( 'NONE',  ( -15.72757285520459014, -20.86940764386208258, 37.10079517573296926 ) ) ;
#2076 = CARTESIAN_POINT ( 'NONE',  ( 18.72490892754753489, 31.06892234595382618, -7.638118238917618541 ) ) ;
#2077 = ADVANCED_FACE ( 'NONE', ( #3882 ), #6673, .F. ) ;
#2078 = SURFACE_SIDE_STYLE ('',( #7007 ) ) ;
#2079 = EDGE_LOOP ( 'NONE', ( #6266, #2438, #6254, #669 ) ) ;
#2080 = CARTESIAN_POINT ( 'NONE',  ( 45.57754958227815223, 61.87333858503815520, -11.68371476648929885 ) ) ;
#2081 = CARTESIAN_POINT ( 'NONE',  ( -21.24449986700190962, 34.71085434272710302, -7.006812718958971509 ) ) ;
#2082 =( NAMED_UNIT ( * ) SI_UNIT ( $, .STERADIAN. ) SOLID_ANGLE_UNIT ( ) );
#2083 = VERTEX_POINT ( 'NONE', #4026 ) ;
#2084 = ORIENTED_EDGE ( 'NONE', *, *, #368, .T. ) ;
#2085 = PRESENTATION_STYLE_ASSIGNMENT (( #1086 ) ) ;
#2086 = CARTESIAN_POINT ( 'NONE',  ( -42.82050600884510061, 51.32804005439697903, -23.43358507795462486 ) ) ;
#2087 = SURFACE_STYLE_USAGE ( .BOTH. , #3269 ) ;
#2088 = CARTESIAN_POINT ( 'NONE',  ( 20.33478368110082357, 34.01303723906937648, -7.245530212770007417 ) ) ;
#2089 = CYLINDRICAL_SURFACE ( 'NONE', #6406, 28.65000000000000213 ) ;
#2090 = CARTESIAN_POINT ( 'NONE',  ( -45.02904715596553586, 48.09954868489861468, 0.5707606418069918197 ) ) ;
#2091 = DIRECTION ( 'NONE',  ( 1.816216710871860617E-16, 0.9396926207859068736, -0.3420201433256726542 ) ) ;
#2092 = CARTESIAN_POINT ( 'NONE',  ( -19.49999999999999645, 28.87971169206766930, -8.391328859954194641 ) ) ;
#2093 = UNCERTAINTY_MEASURE_WITH_UNIT (LENGTH_MEASURE( 1.000000000000000082E-05 ), #1993, 'distance_accuracy_value', 'NONE');
#2094 = CARTESIAN_POINT ( 'NONE',  ( -19.50000000000000000, 28.87971169206766930, -8.391328859954214181 ) ) ;
#2095 = FILL_AREA_STYLE_COLOUR ( '', #327 ) ;
#2096 = FACE_OUTER_BOUND ( 'NONE', #4753, .T. ) ;
#2097 = CARTESIAN_POINT ( 'NONE',  ( -19.22291544059872948, 32.43413958423834487, -7.563614006356402797 ) ) ;
#2098 = ORIENTED_EDGE ( 'NONE', *, *, #1465, .F. ) ;
#2099 = LINE ( 'NONE', #3724, #6135 ) ;
#2100 = B_SPLINE_CURVE_WITH_KNOTS ( 'NONE', 3,
 ( #1468, #6287, #749, #238 ),
 .UNSPECIFIED., .F., .F.,
 ( 4, 4 ),
 ( 0.000000000000000000, 0.002077243117279807278 ),
 .UNSPECIFIED. ) ;
#2101 = CARTESIAN_POINT ( 'NONE',  ( 35.86651428099028038, 49.16420445330332001, -23.84910164049150438 ) ) ;
#2102 = EDGE_CURVE ( 'NONE', #6028, #6791, #3282, .T. ) ;
#2103 = PRODUCT_RELATED_PRODUCT_CATEGORY ( 'part', '', ( #6999 ) ) ;
#2104 = CARTESIAN_POINT ( 'NONE',  ( -21.54897235278889411, 42.03196272863158356, -22.14089146305068567 ) ) ;
#2105 = EDGE_CURVE ( 'NONE', #5332, #5625, #4949, .T. ) ;
#2106 = ORIENTED_EDGE ( 'NONE', *, *, #861, .T. ) ;
#2107 = CARTESIAN_POINT ( 'NONE',  ( -29.56587066753147397, 39.09971780648290718, -4.625187600424533585 ) ) ;
#2108 = CARTESIAN_POINT ( 'NONE',  ( 32.88455706717109450, 71.46680702631888948, -6.144963286393061885 ) ) ;
#2109 = PLANE ( 'NONE',  #5918 ) ;
#2110 = PRESENTATION_LAYER_ASSIGNMENT (  '', '', ( #857 ) ) ;
#2111 = DIRECTION ( 'NONE',  ( 0.000000000000000000, 0.5000078181179129500, -0.8660208899449043374 ) ) ;
#2112 = CARTESIAN_POINT ( 'NONE',  ( 18.66074631043778709, 30.78520349335094863, -7.630752511193094278 ) ) ;
#2113 = CARTESIAN_POINT ( 'NONE',  ( 35.86651428099029459, 47.90231553959098676, -22.58720481346511377 ) ) ;
#2114 = CARTESIAN_POINT ( 'NONE',  ( 18.49999901265290347, 29.09062307249023860, -7.413786302928200733 ) ) ;
#2115 = AXIS2_PLACEMENT_3D ( 'NONE', #446, #550, #4784 ) ;
#2116 = ORIENTED_EDGE ( 'NONE', *, *, #5647, .T. ) ;
#2117 = ORIENTED_EDGE ( 'NONE', *, *, #5985, .F. ) ;
#2118 = DIRECTION ( 'NONE',  ( -6.442591512363824568E-17, 1.000000000000000000, 0.000000000000000000 ) ) ;
#2119 = ORIENTED_EDGE ( 'NONE', *, *, #1356, .F. ) ;
#2120 = EDGE_LOOP ( 'NONE', ( #1433, #5704, #1196, #2140 ) ) ;
#2121 = CARTESIAN_POINT ( 'NONE',  ( 19.50000000000000000, 9.394940070466011761, 11.87944464072754513 ) ) ;
#2122 = EDGE_CURVE ( 'NONE', #245, #7088, #5628, .T. ) ;
#2123 = MECHANICAL_DESIGN_GEOMETRIC_PRESENTATION_REPRESENTATION (  '', ( #1770 ), #3031 ) ;
#2124 = CARTESIAN_POINT ( 'NONE',  ( -24.96271189915622557, 49.79569150636420716, -24.48005005570616888 ) ) ;
#2125 = FILL_AREA_STYLE_COLOUR ( '', #3074 ) ;
#2126 = CARTESIAN_POINT ( 'NONE',  ( 21.54897235278889411, 45.46416258145259093, -28.08567903666364884 ) ) ;
#2127 = CARTESIAN_POINT ( 'NONE',  ( 25.31671248529766061, 63.20552028284063795, -16.68807711433927210 ) ) ;
#2128 = CARTESIAN_POINT ( 'NONE',  ( -19.50000000000000000, -15.61093147915759083, 40.12455806908076994 ) ) ;
#2129 = LINE ( 'NONE', #1063, #5916 ) ;
#2130 = VECTOR ( 'NONE', #1044, 1000.000000000000000 ) ;
#2131 =( NAMED_UNIT ( * ) PLANE_ANGLE_UNIT ( ) SI_UNIT ( $, .RADIAN. ) );
#2132 = ORIENTED_EDGE ( 'NONE', *, *, #954, .T. ) ;
#2133 = UNCERTAINTY_MEASURE_WITH_UNIT (LENGTH_MEASURE( 1.000000000000000082E-05 ), #2470, 'distance_accuracy_value', 'NONE');
#2134 = COLOUR_RGB ( '',0.7529411764705882248, 0.7529411764705882248, 0.7529411764705882248 ) ;
#2135 = PRESENTATION_LAYER_ASSIGNMENT (  '', '', ( #746 ) ) ;
#2136 = CARTESIAN_POINT ( 'NONE',  ( 27.38265057738642128, 38.49914023741402502, -5.607610072215272190 ) ) ;
#2137 = EDGE_CURVE ( 'NONE', #5431, #980, #1693, .T. ) ;
#2138 = CARTESIAN_POINT ( 'NONE',  ( -19.50000000000000000, 1.782851187808210280, 30.28552187494406667 ) ) ;
#2139 = CARTESIAN_POINT ( 'NONE',  ( 47.78915770133959029, 67.52685203966676397, -14.19317265337198641 ) ) ;
#2140 = ORIENTED_EDGE ( 'NONE', *, *, #244, .F. ) ;
#2141 = AXIS2_PLACEMENT_3D ( 'NONE', #1352, #5731, #825 ) ;
#2142 =( NAMED_UNIT ( * ) PLANE_ANGLE_UNIT ( ) SI_UNIT ( $, .RADIAN. ) );
#2143 = FACE_OUTER_BOUND ( 'NONE', #2005, .T. ) ;
#2144 = CIRCLE ( 'NONE', #4665, 12.00000000005899636 ) ;
#2145 = VECTOR ( 'NONE', #4303, 1000.000000000000000 ) ;
#2146 = LINE ( 'NONE', #4807, #6068 ) ;
#2147 = ORIENTED_EDGE ( 'NONE', *, *, #2856, .F. ) ;
#2148 = AXIS2_PLACEMENT_3D ( 'NONE', #2592, #1435, #477 ) ;
#2149 = EDGE_CURVE ( 'NONE', #6761, #121, #3904, .T. ) ;
#2150 = CYLINDRICAL_SURFACE ( 'NONE', #1527, 6.000000000000000888 ) ;
#2151 = MECHANICAL_DESIGN_GEOMETRIC_PRESENTATION_REPRESENTATION (  '', ( #4330 ), #5580 ) ;
#2152 = CARTESIAN_POINT ( 'NONE',  ( 24.56262237625789169, 46.64676929912916847, -24.11779430650291900 ) ) ;
#2153 = FACE_OUTER_BOUND ( 'NONE', #373, .T. ) ;
#2154 = PRESENTATION_STYLE_ASSIGNMENT (( #7080 ) ) ;
#2155 = COLOUR_RGB ( '',0.7529411764705882248, 0.7529411764705882248, 0.7529411764705882248 ) ;
#2156 = CARTESIAN_POINT ( 'NONE',  ( 38.29616466920965223, 50.09129742930124962, -24.48005098257648626 ) ) ;
#2157 = PRESENTATION_STYLE_ASSIGNMENT (( #7083 ) ) ;
#2158 = PRESENTATION_LAYER_ASSIGNMENT (  '', '', ( #5701 ) ) ;
#2159 = ORIENTED_EDGE ( 'NONE', *, *, #3470, .F. ) ;
#2160 = LINE ( 'NONE', #3952, #776 ) ;
#2161 = CARTESIAN_POINT ( 'NONE',  ( -22.10622777247208148, 35.34739437721056987, -6.738410221327434613 ) ) ;
#2162 = ORIENTED_EDGE ( 'NONE', *, *, #5192, .F. ) ;
#2163 = VERTEX_POINT ( 'NONE', #5054 ) ;
#2164 = EDGE_CURVE ( 'NONE', #5859, #6334, #4525, .T. ) ;
#2165 = EDGE_CURVE ( 'NONE', #1417, #7001, #5229, .T. ) ;
#2166 = LINE ( 'NONE', #1512, #6815 ) ;
#2167 = CONICAL_SURFACE ( 'NONE', #5591, 6.999999999999975131, 0.7853981633974491672 ) ;
#2168 = CARTESIAN_POINT ( 'NONE',  ( -40.04544760989521279, 50.73479706216188134, -24.48005300026546749 ) ) ;
#2169 = CARTESIAN_POINT ( 'NONE',  ( 1.322798709854868086E-15, 14.63710142793286195, 59.72322904585261938 ) ) ;
#2170 = LINE ( 'NONE', #3863, #4183 ) ;
#2171 =( LENGTH_UNIT ( ) NAMED_UNIT ( * ) SI_UNIT ( .MILLI., .METRE. ) );
#2172 = VERTEX_POINT ( 'NONE', #1998 ) ;
#2173 = CARTESIAN_POINT ( 'NONE',  ( 26.08729962432848737, 37.65331201928317739, -6.614615203107181429 ) ) ;
#2174 = DIRECTION ( 'NONE',  ( 1.000000000000000000, 0.000000000000000000, 0.000000000000000000 ) ) ;
#2175 =( GEOMETRIC_REPRESENTATION_CONTEXT ( 3 ) GLOBAL_UNCERTAINTY_ASSIGNED_CONTEXT ( ( #386 ) ) GLOBAL_UNIT_ASSIGNED_CONTEXT ( ( #4225, #5303, #2547 ) ) REPRESENTATION_CONTEXT ( 'NONE', 'WORKASPACE' ) );
#2176 = CARTESIAN_POINT ( 'NONE',  ( -20.00397501304108872, 31.89264419078233814, -8.791113403520892433 ) ) ;
#2177 = CARTESIAN_POINT ( 'NONE',  ( 19.51164993936514236, 35.57308960503323192, -19.22795612457267822 ) ) ;
#2178 = SURFACE_STYLE_USAGE ( .BOTH. , #4957 ) ;
#2179 = EDGE_CURVE ( 'NONE', #3660, #6559, #6246, .T. ) ;
#2180 = DIRECTION ( 'NONE',  ( -1.000000000000000000, 0.000000000000000000, 0.000000000000000000 ) ) ;
#2181 = CARTESIAN_POINT ( 'NONE',  ( -26.14878360057040751, 38.22387370574296028, -5.130834501568735107 ) ) ;
#2182 = CARTESIAN_POINT ( 'NONE',  ( -19.50000000000000000, -20.86940764386208258, 16.02368491557549746 ) ) ;
#2183 = CARTESIAN_POINT ( 'NONE',  ( -46.84772002150147330, 47.01932880202476639, -6.303318950012902988 ) ) ;
#2184 = EDGE_LOOP ( 'NONE', ( #4130, #3686, #6823, #3918, #6469, #1759 ) ) ;
#2185 = PRESENTATION_STYLE_ASSIGNMENT (( #2724 ) ) ;
#2186 = CARTESIAN_POINT ( 'NONE',  ( 32.88455697412962309, 68.55049947093311857, -1.092919475004852536 ) ) ;
#2187 = CARTESIAN_POINT ( 'NONE',  ( -19.50000000000000000, -19.10772577454797627, 0.7256398128745733533 ) ) ;
#2188 = DIRECTION ( 'NONE',  ( 0.000000000000000000, -0.9396926207859068736, 0.3420201433256726542 ) ) ;
#2189 = CARTESIAN_POINT ( 'NONE',  ( 18.49999999999998224, -7.431945887776403303, 12.52368491557550101 ) ) ;
#2190 = EDGE_CURVE ( 'NONE', #5098, #5725, #1936, .T. ) ;
#2191 = CARTESIAN_POINT ( 'NONE',  ( 29.75440252253877560, 48.84873222487523492, -23.53362743373489963 ) ) ;
#2192 = CARTESIAN_POINT ( 'NONE',  ( 37.49109912709483439, 54.47548615716437581, -28.94630172419524783 ) ) ;
#2193 = CARTESIAN_POINT ( 'NONE',  ( 18.86353330351220947, 31.55808935392623482, -7.633088001097891429 ) ) ;
#2194 = ORIENTED_EDGE ( 'NONE', *, *, #4171, .F. ) ;
#2195 = CARTESIAN_POINT ( 'NONE',  ( 19.51671248530030311, 63.70551756741828342, -17.55410408586601889 ) ) ;
#2196 = ORIENTED_EDGE ( 'NONE', *, *, #1237, .T. ) ;
#2197 = ORIENTED_EDGE ( 'NONE', *, *, #2066, .F. ) ;
#2198 = B_SPLINE_CURVE_WITH_KNOTS ( 'NONE', 1,
 ( #2453, #1899 ),
 .UNSPECIFIED., .F., .F.,
 ( 2, 2 ),
 ( 0.000000000000000000, 1.000000000000000000 ),
 .UNSPECIFIED. ) ;
#2199 = B_SPLINE_SURFACE_WITH_KNOTS ( 'NONE', 1, 3, ( 
 ( #4152, #3078, #5271, #938, #469, #3140, #1499, #3695, #4842, #6461 ),
 ( #3183, #4187, #366, #6961, #332, #1534, #2517, #7037, #2107, #6353 ) ),
 .UNSPECIFIED., .F., .F., .F.,
 ( 2, 2 ),
 ( 4, 2, 2, 2, 4 ),
 ( 0.000000000000000000, 1.000000000000000000 ),
 ( 0.8567057790793685124, 1.045398653981559844, 1.234091528883751288, 1.422784403785942509, 1.611477278688133952 ),
 .UNSPECIFIED. ) ;
#2200 = DIRECTION ( 'NONE',  ( -1.832802226030400481E-19, 0.4999972845804242505, -0.8660269715269854895 ) ) ;
#2201 = CARTESIAN_POINT ( 'NONE',  ( -39.50876749154396350, 55.97085068882810077, -29.41791818682636261 ) ) ;
#2202 = CARTESIAN_POINT ( 'NONE',  ( 18.50000000000003197, 27.77978190454139806, -7.035713826835583440 ) ) ;
#2203 = CARTESIAN_POINT ( 'NONE',  ( -22.49842161505969784, 63.83406457225790120, -17.47988797543362338 ) ) ;
#2204 = CARTESIAN_POINT ( 'NONE',  ( -38.27101857106742244, 50.02667373652148086, -24.48005077994930545 ) ) ;
#2205 = EDGE_CURVE ( 'NONE', #3133, #6559, #1450, .T. ) ;
#2206 = ORIENTED_EDGE ( 'NONE', *, *, #5306, .F. ) ;
#2207 = CARTESIAN_POINT ( 'NONE',  ( 29.12437763860425477, 39.07717639825801115, -4.637825297183895579 ) ) ;
#2208 = CYLINDRICAL_SURFACE ( 'NONE', #2369, 12.00000000000000000 ) ;
#2209 = UNCERTAINTY_MEASURE_WITH_UNIT (LENGTH_MEASURE( 1.000000000000000082E-05 ), #2015, 'distance_accuracy_value', 'NONE');
#2210 = ORIENTED_EDGE ( 'NONE', *, *, #5540, .F. ) ;
#2211 = B_SPLINE_CURVE_WITH_KNOTS ( 'NONE', 3,
 ( #3720, #1415, #4832, #5898 ),
 .UNSPECIFIED., .F., .F.,
 ( 4, 4 ),
 ( 0.000000000000000000, 1.000000000000000000 ),
 .UNSPECIFIED. ) ;
#2212 = CARTESIAN_POINT ( 'NONE',  ( 26.93634868058839515, 38.40932440274467297, -5.452044498850341370 ) ) ;
#2213 = CARTESIAN_POINT ( 'NONE',  ( 19.80143349823252663, 37.91412487011690047, -20.28374836346335641 ) ) ;
#2214 = CARTESIAN_POINT ( 'NONE',  ( -19.60916008268462818, 33.09069160961894340, -7.459617957330262783 ) ) ;
#2215 = ORIENTED_EDGE ( 'NONE', *, *, #6170, .T. ) ;
#2216 = ORIENTED_EDGE ( 'NONE', *, *, #2919, .T. ) ;
#2217 = CARTESIAN_POINT ( 'NONE',  ( -27.97687252103307642, 38.59501232890099942, -5.773665389039616791 ) ) ;
#2218 = ADVANCED_FACE ( 'NONE', ( #4192 ), #5167, .F. ) ;
#2219 = EDGE_CURVE ( 'NONE', #3394, #2064, #1473, .T. ) ;
#2220 = CARTESIAN_POINT ( 'NONE',  ( -24.39733573876685568, 46.97287224322329280, -24.48004120477426326 ) ) ;
#2221 = ORIENTED_EDGE ( 'NONE', *, *, #6514, .F. ) ;
#2222 = CARTESIAN_POINT ( 'NONE',  ( -27.81434421835827564, 48.46046800227764351, -23.50431676988253926 ) ) ;
#2223 = LINE ( 'NONE', #6644, #2378 ) ;
#2224 = ADVANCED_FACE ( 'NONE', ( #4125 ), #532, .T. ) ;
#2225 = CARTESIAN_POINT ( 'NONE',  ( 47.86651428099028749, 59.86601784664484427, -18.61612578353972580 ) ) ;
#2226 = DIRECTION ( 'NONE',  ( 0.000000000000000000, 0.000000000000000000, 1.000000000000000000 ) ) ;
#2227 = CARTESIAN_POINT ( 'NONE',  ( 42.60259120758153983, 59.40975596389030500, -30.46075650244389266 ) ) ;
#2228 = CARTESIAN_POINT ( 'NONE',  ( -19.54167896712660024, 29.86302102608327758, -8.633995860000680977 ) ) ;
#2229 = ORIENTED_EDGE ( 'NONE', *, *, #6911, .F. ) ;
#2230 = CARTESIAN_POINT ( 'NONE',  ( -34.96870761492402835, 60.35001061816331713, -29.25878888871900330 ) ) ;
#2231 = ORIENTED_EDGE ( 'NONE', *, *, #5215, .T. ) ;
#2232 = ORIENTED_EDGE ( 'NONE', *, *, #551, .F. ) ;
#2233 =( GEOMETRIC_REPRESENTATION_CONTEXT ( 3 ) GLOBAL_UNCERTAINTY_ASSIGNED_CONTEXT ( ( #887 ) ) GLOBAL_UNIT_ASSIGNED_CONTEXT ( ( #3131, #5326, #6343 ) ) REPRESENTATION_CONTEXT ( 'NONE', 'WORKASPACE' ) );
#2234 = CARTESIAN_POINT ( 'NONE',  ( 18.49999999999998934, 34.64036839879219798, -19.90124438723412936 ) ) ;
#2235 = SURFACE_SIDE_STYLE ('',( #1223 ) ) ;
#2236 =( GEOMETRIC_REPRESENTATION_CONTEXT ( 3 ) GLOBAL_UNCERTAINTY_ASSIGNED_CONTEXT ( ( #4174 ) ) GLOBAL_UNIT_ASSIGNED_CONTEXT ( ( #6795, #1976, #4165 ) ) REPRESENTATION_CONTEXT ( 'NONE', 'WORKASPACE' ) );
#2237 = COLOUR_RGB ( '',0.7529411764705882248, 0.7529411764705882248, 0.7529411764705882248 ) ;
#2238 = FILL_AREA_STYLE_COLOUR ( '', #1666 ) ;
#2239 = ORIENTED_EDGE ( 'NONE', *, *, #6922, .F. ) ;
#2240 = EDGE_LOOP ( 'NONE', ( #1325, #3118, #5346, #5932, #5964 ) ) ;
#2241 = CARTESIAN_POINT ( 'NONE',  ( 25.80330130564415470, 37.43808083876820803, -6.738880908450071594 ) ) ;
#2242 = VERTEX_POINT ( 'NONE', #1574 ) ;
#2243 = ORIENTED_EDGE ( 'NONE', *, *, #3130, .T. ) ;
#2244 = CARTESIAN_POINT ( 'NONE',  ( -18.50000031882222729, 28.20763264139012350, -7.191438759757384780 ) ) ;
#2245 = EDGE_CURVE ( 'NONE', #1834, #1865, #86, .T. ) ;
#2246 = CARTESIAN_POINT ( 'NONE',  ( 20.89046318958916970, 34.43922584535435760, -7.099606304089565612 ) ) ;
#2247 = CARTESIAN_POINT ( 'NONE',  ( 20.35713861256745716, 32.64524377145587408, -8.732504481794943985 ) ) ;
#2248 = EDGE_CURVE ( 'NONE', #4239, #5727, #5413, .T. ) ;
#2249 = COLOUR_RGB ( '',0.7529411764705882248, 0.7529411764705882248, 0.7529411764705882248 ) ;
#2250 = CARTESIAN_POINT ( 'NONE',  ( -18.72472287424465875, 31.06821037444109024, -7.638197543870782091 ) ) ;
#2251 = STYLED_ITEM ( 'NONE', ( #4147 ), #1577 ) ;
#2252 = CARTESIAN_POINT ( 'NONE',  ( 19.52964174441501299, 35.91269182607697985, -19.38111410246139243 ) ) ;
#2253 = MECHANICAL_DESIGN_GEOMETRIC_PRESENTATION_REPRESENTATION (  '', ( #529 ), #2928 ) ;
#2254 = EDGE_CURVE ( 'NONE', #4531, #4781, #1901, .T. ) ;
#2255 = CYLINDRICAL_SURFACE ( 'NONE', #5789, 1.650000000000000355 ) ;
#2256 = MECHANICAL_DESIGN_GEOMETRIC_PRESENTATION_REPRESENTATION (  '', ( #5338 ), #5111 ) ;
#2257 = SURFACE_STYLE_FILL_AREA ( #5171 ) ;
#2258 = ORIENTED_EDGE ( 'NONE', *, *, #6590, .T. ) ;
#2259 = AXIS2_PLACEMENT_3D ( 'NONE', #4447, #6647, #3303 ) ;
#2260 = CARTESIAN_POINT ( 'NONE',  ( -28.50676482420780644, 48.69365827003323233, -23.52193053480334939 ) ) ;
#2261 = DIRECTION ( 'NONE',  ( 0.000000000000000000, -0.5000000376206866770, 0.8660253820641238276 ) ) ;
#2262 = VECTOR ( 'NONE', #3963, 1000.000000000000000 ) ;
#2263 = CARTESIAN_POINT ( 'NONE',  ( 19.49996617376985952, 27.77977508818676355, -7.035711345885390600 ) ) ;
#2264 = CARTESIAN_POINT ( 'NONE',  ( 24.55417500144304910, 46.68477318213834337, -24.15072023251979161 ) ) ;
#2265 = VECTOR ( 'NONE', #3785, 1000.000000000000114 ) ;
#2266 = DIRECTION ( 'NONE',  ( 0.7071067811865467956, 0.5416752204197045062, 0.4545194776720415386 ) ) ;
#2267 = DIRECTION ( 'NONE',  ( 3.633067695312639666E-06, 0.5000000376173868721, -0.8660253820584085105 ) ) ;
#2268 = CARTESIAN_POINT ( 'NONE',  ( 47.14910727675678004, 58.16861288553333509, -25.77490300356620168 ) ) ;
#2269 = VECTOR ( 'NONE', #5776, 1000.000000000000227 ) ;
#2270 = ORIENTED_EDGE ( 'NONE', *, *, #3105, .F. ) ;
#2271 = DIRECTION ( 'NONE',  ( -4.263295719373850310E-14, 0.8660254038420629463, 0.4999999999001918938 ) ) ;
#2272 = EDGE_CURVE ( 'NONE', #5641, #2844, #4772, .T. ) ;
#2273 = ORIENTED_EDGE ( 'NONE', *, *, #1480, .T. ) ;
#2274 = FILL_AREA_STYLE ('',( #3992 ) ) ;
#2275 = FILL_AREA_STYLE ('',( #1755 ) ) ;
#2276 = CIRCLE ( 'NONE', #1241, 17.00000000000000000 ) ;
#2277 = MECHANICAL_DESIGN_GEOMETRIC_PRESENTATION_REPRESENTATION (  '', ( #1456 ), #4797 ) ;
#2278 = FACE_OUTER_BOUND ( 'NONE', #561, .T. ) ;
#2279 = ORIENTED_EDGE ( 'NONE', *, *, #2687, .F. ) ;
#2280 = ORIENTED_EDGE ( 'NONE', *, *, #1686, .F. ) ;
#2281 = CARTESIAN_POINT ( 'NONE',  ( 35.86598148916029061, 76.55880526296095923, -8.978606641780656261 ) ) ;
#2282 = DIRECTION ( 'NONE',  ( 1.832814720787925922E-19, -0.5000000376206867880, 0.8660253820641239386 ) ) ;
#2283 = ORIENTED_EDGE ( 'NONE', *, *, #5037, .T. ) ;
#2284 = PRESENTATION_LAYER_ASSIGNMENT (  '', '', ( #2961 ) ) ;
#2285 = CARTESIAN_POINT ( 'NONE',  ( -25.44136441450455877, 46.69436500483445940, -23.40474446543165499 ) ) ;
#2286 = AXIS2_PLACEMENT_3D ( 'NONE', #2169, #4350, #2669 ) ;
#2287 = CARTESIAN_POINT ( 'NONE',  ( -18.94649033452052933, 31.79632419342934213, -7.621814251879612812 ) ) ;
#2288 = CARTESIAN_POINT ( 'NONE',  ( 20.53204485877360952, 40.23562188521083272, -21.33073581631219540 ) ) ;
#2289 = CARTESIAN_POINT ( 'NONE',  ( 26.99024202739203204, 48.03789177152711432, -23.47243423576308174 ) ) ;
#2290 = ORIENTED_EDGE ( 'NONE', *, *, #3604, .T. ) ;
#2291 = VECTOR ( 'NONE', #1285, 1000.000000000000114 ) ;
#2292 = EDGE_LOOP ( 'NONE', ( #6824, #2755, #4977, #4257 ) ) ;
#2293 = SURFACE_SIDE_STYLE ('',( #671 ) ) ;
#2294 = MECHANICAL_DESIGN_GEOMETRIC_PRESENTATION_REPRESENTATION (  '', ( #4470 ), #3179 ) ;
#2295 = SURFACE_SIDE_STYLE ('',( #5646 ) ) ;
#2296 = CARTESIAN_POINT ( 'NONE',  ( -41.54418761761295542, 42.11497498549265117, -9.134848943822115430 ) ) ;
#2297 = LINE ( 'NONE', #4482, #3515 ) ;
#2298 = EDGE_CURVE ( 'NONE', #1987, #6027, #1229, .T. ) ;
#2299 = ORIENTED_EDGE ( 'NONE', *, *, #6532, .F. ) ;
#2300 = DIRECTION ( 'NONE',  ( -0.000000000000000000, 1.000000000000000000, 0.000000000000000000 ) ) ;
#2301 = CARTESIAN_POINT ( 'NONE',  ( 25.62567492329050722, 46.86878801304467146, -23.38431102321531085 ) ) ;
#2302 = B_SPLINE_CURVE_WITH_KNOTS ( 'NONE', 1,
 ( #3419, #5597 ),
 .UNSPECIFIED., .F., .F.,
 ( 2, 2 ),
 ( 0.000000000000000000, 1.000000000000000000 ),
 .UNSPECIFIED. ) ;
#2303 = CARTESIAN_POINT ( 'NONE',  ( 38.74547474316492668, 51.15438832298575278, -24.80044946188525756 ) ) ;
#2304 = CARTESIAN_POINT ( 'NONE',  ( 41.34710014454201144, 50.97602747010049029, -24.02655915830909805 ) ) ;
#2305 = CARTESIAN_POINT ( 'NONE',  ( 30.98973516225460756, 54.16684433183404224, -28.85157158062292027 ) ) ;
#2306 = CARTESIAN_POINT ( 'NONE',  ( -22.49842161505969784, 63.83406457225790120, -17.47988797543362338 ) ) ;
#2307 = CARTESIAN_POINT ( 'NONE',  ( 18.49999999999998934, 21.54842554826505108, -15.13616688092796636 ) ) ;
#2308 = ORIENTED_EDGE ( 'NONE', *, *, #4167, .F. ) ;
#2309 = CARTESIAN_POINT ( 'NONE',  ( -20.17716565453748601, 41.32595320848484732, -22.33459825662455600 ) ) ;
#2310 = CARTESIAN_POINT ( 'NONE',  ( -47.86651428099029459, 57.36606294617247670, -14.28603916684707897 ) ) ;
#2311 = CARTESIAN_POINT ( 'NONE',  ( -41.08894359652606454, 43.01563560424011712, -2.364427763194241638 ) ) ;
#2312 = EDGE_CURVE ( 'NONE', #4465, #1233, #504, .T. ) ;
#2313 = DIRECTION ( 'NONE',  ( 1.000000000000000000, 0.000000000000000000, 0.000000000000000000 ) ) ;
#2314 = ORIENTED_EDGE ( 'NONE', *, *, #2879, .T. ) ;
#2315 = SURFACE_STYLE_USAGE ( .BOTH. , #1731 ) ;
#2316 = DIRECTION ( 'NONE',  ( 0.000000000000000000, -0.8660253820641239386, -0.5000000376206867880 ) ) ;
#2317 = ORIENTED_EDGE ( 'NONE', *, *, #447, .F. ) ;
#2318 = CARTESIAN_POINT ( 'NONE',  ( -20.74615421975197904, 33.25121980151639178, -8.637894122304228262 ) ) ;
#2319 = FILL_AREA_STYLE_COLOUR ( '', #2968 ) ;
#2320 = EDGE_CURVE ( 'NONE', #3436, #410, #4262, .T. ) ;
#2321 =( LENGTH_UNIT ( ) NAMED_UNIT ( * ) SI_UNIT ( .MILLI., .METRE. ) );
#2322 = CARTESIAN_POINT ( 'NONE',  ( -9.364937686570399933, -14.71714881219270055, 14.02368491557550634 ) ) ;
#2323 = CARTESIAN_POINT ( 'NONE',  ( 26.30190095049385945, 47.53034684318753023, -23.43414529544306291 ) ) ;
#2324 = ORIENTED_EDGE ( 'NONE', *, *, #3313, .F. ) ;
#2325 = PRESENTATION_STYLE_ASSIGNMENT (( #2432 ) ) ;
#2326 = CARTESIAN_POINT ( 'NONE',  ( -43.04224188426376685, 51.53643770357894027, -23.42517629831139558 ) ) ;
#2327 = DIRECTION ( 'NONE',  ( -1.832802226030400481E-19, 0.4999972845804242505, -0.8660269715269854895 ) ) ;
#2328 = DIRECTION ( 'NONE',  ( 3.930489233341650988E-19, -0.8660269715269856006, -0.4999972845804243615 ) ) ;
#2329 = DIRECTION ( 'NONE',  ( -4.336808689942019662E-19, 0.9961946980917455452, 0.08715574274765795770 ) ) ;
#2330 = CARTESIAN_POINT ( 'NONE',  ( 45.41220769587553008, 71.44125296740540421, -13.08790751070838176 ) ) ;
#2331 = CARTESIAN_POINT ( 'NONE',  ( -29.75440252253873297, 48.84873222487523492, -23.53362743373490318 ) ) ;
#2332 = EDGE_CURVE ( 'NONE', #1206, #4180, #2659, .T. ) ;
#2333 = CARTESIAN_POINT ( 'NONE',  ( 42.42656622799265165, 51.32217102267051700, -23.66810196381623754 ) ) ;
#2334 = CARTESIAN_POINT ( 'NONE',  ( 31.92292359400310175, 54.16678875191234965, -28.85155452171027335 ) ) ;
#2335 = CARTESIAN_POINT ( 'NONE',  ( 18.59286761578195879, 30.40697190258471494, -7.608657966450066645 ) ) ;
#2336 = CARTESIAN_POINT ( 'NONE',  ( -18.50000000000001776, -10.71714881219669380, 36.42368491557549959 ) ) ;
#2337 = CYLINDRICAL_SURFACE ( 'NONE', #99, 1.649999999999998579 ) ;
#2338 = ORIENTED_EDGE ( 'NONE', *, *, #6600, .F. ) ;
#2339 = DIRECTION ( 'NONE',  ( 0.000000000000000000, 0.000000000000000000, 1.000000000000000000 ) ) ;
#2340 = B_SPLINE_CURVE_WITH_KNOTS ( 'NONE', 1,
 ( #4646, #380 ),
 .UNSPECIFIED., .F., .F.,
 ( 2, 2 ),
 ( 0.000000000000000000, 1.000000000000000000 ),
 .UNSPECIFIED. ) ;
#2341 = FACE_OUTER_BOUND ( 'NONE', #1563, .T. ) ;
#2342 = CARTESIAN_POINT ( 'NONE',  ( -39.89492895721978982, 42.33917022643613848, -2.754967728584797992 ) ) ;
#2343 = PLANE ( 'NONE',  #3898 ) ;
#2344 = DIRECTION ( 'NONE',  ( 1.832802226030400722E-19, -0.4999972845804243060, 0.8660269715269856006 ) ) ;
#2345 = ORIENTED_EDGE ( 'NONE', *, *, #5872, .F. ) ;
#2346 = ORIENTED_EDGE ( 'NONE', *, *, #4766, .T. ) ;
#2347 = DIRECTION ( 'NONE',  ( -0.6585046078685179438, -0.6517517157587855436, -0.3762863037919515485 ) ) ;
#2348 = FILL_AREA_STYLE ('',( #4000 ) ) ;
#2349 = ORIENTED_EDGE ( 'NONE', *, *, #462, .T. ) ;
#2350 = EDGE_LOOP ( 'NONE', ( #2386, #719, #302, #2835, #4059 ) ) ;
#2351 = ADVANCED_FACE ( 'NONE', ( #4844 ), #6131, .F. ) ;
#2352 = SURFACE_STYLE_FILL_AREA ( #4577 ) ;
#2353 = DIRECTION ( 'NONE',  ( 1.000000000000000000, 0.000000000000000000, 0.000000000000000000 ) ) ;
#2354 = DIRECTION ( 'NONE',  ( -0.5920362775794566490, -0.7573089147717232406, 0.2756379031213511133 ) ) ;
#2355 = CARTESIAN_POINT ( 'NONE',  ( -9.364937686570399933, -14.71714881219270055, 36.42368491557549959 ) ) ;
#2357 = ORIENTED_EDGE ( 'NONE', *, *, #1712, .T. ) ;
#2356 = PRESENTATION_LAYER_ASSIGNMENT (  '', '', ( #6786 ) ) ;
#2358 = EDGE_CURVE ( 'NONE', #6258, #3745, #3407, .T. ) ;
#2359 = DIRECTION ( 'NONE',  ( -1.832802226030400722E-19, 0.4999972845804243060, -0.8660269715269856006 ) ) ;
#2360 = COLOUR_RGB ( '',0.7529411764705882248, 0.7529411764705882248, 0.7529411764705882248 ) ;
#2361 = CARTESIAN_POINT ( 'NONE',  ( 21.22836076507472214, 41.59406486434181716, -21.94340066060514971 ) ) ;
#2362 =( GEOMETRIC_REPRESENTATION_CONTEXT ( 3 ) GLOBAL_UNCERTAINTY_ASSIGNED_CONTEXT ( ( #3278 ) ) GLOBAL_UNIT_ASSIGNED_CONTEXT ( ( #2321, #1300, #3499 ) ) REPRESENTATION_CONTEXT ( 'NONE', 'WORKASPACE' ) );
#2363 = CARTESIAN_POINT ( 'NONE',  ( 14.87966548789633059, 39.82532795488938859, -4.205789942357891498 ) ) ;
#2364 = VERTEX_POINT ( 'NONE', #2336 ) ;
#2365 = CARTESIAN_POINT ( 'NONE',  ( 37.30665374589089822, 76.13126775739613095, -10.38014581651692403 ) ) ;
#2366 =( NAMED_UNIT ( * ) PLANE_ANGLE_UNIT ( ) SI_UNIT ( $, .RADIAN. ) );
#2367 = CARTESIAN_POINT ( 'NONE',  ( 44.61656296954281231, 54.56535318389531852, -22.83114224129497316 ) ) ;
#2368 = DIRECTION ( 'NONE',  ( -1.000000000000000000, 0.000000000000000000, 0.000000000000000000 ) ) ;
#2369 = AXIS2_PLACEMENT_3D ( 'NONE', #5529, #2282, #2316 ) ;
#2370 = CARTESIAN_POINT ( 'NONE',  ( 24.55675580536084723, 47.13083981853112192, -24.44740419597186687 ) ) ;
#2371 = EDGE_CURVE ( 'NONE', #5544, #558, #3480, .T. ) ;
#2372 = SURFACE_STYLE_USAGE ( .BOTH. , #3559 ) ;
#2373 = ORIENTED_EDGE ( 'NONE', *, *, #2486, .F. ) ;
#2374 = CONICAL_SURFACE ( 'NONE', #4428, 2.000000000000022649, 0.7853981633974491672 ) ;
#2375 = CARTESIAN_POINT ( 'NONE',  ( -24.14842161505969642, 60.83408086477594168, -12.28372614627049231 ) ) ;
#2376 =( LENGTH_UNIT ( ) NAMED_UNIT ( * ) SI_UNIT ( .MILLI., .METRE. ) );
#2377 = MECHANICAL_DESIGN_GEOMETRIC_PRESENTATION_REPRESENTATION (  '', ( #1452 ), #4431 ) ;
#2378 = VECTOR ( 'NONE', #6542, 1000.000000000000227 ) ;
#2379 = CARTESIAN_POINT ( 'NONE',  ( -45.96988946991883296, 50.80600854012475054, -4.117009785313364922 ) ) ;
#2380 = PRESENTATION_LAYER_ASSIGNMENT (  '', '', ( #1456 ) ) ;
#2381 = EDGE_LOOP ( 'NONE', ( #4615, #4375, #3707, #5760 ) ) ;
#2382 = EDGE_LOOP ( 'NONE', ( #6973, #3190, #4357, #5478 ) ) ;
#2383 = DIRECTION ( 'NONE',  ( 0.7071067811865439090, 0.7071067811865512365, 0.000000000000000000 ) ) ;
#2384 =( LENGTH_UNIT ( ) NAMED_UNIT ( * ) SI_UNIT ( .MILLI., .METRE. ) );
#2385 = CARTESIAN_POINT ( 'NONE',  ( -34.55568424945177242, 54.18091903786854147, -28.86579127066949368 ) ) ;
#2386 = ORIENTED_EDGE ( 'NONE', *, *, #1629, .T. ) ;
#2387 = ORIENTED_EDGE ( 'NONE', *, *, #7, .T. ) ;
#2388 = EDGE_CURVE ( 'NONE', #5062, #224, #1783, .T. ) ;
#2389 = ADVANCED_FACE ( 'NONE', ( #6175 ), #3283, .T. ) ;
#2390 = DIRECTION ( 'NONE',  ( 1.832802226030400722E-19, -0.4999972845804243060, 0.8660269715269854895 ) ) ;
#2391 = AXIS2_PLACEMENT_3D ( 'NONE', #6916, #5976, #565 ) ;
#2392 = CARTESIAN_POINT ( 'NONE',  ( -24.87128812611065243, 46.19726218629468661, -23.54136981515621585 ) ) ;
#2393 = CARTESIAN_POINT ( 'NONE',  ( 18.50000000002633627, 27.77978190454139451, -7.035713826835582552 ) ) ;
#2394 =( LENGTH_UNIT ( ) NAMED_UNIT ( * ) SI_UNIT ( .MILLI., .METRE. ) );
#2395 = CARTESIAN_POINT ( 'NONE',  ( 27.23313148991572774, 48.17903721874802869, -23.48308519704454511 ) ) ;
#2396 = STYLED_ITEM ( 'NONE', ( #3606 ), #4217 ) ;
#2397 = ORIENTED_EDGE ( 'NONE', *, *, #6783, .F. ) ;
#2398 = VERTEX_POINT ( 'NONE', #1430 ) ;
#2399 = UNCERTAINTY_MEASURE_WITH_UNIT (LENGTH_MEASURE( 1.000000000000000082E-05 ), #4034, 'distance_accuracy_value', 'NONE');
#2400 = FILL_AREA_STYLE ('',( #3504 ) ) ;
#2401 = SURFACE_STYLE_FILL_AREA ( #775 ) ;
#2402 = CARTESIAN_POINT ( 'NONE',  ( 19.50000000000000000, 34.98238854211788151, -18.96155176644822404 ) ) ;
#2403 = EDGE_CURVE ( 'NONE', #3690, #1163, #3432, .T. ) ;
#2404 = CARTESIAN_POINT ( 'NONE',  ( 19.33093156742424412, 39.53053600433388937, -21.68111983622414840 ) ) ;
#2405 =( NAMED_UNIT ( * ) PLANE_ANGLE_UNIT ( ) SI_UNIT ( $, .RADIAN. ) );
#2406 = ORIENTED_EDGE ( 'NONE', *, *, #6558, .F. ) ;
#2407 = CARTESIAN_POINT ( 'NONE',  ( -36.31477043246970027, 49.68454103544879530, -18.72086935574080258 ) ) ;
#2408 = CARTESIAN_POINT ( 'NONE',  ( 19.72795315145227235, 30.99488519741503012, -8.775733383182616976 ) ) ;
#2409 = SURFACE_STYLE_USAGE ( .BOTH. , #3403 ) ;
#2410 = AXIS2_PLACEMENT_3D ( 'NONE', #2690, #5877, #15 ) ;
#2411 = CARTESIAN_POINT ( 'NONE',  ( -22.15444505107097228, 35.32395433141284968, -6.805078102482332802 ) ) ;
#2412 = CARTESIAN_POINT ( 'NONE',  ( 45.40854918860009093, 55.60509487275116669, -22.23085144414305958 ) ) ;
#2413 = SURFACE_SIDE_STYLE ('',( #1825 ) ) ;
#2414 = ORIENTED_EDGE ( 'NONE', *, *, #3438, .F. ) ;
#2415 = LINE ( 'NONE', #2941, #3597 ) ;
#2416 = CARTESIAN_POINT ( 'NONE',  ( -0.01493768657037499933, -45.21714881219698867, 36.42368491557549959 ) ) ;
#2417 = CARTESIAN_POINT ( 'NONE',  ( -18.50000000000002842, 23.12822721580698015, -4.487249652860623605 ) ) ;
#2418 = CARTESIAN_POINT ( 'NONE',  ( 19.49999999999999645, -2.069634785943532673, 11.02319818338124513 ) ) ;
#2419 = LINE ( 'NONE', #3012, #4654 ) ;
#2420 = ORIENTED_EDGE ( 'NONE', *, *, #6992, .F. ) ;
#2421 = EDGE_LOOP ( 'NONE', ( #3794, #5447 ) ) ;
#2422 = CARTESIAN_POINT ( 'NONE',  ( 10.98506231342959971, -14.71714881219270055, 14.02368491557550634 ) ) ;
#2423 = CARTESIAN_POINT ( 'NONE',  ( -19.59842161505969926, 63.83406457225790120, -17.47988797543362338 ) ) ;
#2424 = ADVANCED_FACE ( 'NONE', ( #978 ), #3674, .F. ) ;
#2425 = SURFACE_STYLE_FILL_AREA ( #1764 ) ;
#2426 =( BOUNDED_CURVE ( )  B_SPLINE_CURVE ( 3, ( #4568, #6715, #6654, #4524 ),
 .UNSPECIFIED., .F., .F. ) 
 B_SPLINE_CURVE_WITH_KNOTS ( ( 4, 4 ),
 ( 0.5862067731767170997, 0.7994635431040263418 ),
 .UNSPECIFIED. ) 
 CURVE ( )  GEOMETRIC_REPRESENTATION_ITEM ( )  RATIONAL_B_SPLINE_CURVE ( ( 1.000000000000000000, 0.9962137185929851313, 0.9962137185929851313, 1.000000000000000000 ) ) 
 REPRESENTATION_ITEM ( '' )  );
#2427 = CARTESIAN_POINT ( 'NONE',  ( 41.88001128575722731, 75.18542519616222819, -9.771522729840018684 ) ) ;
#2428 = CARTESIAN_POINT ( 'NONE',  ( 36.31768148111029149, 49.25152754967951552, -18.97086799802895385 ) ) ;
#2429 = ORIENTED_EDGE ( 'NONE', *, *, #974, .T. ) ;
#2430 = UNCERTAINTY_MEASURE_WITH_UNIT (LENGTH_MEASURE( 1.000000000000000082E-05 ), #2007, 'distance_accuracy_value', 'NONE');
#2431 = ORIENTED_EDGE ( 'NONE', *, *, #599, .T. ) ;
#2432 = SURFACE_STYLE_USAGE ( .BOTH. , #2964 ) ;
#2433 = CARTESIAN_POINT ( 'NONE',  ( 35.86651428099028038, 49.79514891015949019, -24.48005005400469614 ) ) ;
#2434 = CARTESIAN_POINT ( 'NONE',  ( 36.31768148111029149, 49.68454103544879530, -18.72086935574080258 ) ) ;
#2435 = DIRECTION ( 'NONE',  ( -1.000000000000000000, 0.000000000000000000, 0.000000000000000000 ) ) ;
#2436 = CARTESIAN_POINT ( 'NONE',  ( -21.54897235278889411, 34.11149698531527008, -8.422143037199777638 ) ) ;
#2437 = VECTOR ( 'NONE', #4718, 1000.000000000000114 ) ;
#2438 = ORIENTED_EDGE ( 'NONE', *, *, #4251, .F. ) ;
#2439 = ADVANCED_FACE ( 'NONE', ( #5310 ), #4374, .F. ) ;
#2440 = FILL_AREA_STYLE_COLOUR ( '', #2237 ) ;
#2441 = CARTESIAN_POINT ( 'NONE',  ( 40.36813701455332648, 50.70218497713133843, -24.28427594426857539 ) ) ;
#2442 = CARTESIAN_POINT ( 'NONE',  ( 47.86651336595029704, 66.16648189976517358, -14.97857645123696457 ) ) ;
#2443 = EDGE_CURVE ( 'NONE', #3831, #5816, #4208, .T. ) ;
#2444 = CARTESIAN_POINT ( 'NONE',  ( -50.00000000000000000, 21.54842554826505108, -15.13616688092796636 ) ) ;
#2445 = CARTESIAN_POINT ( 'NONE',  ( 40.30075576943166737, 51.48643940250745032, -24.48005535703521574 ) ) ;
#2446 = CARTESIAN_POINT ( 'NONE',  ( 27.84742878109121733, 49.51318366922623682, -24.48004916990448265 ) ) ;
#2447 = CARTESIAN_POINT ( 'NONE',  ( 19.53321569816586845, 29.74040102773273730, -8.607418494065827375 ) ) ;
#2448 = CARTESIAN_POINT ( 'NONE',  ( 18.50000000000003197, 25.67237301456683696, -6.268679719456854649 ) ) ;
#2449 = DIRECTION ( 'NONE',  ( 0.7071067811865550112, 0.5416752204196987330, 0.4545194776720357654 ) ) ;
#2450 = VERTEX_POINT ( 'NONE', #2418 ) ;
#2451 = VERTEX_POINT ( 'NONE', #4602 ) ;
#2452 = CARTESIAN_POINT ( 'NONE',  ( -23.31087539675575471, 36.20026834449640774, -6.299145391609602740 ) ) ;
#2453 = CARTESIAN_POINT ( 'NONE',  ( -19.50000000000000000, 28.87971169206766930, -8.391328859954214181 ) ) ;
#2454 = STYLED_ITEM ( 'NONE', ( #1517 ), #428 ) ;
#2455 = CARTESIAN_POINT ( 'NONE',  ( -47.89493413160970192, 48.61630366794944536, 0.8690981968855228113 ) ) ;
#2456 = DIRECTION ( 'NONE',  ( 0.000000000000000000, 0.000000000000000000, -1.000000000000000000 ) ) ;
#2457 = CARTESIAN_POINT ( 'NONE',  ( 25.80330130564415470, 37.43808083876823645, -6.738880908450088469 ) ) ;
#2458 = PLANE ( 'NONE',  #1692 ) ;
#2459 = EDGE_CURVE ( 'NONE', #6617, #5788, #4529, .T. ) ;
#2460 = CARTESIAN_POINT ( 'NONE',  ( -20.11750722170323513, 39.12294560550966338, -20.82892537187727910 ) ) ;
#2461 = ORIENTED_EDGE ( 'NONE', *, *, #4847, .F. ) ;
#2462 = PRESENTATION_LAYER_ASSIGNMENT (  '', '', ( #6811 ) ) ;
#2463 =( BOUNDED_CURVE ( )  B_SPLINE_CURVE ( 3, ( #5608, #3539, #808, #697 ),
 .UNSPECIFIED., .F., .F. ) 
 B_SPLINE_CURVE_WITH_KNOTS ( ( 4, 4 ),
 ( 1.570796319392506302, 3.141637049042500518 ),
 .UNSPECIFIED. ) 
 CURVE ( )  GEOMETRIC_REPRESENTATION_ITEM ( )  RATIONAL_B_SPLINE_CURVE ( ( 1.000000000000000000, 0.8047273881548728802, 0.8047273881548728802, 1.000000000000000000 ) ) 
 REPRESENTATION_ITEM ( '' )  );
#2464 = EDGE_CURVE ( 'NONE', #4841, #2960, #1227, .T. ) ;
#2465 = CARTESIAN_POINT ( 'NONE',  ( 26.14877248565779411, 38.22372839877210282, -5.130582822537762766 ) ) ;
#2466 =( NAMED_UNIT ( * ) SI_UNIT ( $, .STERADIAN. ) SOLID_ANGLE_UNIT ( ) );
#2467 = DIRECTION ( 'NONE',  ( 1.000000000000000000, 0.000000000000000000, 0.000000000000000000 ) ) ;
#2468 = VECTOR ( 'NONE', #6579, 1000.000000000000000 ) ;
#2469 = CARTESIAN_POINT ( 'NONE',  ( 19.72562958598493310, 37.61250840824565245, -20.14772901289806484 ) ) ;
#2470 =( LENGTH_UNIT ( ) NAMED_UNIT ( * ) SI_UNIT ( .MILLI., .METRE. ) );
#2471 = CARTESIAN_POINT ( 'NONE',  ( -40.50007565895970174, 56.84929336155443025, -14.58436192511739371 ) ) ;
#2472 = EDGE_CURVE ( 'NONE', #3394, #1541, #1143, .T. ) ;
#2473 = CARTESIAN_POINT ( 'NONE',  ( -24.59123895529017645, 47.22051139659073726, -24.48004198124524677 ) ) ;
#2474 = CARTESIAN_POINT ( 'NONE',  ( 42.26696529766086030, 39.82532915037729992, -4.205792012997621399 ) ) ;
#2475 = B_SPLINE_CURVE_WITH_KNOTS ( 'NONE', 3,
 ( #1371, #3021, #4648, #3717, #6947, #5254, #6908, #4172, #6339, #884, #3095, #353, #6446, #1408, #5786, #2532, #2565, #6877, #2058, #3653, #4244, #1518, #991, #5891, #1949, #2460, #5179, #1444, #6833, #3575, #4721, #1910, #1980, #285, #6372, #5289, #5828, #4106, #4213, #382, #5751, #846, #5210, #927, #6411, #412, #4752, #5864, #2018, #1488, #4136, #3684, #957, #314, #2497, #4688, #3126, #5321, #2604, #4793, #4889, #4319, #5971, #1092, #5430, #4423, #6522, #3801, #518, #559, #4858 ),
 .UNSPECIFIED., .F., .F.,
 ( 4, 1, 1, 2, 2, 2, 1, 2, 2, 2, 1, 1, 2, 2, 2, 1, 1, 2, 2, 2, 1, 1, 1, 2, 2, 2, 1, 1, 1, 2, 2, 2, 1, 1, 1, 1, 2, 2, 2, 1, 1, 1, 1, 2, 2, 4 ),
 ( 0.000000000000000000, 0.06249999999998420708, 0.09374999999997593592, 0.1093749999999712869, 0.1249999999999666239, 0.1874999999999562850, 0.2187499999999513722, 0.2343749999999497902, 0.2499999999999482081, 0.3124999999999418798, 0.3437499999999403255, 0.3593749999999408806, 0.3671874999999416578, 0.3749999999999423794, 0.4374999999999444333, 0.4687499999999454325, 0.4843749999999450995, 0.4921874999999460432, 0.4999999999999469313, 0.5624999999999481526, 0.5937499999999485967, 0.6093749999999478195, 0.6171874999999477085, 0.6210937499999487077, 0.6249999999999497069, 0.6874999999999665823, 0.7187499999999757971, 0.7343749999999802380, 0.7421874999999826805, 0.7460937499999840128, 0.7499999999999853451, 0.8125000000000162093, 0.8437500000000305311, 0.8593750000000374145, 0.8671875000000408562, 0.8710937500000415223, 0.8730468750000421885, 0.8750000000000427436, 0.9062500000000411893, 0.9218750000000404121, 0.9296875000000389688, 0.9335937500000379696, 0.9355468750000363043, 0.9365234375000363043, 0.9375000000000364153, 1.000000000000000000 ),
 .UNSPECIFIED. ) ;
#2476 = VECTOR ( 'NONE', #5728, 1000.000000000000114 ) ;
#2477 = CARTESIAN_POINT ( 'NONE',  ( 22.41671248530030169, 62.20552571367776551, -14.95602317128418157 ) ) ;
#2478 = PRESENTATION_LAYER_ASSIGNMENT (  '', '', ( #2004 ) ) ;
#2479 = SURFACE_SIDE_STYLE ('',( #297 ) ) ;
#2480 = CARTESIAN_POINT ( 'NONE',  ( 22.41671248530030169, 60.70553385993728313, -12.35794225670233359 ) ) ;
#2481 = STYLED_ITEM ( 'NONE', ( #1981 ), #1721 ) ;
#2482 = CARTESIAN_POINT ( 'NONE',  ( -19.50000000000000000, -7.217148812191790164, 39.42368491557552090 ) ) ;
#2483 = DIRECTION ( 'NONE',  ( 0.7071067811865480168, 0.2418447626479777457, 0.6644630243886733290 ) ) ;
#2484 = CARTESIAN_POINT ( 'NONE',  ( -22.49842161505969784, 62.33407271851740461, -14.88180706085177540 ) ) ;
#2485 = CARTESIAN_POINT ( 'NONE',  ( 20.36382407832239849, 32.65787053335183998, -8.731137340351889264 ) ) ;
#2486 = EDGE_CURVE ( 'NONE', #1623, #4986, #4324, .T. ) ;
#2487 = ORIENTED_EDGE ( 'NONE', *, *, #3993, .F. ) ;
#2488 = EDGE_LOOP ( 'NONE', ( #1411, #712, #3030, #422 ) ) ;
#2489 = CARTESIAN_POINT ( 'NONE',  ( -50.00000000000000000, 47.22051139659073726, -24.48004198124524677 ) ) ;
#2490 = FILL_AREA_STYLE_COLOUR ( '', #3650 ) ;
#2491 = CARTESIAN_POINT ( 'NONE',  ( -32.88196547340970710, 62.71736191639233482, 9.010444302356496848 ) ) ;
#2492 = VECTOR ( 'NONE', #2383, 1000.000000000000000 ) ;
#2493 = CARTESIAN_POINT ( 'NONE',  ( -38.78303032503720260, 48.24297503247687757, -22.56150305906216147 ) ) ;
#2494 = VECTOR ( 'NONE', #2522, 1000.000000000000000 ) ;
#2495 = CARTESIAN_POINT ( 'NONE',  ( -45.78215705233670718, 70.88520232231073237, -13.40894117568339716 ) ) ;
#2496 = AXIS2_PLACEMENT_3D ( 'NONE', #757, #4132, #3457 ) ;
#2497 = CARTESIAN_POINT ( 'NONE',  ( -19.53678153598655243, 36.01811667487604751, -19.42866028385984833 ) ) ;
#2498 = FACE_OUTER_BOUND ( 'NONE', #5265, .T. ) ;
#2499 = ORIENTED_EDGE ( 'NONE', *, *, #1437, .F. ) ;
#2500 = ORIENTED_EDGE ( 'NONE', *, *, #5498, .F. ) ;
#2501 =( GEOMETRIC_REPRESENTATION_CONTEXT ( 3 ) GLOBAL_UNCERTAINTY_ASSIGNED_CONTEXT ( ( #2430 ) ) GLOBAL_UNIT_ASSIGNED_CONTEXT ( ( #2007, #5857, #4236 ) ) REPRESENTATION_CONTEXT ( 'NONE', 'WORKASPACE' ) );
#2502 = EDGE_CURVE ( 'NONE', #254, #3228, #5148, .T. ) ;
#2503 = VECTOR ( 'NONE', #1344, 1000.000000000000227 ) ;
#2504 =( GEOMETRIC_REPRESENTATION_CONTEXT ( 3 ) GLOBAL_UNCERTAINTY_ASSIGNED_CONTEXT ( ( #2022 ) ) GLOBAL_UNIT_ASSIGNED_CONTEXT ( ( #1051, #6548, #3821 ) ) REPRESENTATION_CONTEXT ( 'NONE', 'WORKASPACE' ) );
#2505 = CARTESIAN_POINT ( 'NONE',  ( -25.81852186666122861, 47.09679104457706700, -23.40146409791706716 ) ) ;
#2506 = EDGE_LOOP ( 'NONE', ( #4541, #658, #1133, #2197, #1697 ) ) ;
#2507 = EDGE_LOOP ( 'NONE', ( #1304, #276, #52, #1646 ) ) ;
#2508 =( BOUNDED_CURVE ( )  B_SPLINE_CURVE ( 3, ( #247, #3490, #1328, #1797 ),
 .UNSPECIFIED., .F., .T. ) 
 B_SPLINE_CURVE_WITH_KNOTS ( ( 4, 4 ),
 ( 0.4639561924989250574, 0.5137014544107094682 ),
 .UNSPECIFIED. ) 
 CURVE ( )  GEOMETRIC_REPRESENTATION_ITEM ( )  RATIONAL_B_SPLINE_CURVE ( ( 1.000000000000000000, 0.9997937947074764242, 0.9997937947074764242, 1.000000000000000000 ) ) 
 REPRESENTATION_ITEM ( '' )  );
#2509 = LINE ( 'NONE', #5842, #5556 ) ;
#2510 = DIRECTION ( 'NONE',  ( 0.000000000000000000, 3.135493601468791934E-06, 0.9999999999950843765 ) ) ;
#2511 = STYLED_ITEM ( 'NONE', ( #5585 ), #4404 ) ;
#2512 = DIRECTION ( 'NONE',  ( 0.000000000000000000, 0.000000000000000000, -1.000000000000000000 ) ) ;
#2513 = EDGE_CURVE ( 'NONE', #5601, #1431, #3362, .T. ) ;
#2514 = FILL_AREA_STYLE ('',( #3625 ) ) ;
#2515 = CARTESIAN_POINT ( 'NONE',  ( -21.54897235278889767, 34.11149698531527008, -8.422143037199779414 ) ) ;
#2516 = CIRCLE ( 'NONE', #2743, 2.899999999999999911 ) ;
#2517 = CARTESIAN_POINT ( 'NONE',  ( -28.25406933945884802, 38.96130044325720121, -4.705094485028997298 ) ) ;
#2518 = CARTESIAN_POINT ( 'NONE',  ( 41.38074808734699417, 50.36296826830924545, -23.47253114023375176 ) ) ;
#2519 = CARTESIAN_POINT ( 'NONE',  ( 18.50000000000002487, -4.217148812191790164, 13.56849653541440048 ) ) ;
#2520 =( NAMED_UNIT ( * ) SI_UNIT ( $, .STERADIAN. ) SOLID_ANGLE_UNIT ( ) );
#2521 = LINE ( 'NONE', #4710, #1918 ) ;
#2522 = DIRECTION ( 'NONE',  ( -0.7071067811865496822, 0.000000000000000000, -0.7071067811865453523 ) ) ;
#2523 = CARTESIAN_POINT ( 'NONE',  ( 47.55416853750521966, 68.88672586589453317, -13.40805055861841844 ) ) ;
#2524 = CARTESIAN_POINT ( 'NONE',  ( -19.43660491844553917, 32.81916253427758789, -7.507592870058819479 ) ) ;
#2525 = VERTEX_POINT ( 'NONE', #688 ) ;
#2526 = ORIENTED_EDGE ( 'NONE', *, *, #661, .T. ) ;
#2527 = CARTESIAN_POINT ( 'NONE',  ( 10.98506231342959971, -14.71714881219270055, 40.42368491557549959 ) ) ;
#2528 = PRESENTATION_STYLE_ASSIGNMENT (( #346 ) ) ;
#2529 = CARTESIAN_POINT ( 'NONE',  ( -35.86651428099028749, 49.79514891015949019, -24.48005005400469614 ) ) ;
#2530 = FACE_BOUND ( 'NONE', #2847, .T. ) ;
#2531 = CARTESIAN_POINT ( 'NONE',  ( -38.74743999758395319, 75.88524115887631183, -10.52218831084891271 ) ) ;
#2532 = CARTESIAN_POINT ( 'NONE',  ( -20.56152970300045624, 40.30490105934792666, -21.36198263130167163 ) ) ;
#2533 = ORIENTED_EDGE ( 'NONE', *, *, #3517, .F. ) ;
#2534 = UNCERTAINTY_MEASURE_WITH_UNIT (LENGTH_MEASURE( 1.000000000000000082E-05 ), #6448, 'distance_accuracy_value', 'NONE');
#2535 = UNCERTAINTY_MEASURE_WITH_UNIT (LENGTH_MEASURE( 1.000000000000000082E-05 ), #1046, 'distance_accuracy_value', 'NONE');
#2536 = DIRECTION ( 'NONE',  ( 0.000000000000000000, 0.000000000000000000, 1.000000000000000000 ) ) ;
#2537 = ADVANCED_FACE ( 'NONE', ( #752 ), #3762, .F. ) ;
#2538 = CARTESIAN_POINT ( 'NONE',  ( -11.01493768657040029, -14.71714881219270055, 12.52368491557550101 ) ) ;
#2539 = DIRECTION ( 'NONE',  ( 1.000000000000000000, 0.000000000000000000, 0.000000000000000000 ) ) ;
#2540 = DIRECTION ( 'NONE',  ( 0.6585046078685179438, -0.6517517157587855436, -0.3762863037919515485 ) ) ;
#2541 = ORIENTED_EDGE ( 'NONE', *, *, #65, .T. ) ;
#2542 = CARTESIAN_POINT ( 'NONE',  ( 19.50000000000000000, 32.16163374132840858, -8.630577466390761288 ) ) ;
#2543 = B_SPLINE_CURVE_WITH_KNOTS ( 'NONE', 1,
 ( #22, #6071 ),
 .UNSPECIFIED., .F., .F.,
 ( 2, 2 ),
 ( 0.000000000000000000, 1.000000000000000000 ),
 .UNSPECIFIED. ) ;
#2544 = CARTESIAN_POINT ( 'NONE',  ( 19.62969148393610652, 30.51055051322610367, -8.730874601731759554 ) ) ;
#2545 = DIRECTION ( 'NONE',  ( -0.000000000000000000, 0.000000000000000000, 1.000000000000000000 ) ) ;
#2546 =( GEOMETRIC_REPRESENTATION_CONTEXT ( 3 ) GLOBAL_UNCERTAINTY_ASSIGNED_CONTEXT ( ( #2399 ) ) GLOBAL_UNIT_ASSIGNED_CONTEXT ( ( #4034, #5568, #6219 ) ) REPRESENTATION_CONTEXT ( 'NONE', 'WORKASPACE' ) );
#2547 =( NAMED_UNIT ( * ) SI_UNIT ( $, .STERADIAN. ) SOLID_ANGLE_UNIT ( ) );
#2548 = EDGE_CURVE ( 'NONE', #2083, #568, #5577, .T. ) ;
#2549 = CARTESIAN_POINT ( 'NONE',  ( 47.86651428041029988, 66.55919313121476932, 8.342293372072269619 ) ) ;
#2550 = EDGE_CURVE ( 'NONE', #6000, #7001, #1393, .T. ) ;
#2551 = CARTESIAN_POINT ( 'NONE',  ( 41.27156681946942030, 50.30001929281282003, -23.47507356062644135 ) ) ;
#2552 = CARTESIAN_POINT ( 'NONE',  ( -44.18179703526112689, 72.95922822318334511, -12.21151043428590910 ) ) ;
#2553 = CARTESIAN_POINT ( 'NONE',  ( 29.75440252253878270, 49.79514891015949019, -24.48005005400469614 ) ) ;
#2554 = FILL_AREA_STYLE_COLOUR ( '', #2042 ) ;
#2555 = CARTESIAN_POINT ( 'NONE',  ( 9.335062313429599357, -14.71714881219270055, 14.02368491557550634 ) ) ;
#2556 = CARTESIAN_POINT ( 'NONE',  ( -45.02911397661814163, 50.80600857161351769, -4.117009767133849252 ) ) ;
#2557 = VERTEX_POINT ( 'NONE', #3672 ) ;
#2558 = EDGE_LOOP ( 'NONE', ( #2317, #801, #5705, #4353, #4145, #12, #1266, #5553, #5796, #6566, #2593, #1249, #525, #6253, #5924, #6364, #3552, #6987, #6941 ) ) ;
#2559 = LINE ( 'NONE', #4743, #7091 ) ;
#2560 = SHAPE_DEFINITION_REPRESENTATION ( #2060, #3923 ) ;
#2561 = DIRECTION ( 'NONE',  ( -1.832802226030400481E-19, 0.4999972845804242505, -0.8660269715269854895 ) ) ;
#2562 = ORIENTED_EDGE ( 'NONE', *, *, #2744, .F. ) ;
#2563 = CARTESIAN_POINT ( 'NONE',  ( 19.50000000000000355, 27.36276798480148997, 0.8386076724324551535 ) ) ;
#2564 = CARTESIAN_POINT ( 'NONE',  ( -40.50007565895970174, 55.65489994902149817, -24.97618463418032775 ) ) ;
#2565 = CARTESIAN_POINT ( 'NONE',  ( -20.47312408567063358, 40.09717663605793803, -21.26829364152855817 ) ) ;
#2566 = CARTESIAN_POINT ( 'NONE',  ( -40.50007565895970174, 69.29223675315279252, -7.400451221293381288 ) ) ;
#2567 = ADVANCED_FACE ( 'NONE', ( #300 ), #1110, .T. ) ;
#2568 = CYLINDRICAL_SURFACE ( 'NONE', #7052, 12.81044449106999750 ) ;
#2569 = DIRECTION ( 'NONE',  ( -1.000000000000000000, 0.000000000000000000, 0.000000000000000000 ) ) ;
#2570 = DIRECTION ( 'NONE',  ( 0.7071067811865470176, 0.3535514705016782333, -0.6123735442571809351 ) ) ;
#2571 = FACE_OUTER_BOUND ( 'NONE', #6117, .T. ) ;
#2572 = ORIENTED_EDGE ( 'NONE', *, *, #4847, .T. ) ;
#2573 = EDGE_CURVE ( 'NONE', #558, #5859, #4373, .T. ) ;
#2574 = CARTESIAN_POINT ( 'NONE',  ( -35.86651428099028749, 59.86602059968765843, -18.61612419408130492 ) ) ;
#2575 = CARTESIAN_POINT ( 'NONE',  ( 18.97199345289315175, 31.86671581583776103, -7.617740396563599248 ) ) ;
#2576 = SURFACE_STYLE_FILL_AREA ( #6318 ) ;
#2577 = CIRCLE ( 'NONE', #5657, 2.000000000000029310 ) ;
#2578 = CARTESIAN_POINT ( 'NONE',  ( -21.32947081683273183, 42.13520658610929104, -22.32869356871534450 ) ) ;
#2579 = CARTESIAN_POINT ( 'NONE',  ( -39.89789699040379389, 38.82783556197848185, -4.781904877560445577 ) ) ;
#2580 = MECHANICAL_DESIGN_GEOMETRIC_PRESENTATION_REPRESENTATION (  '', ( #4871 ), #742 ) ;
#2581 = LINE ( 'NONE', #2039, #3657 ) ;
#2582 = ADVANCED_FACE ( 'NONE', ( #5958 ), #4914, .F. ) ;
#2583 = DIRECTION ( 'NONE',  ( 1.000000000000000000, 0.000000000000000000, 0.000000000000000000 ) ) ;
#2584 = MECHANICAL_DESIGN_GEOMETRIC_PRESENTATION_REPRESENTATION (  '', ( #6714 ), #194 ) ;
#2585 = CARTESIAN_POINT ( 'NONE',  ( 35.86651428099028038, 49.79514891015949019, -24.48005005400469969 ) ) ;
#2586 = CARTESIAN_POINT ( 'NONE',  ( 19.71978802456715840, 30.95913118877568593, -8.773152619240091710 ) ) ;
#2587 =( NAMED_UNIT ( * ) SI_UNIT ( $, .STERADIAN. ) SOLID_ANGLE_UNIT ( ) );
#2588 = EDGE_LOOP ( 'NONE', ( #4354, #6119, #517, #1581, #959, #5562 ) ) ;
#2589 = CIRCLE ( 'NONE', #3627, 15.99999999999998224 ) ;
#2590 = ORIENTED_EDGE ( 'NONE', *, *, #3004, .F. ) ;
#2591 = CARTESIAN_POINT ( 'NONE',  ( 10.98506231342959971, -14.71714881219270055, 38.92368491557547827 ) ) ;
#2592 = CARTESIAN_POINT ( 'NONE',  ( 19.49999999999999645, -3.768916034732836910E-15, 53.22368491557553938 ) ) ;
#2593 = ORIENTED_EDGE ( 'NONE', *, *, #6239, .F. ) ;
#2594 = EDGE_LOOP ( 'NONE', ( #3715, #1373, #1607, #1416, #600, #5382, #2526, #2631, #1242 ) ) ;
#2595 = AXIS2_PLACEMENT_3D ( 'NONE', #4554, #6777, #1775 ) ;
#2596 = LINE ( 'NONE', #5393, #736 ) ;
#2597 = CARTESIAN_POINT ( 'NONE',  ( -42.18720987158977209, 52.10117146623656481, -24.48005728452365304 ) ) ;
#2598 = VECTOR ( 'NONE', #5134, 1000.000000000000000 ) ;
#2599 = SURFACE_STYLE_FILL_AREA ( #4719 ) ;
#2600 = ADVANCED_FACE ( 'NONE', ( #1016 ), #5911, .F. ) ;
#2601 =( GEOMETRIC_REPRESENTATION_CONTEXT ( 3 ) GLOBAL_UNCERTAINTY_ASSIGNED_CONTEXT ( ( #3546 ) ) GLOBAL_UNIT_ASSIGNED_CONTEXT ( ( #1911, #3022, #383 ) ) REPRESENTATION_CONTEXT ( 'NONE', 'WORKASPACE' ) );
#2602 = CARTESIAN_POINT ( 'NONE',  ( -45.43635739899136894, 72.50278327068363637, -11.32033648599441022 ) ) ;
#2603 = ORIENTED_EDGE ( 'NONE', *, *, #1129, .F. ) ;
#2604 = CARTESIAN_POINT ( 'NONE',  ( -19.52895689425984571, 35.90454214664295307, -19.37743917459659215 ) ) ;
#2605 = CARTESIAN_POINT ( 'NONE',  ( -19.49999999999999645, 27.90836908096705926, -8.146705589549116056 ) ) ;
#2606 = UNCERTAINTY_MEASURE_WITH_UNIT (LENGTH_MEASURE( 1.000000000000000082E-05 ), #3351, 'distance_accuracy_value', 'NONE');
#2607 = VECTOR ( 'NONE', #3387, 1000.000000000000000 ) ;
#2608 = UNCERTAINTY_MEASURE_WITH_UNIT (LENGTH_MEASURE( 1.000000000000000082E-05 ), #7018, 'distance_accuracy_value', 'NONE');
#2609 = STYLED_ITEM ( 'NONE', ( #4818 ), #7065 ) ;
#2610 = CARTESIAN_POINT ( 'NONE',  ( 19.50372354479558012, 35.31495186949377540, -19.11153027846559027 ) ) ;
#2611 = CARTESIAN_POINT ( 'NONE',  ( 27.50000000000000000, 10.50218923619280353, 42.88502856605791180 ) ) ;
#2612 = ORIENTED_EDGE ( 'NONE', *, *, #682, .F. ) ;
#2613 = PRESENTATION_LAYER_ASSIGNMENT (  '', '', ( #432 ) ) ;
#2614 = DIRECTION ( 'NONE',  ( -1.000000000000000000, 0.000000000000000000, 0.000000000000000000 ) ) ;
#2615 = CARTESIAN_POINT ( 'NONE',  ( 18.91415306434656785, 31.70966405825179635, -7.627062428955235340 ) ) ;
#2616 =( NAMED_UNIT ( * ) SI_UNIT ( $, .STERADIAN. ) SOLID_ANGLE_UNIT ( ) );
#2617 = VECTOR ( 'NONE', #4539, 1000.000000000000000 ) ;
#2618 = VECTOR ( 'NONE', #5466, 1000.000000000000227 ) ;
#2619 = DIRECTION ( 'NONE',  ( 0.000000000000000000, 0.000000000000000000, -1.000000000000000000 ) ) ;
#2620 = DIRECTION ( 'NONE',  ( 1.000000000000000000, 0.000000000000000000, 0.000000000000000000 ) ) ;
#2621 = MECHANICAL_DESIGN_GEOMETRIC_PRESENTATION_REPRESENTATION (  '', ( #107 ), #3541 ) ;
#2622 = PRESENTATION_LAYER_ASSIGNMENT (  '', '', ( #4903 ) ) ;
#2623 = CARTESIAN_POINT ( 'NONE',  ( 86.50000000000004263, 38.22368957199154949, -5.130515572587896145 ) ) ;
#2624 = DIRECTION ( 'NONE',  ( -0.9999999998120601141, 1.886418423567761814E-05, 4.474650424408807176E-06 ) ) ;
#2625 = AXIS2_PLACEMENT_3D ( 'NONE', #8, #6595, #6011 ) ;
#2626 = AXIS2_PLACEMENT_3D ( 'NONE', #3592, #1967, #5132 ) ;
#2627 = CARTESIAN_POINT ( 'NONE',  ( 33.17440367458792139, 48.84886114849684446, -23.53362223167039247 ) ) ;
#2628 = SURFACE_SIDE_STYLE ('',( #436 ) ) ;
#2629 = FACE_OUTER_BOUND ( 'NONE', #6620, .T. ) ;
#2630 = VERTEX_POINT ( 'NONE', #6964 ) ;
#2631 = ORIENTED_EDGE ( 'NONE', *, *, #1129, .T. ) ;
#2632 = CARTESIAN_POINT ( 'NONE',  ( -22.13459450417605012, 35.36801199837325527, -6.728992454711697491 ) ) ;
#2633 = CARTESIAN_POINT ( 'NONE',  ( -25.14480225572210159, 37.58997228254972356, -5.496811216653545884 ) ) ;
#2634 = CARTESIAN_POINT ( 'NONE',  ( 26.14877248565779411, 38.22372839877210282, -5.130582822537762766 ) ) ;
#2635 = ORIENTED_EDGE ( 'NONE', *, *, #3572, .F. ) ;
#2636 = AXIS2_PLACEMENT_3D ( 'NONE', #2036, #3811, #5982 ) ;
#2637 = CARTESIAN_POINT ( 'NONE',  ( -23.53037508040153014, 36.14968443920763264, -6.713249294149807866 ) ) ;
#2638 = CARTESIAN_POINT ( 'NONE',  ( -26.74421014521542617, 49.79560420461550763, -24.48005005543240742 ) ) ;
#2639 = CARTESIAN_POINT ( 'NONE',  ( 46.17597939062326162, 54.48692007033822904, -21.72173387620595619 ) ) ;
#2640 = CARTESIAN_POINT ( 'NONE',  ( -47.86651428099029459, 51.32276421234294617, -3.818662919227833186 ) ) ;
#2641 = DIRECTION ( 'NONE',  ( -1.000000000000000000, -9.163961361881571617E-20, 1.587256161217026192E-19 ) ) ;
#2642 = ORIENTED_EDGE ( 'NONE', *, *, #5142, .T. ) ;
#2643 = CARTESIAN_POINT ( 'NONE',  ( -46.91077879957939700, 48.09954892916708502, 0.5707497094239217805 ) ) ;
#2644 = DIRECTION ( 'NONE',  ( 0.5270506108201920004, 0.8498338976729878924, 0.000000000000000000 ) ) ;
#2645 = UNCERTAINTY_MEASURE_WITH_UNIT (LENGTH_MEASURE( 1.000000000000000082E-05 ), #4586, 'distance_accuracy_value', 'NONE');
#2646 = EDGE_CURVE ( 'NONE', #2960, #4234, #4228, .T. ) ;
#2647 = CARTESIAN_POINT ( 'NONE',  ( -19.53087584817204103, 29.86417192521026109, -8.643940665295852810 ) ) ;
#2648 = FACE_OUTER_BOUND ( 'NONE', #6621, .T. ) ;
#2649 = ADVANCED_FACE ( 'NONE', ( #4260 ), #5847, .F. ) ;
#2650 = CARTESIAN_POINT ( 'NONE',  ( -18.64335091820798951, 30.69817253442966276, -7.627036288007032816 ) ) ;
#2651 = CARTESIAN_POINT ( 'NONE',  ( 19.50609635449728785, 35.40490035343964337, -19.15210080271742754 ) ) ;
#2652 = PLANE ( 'NONE',  #3760 ) ;
#2653 = EDGE_LOOP ( 'NONE', ( #760, #6611, #4584, #4001 ) ) ;
#2654 = CARTESIAN_POINT ( 'NONE',  ( 18.51671248530454505, 63.70551756742026583, -17.55410408586487492 ) ) ;
#2655 = SURFACE_SIDE_STYLE ('',( #3919 ) ) ;
#2656 = CARTESIAN_POINT ( 'NONE',  ( 20.89046318958917681, 34.43922584535435760, -7.099606304089565612 ) ) ;
#2657 = FILL_AREA_STYLE ('',( #5407 ) ) ;
#2658 = EDGE_CURVE ( 'NONE', #692, #1125, #113, .T. ) ;
#2659 = LINE ( 'NONE', #6546, #2265 ) ;
#2660 = CARTESIAN_POINT ( 'NONE',  ( 25.87904613378756125, 48.84921051895469191, -23.53360813458221656 ) ) ;
#2661 = FILL_AREA_STYLE ('',( #3852 ) ) ;
#2662 = SURFACE_STYLE_USAGE ( .BOTH. , #1713 ) ;
#2663 = ORIENTED_EDGE ( 'NONE', *, *, #551, .T. ) ;
#2664 = CARTESIAN_POINT ( 'NONE',  ( 18.50000000000002132, -20.86940764386208258, 40.42368491557549959 ) ) ;
#2665 = CARTESIAN_POINT ( 'NONE',  ( -39.89492895721978982, 42.33917022643613848, -2.754967728584797992 ) ) ;
#2666 = VERTEX_POINT ( 'NONE', #4486 ) ;
#2667 = SURFACE_SIDE_STYLE ('',( #2699 ) ) ;
#2668 = CARTESIAN_POINT ( 'NONE',  ( -23.87021569666856280, 48.84931323720315532, -23.53360124456277092 ) ) ;
#2669 = DIRECTION ( 'NONE',  ( 0.000000000000000000, 0.4999972845804243060, -0.8660269715269854895 ) ) ;
#2670 = CARTESIAN_POINT ( 'NONE',  ( -40.32929345411504585, 50.69224955970610580, -24.29328845844956675 ) ) ;
#2671 = SURFACE_STYLE_USAGE ( .BOTH. , #30 ) ;
#2672 = CARTESIAN_POINT ( 'NONE',  ( 20.76671248530030311, 62.20552571367776551, -14.95602317128418157 ) ) ;
#2673 = CARTESIAN_POINT ( 'NONE',  ( 30.00586175093404151, 39.08582794751249168, -4.632824666770850364 ) ) ;
#2674 = CARTESIAN_POINT ( 'NONE',  ( -19.49999999999998579, 28.39042828990926637, -8.285746509487724509 ) ) ;
#2675 = CARTESIAN_POINT ( 'NONE',  ( 27.85831049977765517, 38.57750852547389542, -5.743347915219713329 ) ) ;
#2676 = COLOUR_RGB ( '',0.7529411764705882248, 0.7529411764705882248, 0.7529411764705882248 ) ;
#2677 = EDGE_CURVE ( 'NONE', #1741, #3488, #6971, .T. ) ;
#2678 = CARTESIAN_POINT ( 'NONE',  ( -18.53127147307467126, 29.86310760813579179, -7.549127326567984575 ) ) ;
#2679 = VERTEX_POINT ( 'NONE', #6021 ) ;
#2680 = EDGE_LOOP ( 'NONE', ( #3841, #3567, #4196, #2052, #3909, #3865 ) ) ;
#2681 = CARTESIAN_POINT ( 'NONE',  ( -19.09842162328870074, 63.58406592585468076, -17.04687448253646664 ) ) ;
#2682 = CARTESIAN_POINT ( 'NONE',  ( -28.03493308014197183, 38.60321467593004030, -5.787872269410023307 ) ) ;
#2683 =( LENGTH_UNIT ( ) NAMED_UNIT ( * ) SI_UNIT ( .MILLI., .METRE. ) );
#2684 = DIRECTION ( 'NONE',  ( -1.832802226030399759E-19, 0.4999972845804250277, -0.8660269715269851565 ) ) ;
#2685 = EDGE_CURVE ( 'NONE', #1053, #915, #3064, .T. ) ;
#2686 = ORIENTED_EDGE ( 'NONE', *, *, #2102, .T. ) ;
#2687 = EDGE_CURVE ( 'NONE', #3356, #2817, #2033, .T. ) ;
#2688 = LINE ( 'NONE', #577, #6605 ) ;
#2689 = CARTESIAN_POINT ( 'NONE',  ( 24.58677943316020276, 46.53439919416383219, -24.02084915106241070 ) ) ;
#2690 = CARTESIAN_POINT ( 'NONE',  ( -32.88188385743970343, 60.37296921668308869, -12.54994715267290495 ) ) ;
#2691 = CARTESIAN_POINT ( 'NONE',  ( 25.50324239288362804, 46.74291987476594556, -23.37476894734767541 ) ) ;
#2692 = CARTESIAN_POINT ( 'NONE',  ( 30.48229306818554818, 48.84899007211846111, -23.53361702960587820 ) ) ;
#2693 = CARTESIAN_POINT ( 'NONE',  ( 19.40766330900930114, 32.76848140605625304, -7.515170134702318094 ) ) ;
#2694 = VECTOR ( 'NONE', #1066, 999.9999999999998863 ) ;
#2695 = VERTEX_POINT ( 'NONE', #4970 ) ;
#2696 = CARTESIAN_POINT ( 'NONE',  ( -20.51642089258716339, 41.86331162495127245, -22.53018072535076399 ) ) ;
#2697 = CARTESIAN_POINT ( 'NONE',  ( -0.08198778208995394223, 15.51457553024441971, -12.94002507634184163 ) ) ;
#2698 = ORIENTED_EDGE ( 'NONE', *, *, #5177, .T. ) ;
#2699 = SURFACE_STYLE_FILL_AREA ( #7049 ) ;
#2700 = CARTESIAN_POINT ( 'NONE',  ( -43.70590376337575123, 54.91055993752833331, -25.62205753844079581 ) ) ;
#2701 = FILL_AREA_STYLE ('',( #3861 ) ) ;
#2702 = DIRECTION ( 'NONE',  ( -1.000000000000000000, -9.164022974553468766E-20, 1.587266832922069677E-19 ) ) ;
#2703 = FACE_OUTER_BOUND ( 'NONE', #4377, .T. ) ;
#2704 = ORIENTED_EDGE ( 'NONE', *, *, #3602, .T. ) ;
#2705 = DIRECTION ( 'NONE',  ( 0.000000000000000000, 0.000000000000000000, 1.000000000000000000 ) ) ;
#2706 = UNCERTAINTY_MEASURE_WITH_UNIT (LENGTH_MEASURE( 1.000000000000000082E-05 ), #5317, 'distance_accuracy_value', 'NONE');
#2707 = VECTOR ( 'NONE', #4017, 1000.000000000000000 ) ;
#2708 = CARTESIAN_POINT ( 'NONE',  ( 29.12995140952848772, 38.71153586919242429, -5.975490060854753871 ) ) ;
#2709 = B_SPLINE_SURFACE_WITH_KNOTS ( 'NONE', 1, 3, ( 
 ( #3845, #6015, #44, #2220, #1211, #4400, #3399, #3441, #1850, #1919, #703, #5649, #4112 ),
 ( #3029, #4144, #1956, #5114, #4014, #2505, #732, #1816, #6740, #6232, #2893, #3508, #6886 ) ),
 .UNSPECIFIED., .F., .F., .F.,
 ( 2, 2 ),
 ( 4, 3, 2, 2, 2, 4 ),
 ( 0.000000000000000000, 1.000000000000000000 ),
 ( 2.202313693577393927, 2.285508025434767720, 2.499527609320614019, 2.713547193206459873, 2.927566777092305728, 3.141586360978152026 ),
 .UNSPECIFIED. ) ;
#2710 =( GEOMETRIC_REPRESENTATION_CONTEXT ( 3 ) GLOBAL_UNCERTAINTY_ASSIGNED_CONTEXT ( ( #6483 ) ) GLOBAL_UNIT_ASSIGNED_CONTEXT ( ( #4468, #6662, #591 ) ) REPRESENTATION_CONTEXT ( 'NONE', 'WORKASPACE' ) );
#2711 = CARTESIAN_POINT ( 'NONE',  ( 19.93413861967668055, 38.48172367054580434, -20.53973130367271338 ) ) ;
#2712 = MECHANICAL_DESIGN_GEOMETRIC_PRESENTATION_REPRESENTATION (  '', ( #3636 ), #5455 ) ;
#2713 = SURFACE_STYLE_FILL_AREA ( #1706 ) ;
#2714 = ORIENTED_EDGE ( 'NONE', *, *, #3209, .F. ) ;
#2715 = STYLED_ITEM ( 'NONE', ( #1247 ), #2077 ) ;
#2716 = EDGE_CURVE ( 'NONE', #3931, #468, #4644, .T. ) ;
#2717 = B_SPLINE_CURVE_WITH_KNOTS ( 'NONE', 3,
 ( #1977, #4134, #4610, #2012, #6796, #2457 ),
 .UNSPECIFIED., .F., .F.,
 ( 4, 2, 4 ),
 ( 0.000000000000000000, 0.5000000000000000000, 1.000000000000000000 ),
 .UNSPECIFIED. ) ;
#2718 = CARTESIAN_POINT ( 'NONE',  ( -21.68714782311485934, 35.05034798611074365, -6.890627834002335916 ) ) ;
#2719 = PRESENTATION_LAYER_ASSIGNMENT (  '', '', ( #6624 ) ) ;
#2720 = DIRECTION ( 'NONE',  ( 1.000000000000000000, 4.320305823558448800E-19, 3.779777825263939606E-20 ) ) ;
#2721 = COLOUR_RGB ( '',0.7529411764705882248, 0.7529411764705882248, 0.7529411764705882248 ) ;
#2722 = DIRECTION ( 'NONE',  ( 1.832814548622657958E-19, -0.4999999996865507335, 0.8660254039654087244 ) ) ;
#2723 = ORIENTED_EDGE ( 'NONE', *, *, #2685, .F. ) ;
#2724 = SURFACE_STYLE_USAGE ( .BOTH. , #534 ) ;
#2725 = B_SPLINE_CURVE_WITH_KNOTS ( 'NONE', 3,
 ( #2975, #2370, #5189, #739 ),
 .UNSPECIFIED., .F., .F.,
 ( 4, 4 ),
 ( 0.000000000000000000, 1.000000000000000000 ),
 .UNSPECIFIED. ) ;
#2726 = ADVANCED_FACE ( 'NONE', ( #80 ), #4445, .T. ) ;
#2727 = CARTESIAN_POINT ( 'NONE',  ( 25.80309624256657841, 9.216325809402517777, 42.14262777729116749 ) ) ;
#2728 = EDGE_CURVE ( 'NONE', #2398, #3228, #6926, .T. ) ;
#2729 = CARTESIAN_POINT ( 'NONE',  ( 27.79018246178317852, 48.84911899574007066, -23.53361182754136038 ) ) ;
#2730 = STYLED_ITEM ( 'NONE', ( #1119 ), #3075 ) ;
#2731 = ORIENTED_EDGE ( 'NONE', *, *, #3053, .T. ) ;
#2732 = CARTESIAN_POINT ( 'NONE',  ( -35.86651428099028749, 49.97369422589174093, -25.48211858060362900 ) ) ;
#2733 = ORIENTED_EDGE ( 'NONE', *, *, #3799, .T. ) ;
#2734 = ORIENTED_EDGE ( 'NONE', *, *, #4083, .T. ) ;
#2735 = CARTESIAN_POINT ( 'NONE',  ( 19.49999999999999645, -5.217148812191763518, 30.28552187494406667 ) ) ;
#2736 = VECTOR ( 'NONE', #1776, 1000.000000000000114 ) ;
#2737 = CARTESIAN_POINT ( 'NONE',  ( -41.55867977312887263, 58.26688260849511636, -30.12615809225815156 ) ) ;
#2738 = AXIS2_PLACEMENT_3D ( 'NONE', #2008, #478, #1151 ) ;
#2739 = FILL_AREA_STYLE ('',( #6479 ) ) ;
#2740 = DIRECTION ( 'NONE',  ( 1.000000000000000000, -0.000000000000000000, -0.000000000000000000 ) ) ;
#2741 = ORIENTED_EDGE ( 'NONE', *, *, #2573, .T. ) ;
#2742 = CARTESIAN_POINT ( 'NONE',  ( 27.38963797389009258, 38.31432484237137004, -6.232970439498174642 ) ) ;
#2743 = AXIS2_PLACEMENT_3D ( 'NONE', #5874, #3727, #4335 ) ;
#2744 = EDGE_CURVE ( 'NONE', #5098, #5041, #5366, .T. ) ;
#2745 = CARTESIAN_POINT ( 'NONE',  ( 28.73956270688225700, 38.68117340795105008, -5.922900740617708770 ) ) ;
#2746 = CARTESIAN_POINT ( 'NONE',  ( 19.49999999999999645, -7.431945887776402415, 6.523684915575501009 ) ) ;
#2747 = CARTESIAN_POINT ( 'NONE',  ( 19.77651797096346087, 37.79380171363300178, -20.22948113138561155 ) ) ;
#2748 = FACE_OUTER_BOUND ( 'NONE', #3102, .T. ) ;
#2749 = ORIENTED_EDGE ( 'NONE', *, *, #7014, .T. ) ;
#2750 = ORIENTED_EDGE ( 'NONE', *, *, #6345, .T. ) ;
#2751 = ADVANCED_FACE ( 'NONE', ( #4142 ), #96, .F. ) ;
#2752 = SURFACE_STYLE_USAGE ( .BOTH. , #6054 ) ;
#2753 = CARTESIAN_POINT ( 'NONE',  ( -26.44324624434952042, 38.29971239886842937, -5.262190958063785118 ) ) ;
#2754 =( NAMED_UNIT ( * ) PLANE_ANGLE_UNIT ( ) SI_UNIT ( $, .RADIAN. ) );
#2755 = ORIENTED_EDGE ( 'NONE', *, *, #2014, .T. ) ;
#2756 = CARTESIAN_POINT ( 'NONE',  ( -29.39595556653484465, 48.83904559120869493, -23.53289200579693841 ) ) ;
#2757 = CARTESIAN_POINT ( 'NONE',  ( 45.82981638002562619, 54.04103010743117608, -21.97916172802807111 ) ) ;
#2758 =( NAMED_UNIT ( * ) SI_UNIT ( $, .STERADIAN. ) SOLID_ANGLE_UNIT ( ) );
#2759 = CARTESIAN_POINT ( 'NONE',  ( 35.86651428099027328, 50.74156559544373835, -25.42647267427449265 ) ) ;
#2760 = DIRECTION ( 'NONE',  ( 0.9999999999736892686, -6.816585209533905314E-06, 2.481034115609617051E-06 ) ) ;
#2761 = DIRECTION ( 'NONE',  ( 1.000000000000000000, 0.000000000000000000, 0.000000000000000000 ) ) ;
#2762 = CARTESIAN_POINT ( 'NONE',  ( -19.72562958598493665, 37.61250840824566666, -20.14772901289808615 ) ) ;
#2763 = ORIENTED_EDGE ( 'NONE', *, *, #3965, .F. ) ;
#2764 = ORIENTED_EDGE ( 'NONE', *, *, #2658, .F. ) ;
#2765 = EDGE_CURVE ( 'NONE', #568, #4841, #5369, .T. ) ;
#2766 = B_SPLINE_CURVE_WITH_KNOTS ( 'NONE', 3,
 ( #5075, #2363, #5724, #4550 ),
 .UNSPECIFIED., .F., .F.,
 ( 4, 4 ),
 ( 0.009977327526093754742, 0.9622023620042382541 ),
 .UNSPECIFIED. ) ;
#2767 = DIRECTION ( 'NONE',  ( 0.8709304387069590758, 0.4255679365032110084, 0.2457073510379835235 ) ) ;
#2768 = DIRECTION ( 'NONE',  ( -4.336808689942019662E-19, 0.9961946980917455452, 0.08715574274765795770 ) ) ;
#2769 = DIRECTION ( 'NONE',  ( 0.000000000000000000, 0.4999972845804263599, -0.8660269715269844903 ) ) ;
#2770 = CARTESIAN_POINT ( 'NONE',  ( -42.02277190763489045, 51.18800019810029056, -23.81166783363030603 ) ) ;
#2771 = ORIENTED_EDGE ( 'NONE', *, *, #3955, .T. ) ;
#2772 = EDGE_LOOP ( 'NONE', ( #5492, #1230 ) ) ;
#2773 = DIRECTION ( 'NONE',  ( -0.4656294469009449877, 0.8144119776065343874, -0.3462980636817564739 ) ) ;
#2774 = UNCERTAINTY_MEASURE_WITH_UNIT (LENGTH_MEASURE( 1.000000000000000082E-05 ), #4619, 'distance_accuracy_value', 'NONE');
#2775 = CARTESIAN_POINT ( 'NONE',  ( -18.50000063766352199, 28.64586807304535299, -7.317839534676333635 ) ) ;
#2776 = CARTESIAN_POINT ( 'NONE',  ( 18.50000000000002487, -4.217148812191790164, 30.28552187494406667 ) ) ;
#2777 = EDGE_CURVE ( 'NONE', #2242, #3093, #3243, .T. ) ;
#2778 = CARTESIAN_POINT ( 'NONE',  ( 19.68590309860797305, 37.30203068137152655, -20.00769136395556913 ) ) ;
#2779 = CARTESIAN_POINT ( 'NONE',  ( -18.60102505927201122, 30.45439574169304464, -7.611755476313867952 ) ) ;
#2780 = ORIENTED_EDGE ( 'NONE', *, *, #3572, .T. ) ;
#2781 =( GEOMETRIC_REPRESENTATION_CONTEXT ( 3 ) GLOBAL_UNCERTAINTY_ASSIGNED_CONTEXT ( ( #1374 ) ) GLOBAL_UNIT_ASSIGNED_CONTEXT ( ( #4751, #5429, #3716 ) ) REPRESENTATION_CONTEXT ( 'NONE', 'WORKASPACE' ) );
#2782 = DIRECTION ( 'NONE',  ( -1.000000000000000000, 0.000000000000000000, 0.000000000000000000 ) ) ;
#2783 = EDGE_CURVE ( 'NONE', #224, #2450, #6517, .T. ) ;
#2784 = CARTESIAN_POINT ( 'NONE',  ( -29.03549895435029171, 38.72388155238991914, -5.996873409269278810 ) ) ;
#2785 = B_SPLINE_CURVE_WITH_KNOTS ( 'NONE', 3,
 ( #2090, #4459, #55, #3382, #2311, #2342 ),
 .UNSPECIFIED., .F., .F.,
 ( 4, 2, 4 ),
 ( 0.000000000000000000, 0.5000000000000000000, 1.000000000000000000 ),
 .UNSPECIFIED. ) ;
#2786 = CARTESIAN_POINT ( 'NONE',  ( 15.08506231342959936, -10.71714881219669380, 28.22368491557550030 ) ) ;
#2787 = ORIENTED_EDGE ( 'NONE', *, *, #1084, .T. ) ;
#2788 = CARTESIAN_POINT ( 'NONE',  ( 18.50000000000003197, 23.12822721580698015, -4.487249652860624494 ) ) ;
#2789 = FILL_AREA_STYLE ('',( #502 ) ) ;
#2790 = DIRECTION ( 'NONE',  ( 0.000000000000000000, 0.3420201433256727097, 0.9396926207859069846 ) ) ;
#2791 = CARTESIAN_POINT ( 'NONE',  ( 38.31132179722440156, 49.67292759393364321, -24.50107017140708265 ) ) ;
#2792 = CARTESIAN_POINT ( 'NONE',  ( -19.50000000000000000, 15.10605689489778491, -9.445994082552102711 ) ) ;
#2793 = CARTESIAN_POINT ( 'NONE',  ( 38.11149946701418401, 54.78005917928238233, -29.03978304698529200 ) ) ;
#2794 = CARTESIAN_POINT ( 'NONE',  ( -19.73382823552269372, 31.01876151397765824, -8.777227060563919991 ) ) ;
#2795 = MECHANICAL_DESIGN_GEOMETRIC_PRESENTATION_REPRESENTATION (  '', ( #3413 ), #5768 ) ;
#2796 = DIRECTION ( 'NONE',  ( 0.000000000000000000, 0.000000000000000000, 1.000000000000000000 ) ) ;
#2797 = MECHANICAL_DESIGN_GEOMETRIC_PRESENTATION_REPRESENTATION (  '', ( #2454 ), #2781 ) ;
#2798 = ORIENTED_EDGE ( 'NONE', *, *, #6875, .F. ) ;
#2799 = COLOUR_RGB ( '',0.7529411764705882248, 0.7529411764705882248, 0.7529411764705882248 ) ;
#2800 = CARTESIAN_POINT ( 'NONE',  ( -19.33071418865392133, 39.52992452166522241, -21.68089727473399009 ) ) ;
#2801 = CIRCLE ( 'NONE', #4756, 1.650000000000000355 ) ;
#2802 = PLANE ( 'NONE',  #7039 ) ;
#2803 = AXIS2_PLACEMENT_3D ( 'NONE', #3057, #1369, #4102 ) ;
#2804 =( GEOMETRIC_REPRESENTATION_CONTEXT ( 3 ) GLOBAL_UNCERTAINTY_ASSIGNED_CONTEXT ( ( #1874 ) ) GLOBAL_UNIT_ASSIGNED_CONTEXT ( ( #3516, #4082, #5652 ) ) REPRESENTATION_CONTEXT ( 'NONE', 'WORKASPACE' ) );
#2805 = CARTESIAN_POINT ( 'NONE',  ( -14.16493768657044150, -14.71714881219270055, 40.42368491557549959 ) ) ;
#2806 = CARTESIAN_POINT ( 'NONE',  ( -39.89493413160967350, 39.49273208175359429, -4.398362332202283120 ) ) ;
#2807 = VERTEX_POINT ( 'NONE', #460 ) ;
#2808 =( NAMED_UNIT ( * ) SI_UNIT ( $, .STERADIAN. ) SOLID_ANGLE_UNIT ( ) );
#2809 = SURFACE_STYLE_FILL_AREA ( #6619 ) ;
#2810 = AXIS2_PLACEMENT_3D ( 'NONE', #585, #3381, #1754 ) ;
#2811 = CARTESIAN_POINT ( 'NONE',  ( 19.65819557340186918, 30.67496904153176018, -8.750005769807284395 ) ) ;
#2812 = CYLINDRICAL_SURFACE ( 'NONE', #5630, 1.650000000000000355 ) ;
#2813 = ADVANCED_FACE ( 'NONE', ( #2648 ), #7026, .F. ) ;
#2814 = FILL_AREA_STYLE ('',( #1272 ) ) ;
#2815 = PRESENTATION_LAYER_ASSIGNMENT (  '', '', ( #6714 ) ) ;
#2816 = CARTESIAN_POINT ( 'NONE',  ( 19.75002771748883035, 37.66040490918695838, -20.16931565353932498 ) ) ;
#2817 = VERTEX_POINT ( 'NONE', #4123 ) ;
#2818 = EDGE_LOOP ( 'NONE', ( #2324, #6972, #2612, #6214, #4724 ) ) ;
#2819 = COLOUR_RGB ( '',0.9254901960784314152, 0.9254901960784314152, 0.9254901960784314152 ) ;
#2820 = SURFACE_SIDE_STYLE ('',( #1812 ) ) ;
#2821 = STYLED_ITEM ( 'NONE', ( #2185 ), #406 ) ;
#2822 = CONICAL_SURFACE ( 'NONE', #1780, 3.399999991770999319, 0.7853981633974476129 ) ;
#2823 = CARTESIAN_POINT ( 'NONE',  ( -22.49900088306252854, 35.64099966357927229, -6.622082375202167803 ) ) ;
#2824 = ORIENTED_EDGE ( 'NONE', *, *, #3835, .F. ) ;
#2825 = PRESENTATION_LAYER_ASSIGNMENT (  '', '', ( #4316 ) ) ;
#2826 = CARTESIAN_POINT ( 'NONE',  ( 35.86602588851668827, 76.19277635274131910, -10.34463406958283826 ) ) ;
#2827 = AXIS2_PLACEMENT_3D ( 'NONE', #4061, #1866, #5033 ) ;
#2828 = FACE_OUTER_BOUND ( 'NONE', #2594, .T. ) ;
#2829 = AXIS2_PLACEMENT_3D ( 'NONE', #4230, #7005, #471 ) ;
#2830 = CARTESIAN_POINT ( 'NONE',  ( 38.10758783753821177, 51.02234763716078447, -24.87668263537429780 ) ) ;
#2831 = CARTESIAN_POINT ( 'NONE',  ( 41.65248306890469365, 51.06960896551485973, -23.93350012015066852 ) ) ;
#2832 = CARTESIAN_POINT ( 'NONE',  ( -18.50000000000001421, 34.64036839879219087, -19.90124438723412581 ) ) ;
#2833 = CARTESIAN_POINT ( 'NONE',  ( -19.77871779017680254, 31.19903150553277271, -8.787502638283520184 ) ) ;
#2834 = CONICAL_SURFACE ( 'NONE', #5009, 6.999999999999982236, 0.7853981633974536081 ) ;
#2835 = ORIENTED_EDGE ( 'NONE', *, *, #5156, .T. ) ;
#2836 = CARTESIAN_POINT ( 'NONE',  ( -18.55324867246787690, 36.09407054610047538, -20.43034869834320943 ) ) ;
#2837 = MECHANICAL_DESIGN_GEOMETRIC_PRESENTATION_REPRESENTATION (  '', ( #2609 ), #2501 ) ;
#2838 = DIRECTION ( 'NONE',  ( 0.000000000000000000, 0.000000000000000000, -1.000000000000000000 ) ) ;
#2839 = CIRCLE ( 'NONE', #6858, 6.999999999999984013 ) ;
#2840 = LINE ( 'NONE', #123, #1470 ) ;
#2841 = DIRECTION ( 'NONE',  ( 0.000000000000000000, 0.000000000000000000, -1.000000000000000000 ) ) ;
#2842 = CARTESIAN_POINT ( 'NONE',  ( -18.50000000000000711, -7.431945887776403303, 12.52368491557550101 ) ) ;
#2843 = ORIENTED_EDGE ( 'NONE', *, *, #5850, .F. ) ;
#2844 = VERTEX_POINT ( 'NONE', #1389 ) ;
#2845 = DIRECTION ( 'NONE',  ( -1.000000000000000000, 0.000000000000000000, 0.000000000000000000 ) ) ;
#2846 = VERTEX_POINT ( 'NONE', #3430 ) ;
#2847 = EDGE_LOOP ( 'NONE', ( #5779, #3273 ) ) ;
#2848 =( GEOMETRIC_REPRESENTATION_CONTEXT ( 3 ) GLOBAL_UNCERTAINTY_ASSIGNED_CONTEXT ( ( #316 ) ) GLOBAL_UNIT_ASSIGNED_CONTEXT ( ( #2171, #4856, #7055 ) ) REPRESENTATION_CONTEXT ( 'NONE', 'WORKASPACE' ) );
#2849 = PRESENTATION_LAYER_ASSIGNMENT (  '', '', ( #3428 ) ) ;
#2850 = CARTESIAN_POINT ( 'NONE',  ( 22.49882621301478025, 35.64074502668157152, -6.621940639263079298 ) ) ;
#2851 = CARTESIAN_POINT ( 'NONE',  ( 12.63506231342960007, -14.71714881219270055, 16.22368491557550030 ) ) ;
#2852 = CARTESIAN_POINT ( 'NONE',  ( 18.49999999999998224, -7.431945887776402415, 6.523684915575501009 ) ) ;
#2853 = CARTESIAN_POINT ( 'NONE',  ( 18.49999999999997868, -20.86940764386208258, 12.52368491557550101 ) ) ;
#2854 = COLOUR_RGB ( '',0.7529411764705882248, 0.7529411764705882248, 0.7529411764705882248 ) ;
#2855 = CARTESIAN_POINT ( 'NONE',  ( 20.02573073791080560, 38.81690781426775771, -20.69090978664985769 ) ) ;
#2856 = EDGE_CURVE ( 'NONE', #5365, #5999, #3007, .T. ) ;
#2857 = CARTESIAN_POINT ( 'NONE',  ( 25.94152809989877184, 47.20241370392444225, -23.40942608046469076 ) ) ;
#2858 = ORIENTED_EDGE ( 'NONE', *, *, #6799, .T. ) ;
#2859 = ORIENTED_EDGE ( 'NONE', *, *, #4906, .T. ) ;
#2860 = EDGE_CURVE ( 'NONE', #5471, #3436, #4566, .T. ) ;
#2861 = B_SPLINE_CURVE_WITH_KNOTS ( 'NONE', 3,
 ( #754, #5058, #2806, #5091 ),
 .UNSPECIFIED., .F., .F.,
 ( 4, 4 ),
 ( 0.000000000000000000, 0.2843020192857814155 ),
 .UNSPECIFIED. ) ;
#2862 =( NAMED_UNIT ( * ) PLANE_ANGLE_UNIT ( ) SI_UNIT ( $, .RADIAN. ) );
#2863 = DIRECTION ( 'NONE',  ( 0.7071067811865409114, 0.000000000000000000, -0.7071067811865541231 ) ) ;
#2864 = CARTESIAN_POINT ( 'NONE',  ( 37.00000000000029843, 52.31309309861331514, -24.27369347777054642 ) ) ;
#2865 = EDGE_LOOP ( 'NONE', ( #3728, #6474, #1533, #491, #659, #2258, #173, #6300, #4233, #2357, #5051, #3487, #1174, #3152, #4815, #620, #137, #3619, #6159 ) ) ;
#2866 = PLANE ( 'NONE',  #1316 ) ;
#2867 = APPLICATION_CONTEXT ( 'automotive_design' ) ;
#2868 = CARTESIAN_POINT ( 'NONE',  ( -11.01493768657040029, -14.71714881219270055, 38.92368491557547827 ) ) ;
#2869 = CARTESIAN_POINT ( 'NONE',  ( 43.02354821321053890, 51.52977238596381682, -23.43295680158910343 ) ) ;
#2870 = CARTESIAN_POINT ( 'NONE',  ( 46.49213750270058654, 56.06427537499815372, -24.48006971081078120 ) ) ;
#2871 = CARTESIAN_POINT ( 'NONE',  ( -19.49999999999999645, -20.86940764386208258, 39.42368491557552090 ) ) ;
#2872 = EDGE_CURVE ( 'NONE', #3840, #934, #5401, .T. ) ;
#2873 = SURFACE_STYLE_USAGE ( .BOTH. , #2413 ) ;
#2874 = ORIENTED_EDGE ( 'NONE', *, *, #2443, .T. ) ;
#2875 = PRESENTATION_STYLE_ASSIGNMENT (( #6136 ) ) ;
#2876 = DIRECTION ( 'NONE',  ( -1.816216710871861110E-16, -0.9396926207859068736, 0.3420201433256726542 ) ) ;
#2877 = DIRECTION ( 'NONE',  ( 1.000000000000000000, 0.000000000000000000, 0.000000000000000000 ) ) ;
#2878 = CARTESIAN_POINT ( 'NONE',  ( 23.53011922729386640, 36.14936663984002507, -6.713133624639523234 ) ) ;
#2879 = EDGE_CURVE ( 'NONE', #3544, #3319, #4293, .T. ) ;
#2880 = DIRECTION ( 'NONE',  ( 1.000000000000000000, 4.320305823558448800E-19, 3.779777825263939606E-20 ) ) ;
#2881 = ORIENTED_EDGE ( 'NONE', *, *, #2332, .T. ) ;
#2882 = CARTESIAN_POINT ( 'NONE',  ( 40.45808319271211673, 51.70934314485403860, -24.48005605594846656 ) ) ;
#2883 = B_SPLINE_CURVE_WITH_KNOTS ( 'NONE', 3,
 ( #5417, #4376, #120, #1157 ),
 .UNSPECIFIED., .F., .F.,
 ( 4, 4 ),
 ( 0.000000000000000000, 1.000000000000000000 ),
 .UNSPECIFIED. ) ;
#2884 = LINE ( 'NONE', #3912, #5088 ) ;
#2885 = CARTESIAN_POINT ( 'NONE',  ( 20.20678203719078070, 32.36113127415544710, -8.763245086890121271 ) ) ;
#2886 = CARTESIAN_POINT ( 'NONE',  ( -25.34660360556985736, 46.60667462670650707, -23.41869149160702790 ) ) ;
#2887 = LINE ( 'NONE', #5067, #4088 ) ;
#2888 = CARTESIAN_POINT ( 'NONE',  ( 44.61257291334342057, 72.47756705810351718, -12.48959562394591671 ) ) ;
#2889 = CYLINDRICAL_SURFACE ( 'NONE', #176, 1.650000000000000355 ) ;
#2890 =( NAMED_UNIT ( * ) PLANE_ANGLE_UNIT ( ) SI_UNIT ( $, .RADIAN. ) );
#2891 = EDGE_CURVE ( 'NONE', #6712, #172, #6440, .T. ) ;
#2892 =( NAMED_UNIT ( * ) SI_UNIT ( $, .STERADIAN. ) SOLID_ANGLE_UNIT ( ) );
#2893 = CARTESIAN_POINT ( 'NONE',  ( -28.89834230885232458, 48.79322388916266817, -23.52943958246170908 ) ) ;
#2894 = CARTESIAN_POINT ( 'NONE',  ( 15.69769748206507209, -20.86940764386548963, 37.10079517573513641 ) ) ;
#2895 = ORIENTED_EDGE ( 'NONE', *, *, #6698, .F. ) ;
#2896 = FILL_AREA_STYLE_COLOUR ( '', #6950 ) ;
#2897 =( NAMED_UNIT ( * ) PLANE_ANGLE_UNIT ( ) SI_UNIT ( $, .RADIAN. ) );
#2898 = DIRECTION ( 'NONE',  ( 1.000000000000000000, 0.000000000000000000, 0.000000000000000000 ) ) ;
#2899 = CARTESIAN_POINT ( 'NONE',  ( 45.41202194122938351, 53.53802396285547616, -22.26957053577864443 ) ) ;
#2900 = CARTESIAN_POINT ( 'NONE',  ( -43.04224188426376685, 51.53643770357894027, -23.42517629831139558 ) ) ;
#2901 = EDGE_CURVE ( 'NONE', #569, #3356, #1045, .T. ) ;
#2902 = CARTESIAN_POINT ( 'NONE',  ( 26.13510831501734799, 50.74205575997600448, -25.42649566971043029 ) ) ;
#2903 = ADVANCED_FACE ( 'NONE', ( #6541 ), #1609, .F. ) ;
#2904 =( NAMED_UNIT ( * ) SI_UNIT ( $, .STERADIAN. ) SOLID_ANGLE_UNIT ( ) );
#2905 = CARTESIAN_POINT ( 'NONE',  ( 35.86651428099028038, 49.79514891015949019, -24.48005005400469614 ) ) ;
#2906 = ORIENTED_EDGE ( 'NONE', *, *, #3784, .F. ) ;
#2907 = CARTESIAN_POINT ( 'NONE',  ( -47.89493415906556351, 61.00139078999438880, 8.019631578831692309 ) ) ;
#2908 = CARTESIAN_POINT ( 'NONE',  ( 19.49999999999999289, -9.717148812196720442, 16.02368491557549746 ) ) ;
#2909 = CARTESIAN_POINT ( 'NONE',  ( 19.49996617376985952, 31.19997652144348876, 2.361214861973680357 ) ) ;
#2910 = DIRECTION ( 'NONE',  ( -1.832802226030400722E-19, 0.4999972845804243060, -0.8660269715269856006 ) ) ;
#2911 = CARTESIAN_POINT ( 'NONE',  ( 23.96912600382698244, 36.04819882926248198, -7.541341429719940592 ) ) ;
#2912 = SURFACE_STYLE_USAGE ( .BOTH. , #3452 ) ;
#2913 = CARTESIAN_POINT ( 'NONE',  ( -19.31064714109547609, 32.59933161519066402, -7.541149253073452741 ) ) ;
#2914 = ORIENTED_EDGE ( 'NONE', *, *, #6198, .T. ) ;
#2915 = DIRECTION ( 'NONE',  ( -1.832802226030408907E-19, 0.4999972845804263044, -0.8660269715269844903 ) ) ;
#2916 = FACE_OUTER_BOUND ( 'NONE', #755, .T. ) ;
#2917 = ORIENTED_EDGE ( 'NONE', *, *, #6143, .F. ) ;
#2918 = CARTESIAN_POINT ( 'NONE',  ( 22.41671248530030169, 62.20552571367776551, -14.95602317128418157 ) ) ;
#2919 = EDGE_CURVE ( 'NONE', #6334, #3640, #4443, .T. ) ;
#2920 =( BOUNDED_CURVE ( )  B_SPLINE_CURVE ( 3, ( #2665, #3116, #3089, #5390 ),
 .UNSPECIFIED., .F., .F. ) 
 B_SPLINE_CURVE_WITH_KNOTS ( ( 4, 4 ),
 ( 3.619377612271327482, 3.927396360500016392 ),
 .UNSPECIFIED. ) 
 CURVE ( )  GEOMETRIC_REPRESENTATION_ITEM ( )  RATIONAL_B_SPLINE_CURVE ( ( 1.000000000000000000, 0.9921093192562742136, 0.9921093192562742136, 1.000000000000000000 ) ) 
 REPRESENTATION_ITEM ( '' )  );
#2921 = CYLINDRICAL_SURFACE ( 'NONE', #3994, 1.649999999999998579 ) ;
#2922 = CARTESIAN_POINT ( 'NONE',  ( 46.28040812665447845, 71.37473260475975678, -11.97161251955341399 ) ) ;
#2923 = ORIENTED_EDGE ( 'NONE', *, *, #215, .T. ) ;
#2924 = VERTEX_POINT ( 'NONE', #3373 ) ;
#2925 = MECHANICAL_DESIGN_GEOMETRIC_PRESENTATION_REPRESENTATION (  '', ( #184 ), #2236 ) ;
#2926 =( LENGTH_UNIT ( ) NAMED_UNIT ( * ) SI_UNIT ( .MILLI., .METRE. ) );
#2927 = CARTESIAN_POINT ( 'NONE',  ( 18.92020763754331369, 38.20731428482039149, -21.19950651698669830 ) ) ;
#2928 =( GEOMETRIC_REPRESENTATION_CONTEXT ( 3 ) GLOBAL_UNCERTAINTY_ASSIGNED_CONTEXT ( ( #6585 ) ) GLOBAL_UNIT_ASSIGNED_CONTEXT ( ( #807, #2989, #1405 ) ) REPRESENTATION_CONTEXT ( 'NONE', 'WORKASPACE' ) );
#2929 = CARTESIAN_POINT ( 'NONE',  ( -47.89493413160970192, 40.68904948642484953, -6.593904495160181511 ) ) ;
#2930 = ORIENTED_EDGE ( 'NONE', *, *, #843, .T. ) ;
#2931 = AXIS2_PLACEMENT_3D ( 'NONE', #2574, #326, #5187 ) ;
#2932 = CARTESIAN_POINT ( 'NONE',  ( -18.00104068469969576, 39.43474701288872097, -4.431684191182394983 ) ) ;
#2933 = AXIS2_PLACEMENT_3D ( 'NONE', #2786, #3740, #5012 ) ;
#2934 = CARTESIAN_POINT ( 'NONE',  ( 9.335062313429599357, -14.71714881219270055, 38.92368491557547827 ) ) ;
#2935 = CONICAL_SURFACE ( 'NONE', #3749, 28.64999999999999858, 0.7853981633974552734 ) ;
#2936 = SURFACE_SIDE_STYLE ('',( #6319 ) ) ;
#2937 =( NAMED_UNIT ( * ) PLANE_ANGLE_UNIT ( ) SI_UNIT ( $, .RADIAN. ) );
#2938 = ORIENTED_EDGE ( 'NONE', *, *, #5791, .T. ) ;
#2939 = ADVANCED_FACE ( 'NONE', ( #900 ), #4939, .T. ) ;
#2940 = CARTESIAN_POINT ( 'NONE',  ( 40.24589820799251783, 49.77750422330190361, -23.49616276580203333 ) ) ;
#2941 = CARTESIAN_POINT ( 'NONE',  ( 19.50000000000000000, 15.10605689489778314, -9.445994082552109816 ) ) ;
#2942 = CARTESIAN_POINT ( 'NONE',  ( 20.94045965523495312, 33.49551451136097313, -8.585907507680285988 ) ) ;
#2943 = LINE ( 'NONE', #4603, #2598 ) ;
#2944 = ORIENTED_EDGE ( 'NONE', *, *, #3313, .T. ) ;
#2945 = VERTEX_POINT ( 'NONE', #740 ) ;
#2946 = CARTESIAN_POINT ( 'NONE',  ( -47.89493413160970192, 57.36606294617247670, -14.28603916684708253 ) ) ;
#2947 = SURFACE_STYLE_FILL_AREA ( #6721 ) ;
#2948 = LINE ( 'NONE', #4642, #499 ) ;
#2949 = ORIENTED_EDGE ( 'NONE', *, *, #2312, .T. ) ;
#2950 = ORIENTED_EDGE ( 'NONE', *, *, #3873, .F. ) ;
#2951 = COLOUR_RGB ( '',0.7529411764705882248, 0.7529411764705882248, 0.7529411764705882248 ) ;
#2952 = CARTESIAN_POINT ( 'NONE',  ( -20.49699176149592361, 32.88382010127622124, -8.700730233978676509 ) ) ;
#2953 = MECHANICAL_DESIGN_GEOMETRIC_PRESENTATION_REPRESENTATION (  '', ( #5242 ), #220 ) ;
#2954 = CARTESIAN_POINT ( 'NONE',  ( -18.50000000000002132, -5.221469680670479896, 13.22368491557550207 ) ) ;
#2955 = CARTESIAN_POINT ( 'NONE',  ( -25.39842161506413021, 63.33406728768116523, -16.61386100390334875 ) ) ;
#2956 = CARTESIAN_POINT ( 'NONE',  ( -35.89493413160970903, 57.62042049633295449, -0.1827356967028063994 ) ) ;
#2957 = AXIS2_PLACEMENT_3D ( 'NONE', #931, #3173, #5372 ) ;
#2958 = ORIENTED_EDGE ( 'NONE', *, *, #3922, .T. ) ;
#2959 = EDGE_CURVE ( 'NONE', #4465, #5860, #187, .T. ) ;
#2960 = VERTEX_POINT ( 'NONE', #2871 ) ;
#2961 = STYLED_ITEM ( 'NONE', ( #5626 ), #3120 ) ;
#2962 = UNCERTAINTY_MEASURE_WITH_UNIT (LENGTH_MEASURE( 1.000000000000000082E-05 ), #5237, 'distance_accuracy_value', 'NONE');
#2963 = LINE ( 'NONE', #4041, #6928 ) ;
#2964 = SURFACE_SIDE_STYLE ('',( #2401 ) ) ;
#2965 = COLOUR_RGB ( '',0.7529411764705882248, 0.7529411764705882248, 0.7529411764705882248 ) ;
#2966 = PRESENTATION_LAYER_ASSIGNMENT (  '', '', ( #112 ) ) ;
#2967 = CARTESIAN_POINT ( 'NONE',  ( 18.49999999999998934, 34.64036839879219798, -19.90124438723412936 ) ) ;
#2968 = COLOUR_RGB ( '',0.7529411764705882248, 0.7529411764705882248, 0.7529411764705882248 ) ;
#2969 = CARTESIAN_POINT ( 'NONE',  ( 12.63506231342960007, -14.71714881219270055, 16.22368491557550030 ) ) ;
#2970 = EDGE_CURVE ( 'NONE', #1541, #2807, #4022, .T. ) ;
#2971 = CARTESIAN_POINT ( 'NONE',  ( 39.41117748950328803, 75.70607079460073408, -10.62563161984552451 ) ) ;
#2972 = AXIS2_PLACEMENT_3D ( 'NONE', #2864, #2328, #6059 ) ;
#2973 = DIRECTION ( 'NONE',  ( 1.000000000000000000, -0.000000000000000000, -0.000000000000000000 ) ) ;
#2974 = CARTESIAN_POINT ( 'NONE',  ( -42.47298459594620113, 62.71733564407519168, 9.010367592421147265 ) ) ;
#2975 = CARTESIAN_POINT ( 'NONE',  ( 24.59123841159546586, 47.22051139659073726, -24.48004198124524677 ) ) ;
#2976 = CARTESIAN_POINT ( 'NONE',  ( -21.37042411252401308, 33.95830441770358021, -8.469288095675372219 ) ) ;
#2977 = CARTESIAN_POINT ( 'NONE',  ( -22.49842161505969784, 60.83408086477690091, -12.28372614626993631 ) ) ;
#2978 = FACE_OUTER_BOUND ( 'NONE', #5508, .T. ) ;
#2979 = DIRECTION ( 'NONE',  ( 0.000000000000000000, 1.000000000000000000, 0.000000000000000000 ) ) ;
#2980 = SURFACE_STYLE_USAGE ( .BOTH. , #3525 ) ;
#2981 = DIRECTION ( 'NONE',  ( 1.832802226030410352E-19, -0.4999972845804265265, 0.8660269715269843793 ) ) ;
#2982 =( NAMED_UNIT ( * ) PLANE_ANGLE_UNIT ( ) SI_UNIT ( $, .RADIAN. ) );
#2983 = FILL_AREA_STYLE_COLOUR ( '', #4313 ) ;
#2984 = ORIENTED_EDGE ( 'NONE', *, *, #2358, .F. ) ;
#2985 = EDGE_LOOP ( 'NONE', ( #3675, #575, #1295, #1714 ) ) ;
#2986 = CARTESIAN_POINT ( 'NONE',  ( 10.98506231342959971, -14.71714881219270055, 36.42368491557549959 ) ) ;
#2987 = CARTESIAN_POINT ( 'NONE',  ( -35.89546684846970237, 76.55604660509784765, -8.980200398528447536 ) ) ;
#2988 = SURFACE_STYLE_USAGE ( .BOTH. , #4205 ) ;
#2989 =( NAMED_UNIT ( * ) PLANE_ANGLE_UNIT ( ) SI_UNIT ( $, .RADIAN. ) );
#2990 = EDGE_CURVE ( 'NONE', #4378, #1206, #4219, .T. ) ;
#2991 = PRESENTATION_STYLE_ASSIGNMENT (( #3574 ) ) ;
#2992 = CARTESIAN_POINT ( 'NONE',  ( 43.13540733717712072, 73.84362063199199611, -11.70090993632660492 ) ) ;
#2993 = VERTEX_POINT ( 'NONE', #687 ) ;
#2994 = VERTEX_POINT ( 'NONE', #6758 ) ;
#2995 = CARTESIAN_POINT ( 'NONE',  ( -11.01493768657040029, -14.71714881219270055, 16.02368491557549746 ) ) ;
#2996 = FILL_AREA_STYLE ('',( #3099 ) ) ;
#2997 = LINE ( 'NONE', #217, #7060 ) ;
#2998 = CARTESIAN_POINT ( 'NONE',  ( -36.50590772627858627, 48.84873162682945491, -23.53361209302369517 ) ) ;
#2999 = CARTESIAN_POINT ( 'NONE',  ( 18.49995729118812804, 35.36690798284264048, -20.16568316984463038 ) ) ;
#3000 = ORIENTED_EDGE ( 'NONE', *, *, #843, .F. ) ;
#3001 = ORIENTED_EDGE ( 'NONE', *, *, #3198, .F. ) ;
#3002 = SURFACE_STYLE_FILL_AREA ( #1923 ) ;
#3003 = FILL_AREA_STYLE_COLOUR ( '', #4450 ) ;
#3004 = EDGE_CURVE ( 'NONE', #5173, #3703, #5588, .T. ) ;
#3005 = FILL_AREA_STYLE ('',( #270 ) ) ;
#3006 = FILL_AREA_STYLE ('',( #236 ) ) ;
#3007 = LINE ( 'NONE', #2851, #554 ) ;
#3008 = CARTESIAN_POINT ( 'NONE',  ( -46.33284170826344450, 69.73372772908943773, -14.07374052813181819 ) ) ;
#3009 = DIRECTION ( 'NONE',  ( -0.000000000000000000, 0.000000000000000000, -1.000000000000000000 ) ) ;
#3010 = CARTESIAN_POINT ( 'NONE',  ( -19.50000000000000000, -19.10772577454797627, 0.7256398128745733533 ) ) ;
#3011 = CARTESIAN_POINT ( 'NONE',  ( 19.57044439659275525, 30.10754754704349878, -8.674533585295975513 ) ) ;
#3012 = CARTESIAN_POINT ( 'NONE',  ( -47.89493254960969892, 55.32944381573221193, 3.785352237017061139 ) ) ;
#3013 = ORIENTED_EDGE ( 'NONE', *, *, #3809, .F. ) ;
#3014 =( GEOMETRIC_REPRESENTATION_CONTEXT ( 3 ) GLOBAL_UNCERTAINTY_ASSIGNED_CONTEXT ( ( #1521 ) ) GLOBAL_UNIT_ASSIGNED_CONTEXT ( ( #1262, #6613, #195 ) ) REPRESENTATION_CONTEXT ( 'NONE', 'WORKASPACE' ) );
#3015 = ORIENTED_EDGE ( 'NONE', *, *, #6883, .T. ) ;
#3016 = SURFACE_SIDE_STYLE ('',( #838 ) ) ;
#3017 = DIRECTION ( 'NONE',  ( 0.000000000000000000, 0.000000000000000000, 1.000000000000000000 ) ) ;
#3018 = CARTESIAN_POINT ( 'NONE',  ( -40.88285618208998073, 48.98317997336602048, -22.50566906884773388 ) ) ;
#3019 = LINE ( 'NONE', #5208, #3280 ) ;
#3020 =( NAMED_UNIT ( * ) PLANE_ANGLE_UNIT ( ) SI_UNIT ( $, .RADIAN. ) );
#3021 = CARTESIAN_POINT ( 'NONE',  ( -21.47030926116925542, 41.92450913597723172, -22.09243619137996006 ) ) ;
#3022 =( NAMED_UNIT ( * ) PLANE_ANGLE_UNIT ( ) SI_UNIT ( $, .RADIAN. ) );
#3023 = MECHANICAL_DESIGN_GEOMETRIC_PRESENTATION_REPRESENTATION (  '', ( #3723 ), #4637 ) ;
#3024 = UNCERTAINTY_MEASURE_WITH_UNIT (LENGTH_MEASURE( 1.000000000000000082E-05 ), #4966, 'distance_accuracy_value', 'NONE');
#3025 = ADVANCED_FACE ( 'NONE', ( #832 ), #2343, .F. ) ;
#3026 = ADVANCED_FACE ( 'NONE', ( #3996 ), #906, .F. ) ;
#3027 = CARTESIAN_POINT ( 'NONE',  ( 19.50000000000000355, 28.87968704595206759, -8.391286171320656351 ) ) ;
#3028 = AXIS2_PLACEMENT_3D ( 'NONE', #282, #6874, #6829 ) ;
#3029 = CARTESIAN_POINT ( 'NONE',  ( -24.89560253241703336, 45.89739216332871052, -23.31098454432981981 ) ) ;
#3030 = ORIENTED_EDGE ( 'NONE', *, *, #2856, .T. ) ;
#3031 =( GEOMETRIC_REPRESENTATION_CONTEXT ( 3 ) GLOBAL_UNCERTAINTY_ASSIGNED_CONTEXT ( ( #2645 ) ) GLOBAL_UNIT_ASSIGNED_CONTEXT ( ( #4586, #814, #5072 ) ) REPRESENTATION_CONTEXT ( 'NONE', 'WORKASPACE' ) );
#3032 = CARTESIAN_POINT ( 'NONE',  ( -48.07524282081610068, 55.97555894408365873, 5.117965053498670258 ) ) ;
#3033 =( LENGTH_UNIT ( ) NAMED_UNIT ( * ) SI_UNIT ( .MILLI., .METRE. ) );
#3034 = CARTESIAN_POINT ( 'NONE',  ( -20.54617957008996498, 32.96089272761571465, -8.688750810357070975 ) ) ;
#3035 = AXIS2_PLACEMENT_3D ( 'NONE', #1526, #6453, #7034 ) ;
#3036 = FILL_AREA_STYLE ('',( #5806 ) ) ;
#3037 = EDGE_CURVE ( 'NONE', #6689, #6741, #868, .T. ) ;
#3038 = COLOUR_RGB ( '',0.7529411764705882248, 0.7529411764705882248, 0.7529411764705882248 ) ;
#3039 = CARTESIAN_POINT ( 'NONE',  ( 15.08506231342959936, -20.86940764386208258, 40.42368491557549959 ) ) ;
#3040 = CARTESIAN_POINT ( 'NONE',  ( 20.01487046655099888, 31.92303048521836217, -8.790511121462865063 ) ) ;
#3041 = CIRCLE ( 'NONE', #4080, 3.000000000000002665 ) ;
#3042 = CARTESIAN_POINT ( 'NONE',  ( -18.50000000000003553, 32.16163374132840858, -8.630577466390761288 ) ) ;
#3043 = CARTESIAN_POINT ( 'NONE',  ( 27.75349750311260166, 49.48419600382991490, -24.48004907901384897 ) ) ;
#3044 = PRESENTATION_STYLE_ASSIGNMENT (( #3634 ) ) ;
#3045 = CARTESIAN_POINT ( 'NONE',  ( 19.77887375341180842, 31.19954183946536119, -8.787425943172868514 ) ) ;
#3046 = CONICAL_SURFACE ( 'NONE', #3869, 3.399999991770999319, 0.7853981633974476129 ) ;
#3047 = DIRECTION ( 'NONE',  ( -3.452676867566989391E-07, 0.5000000071848628158, -0.8660253996361871875 ) ) ;
#3048 = ORIENTED_EDGE ( 'NONE', *, *, #4347, .T. ) ;
#3049 = ORIENTED_EDGE ( 'NONE', *, *, #2205, .F. ) ;
#3050 = CARTESIAN_POINT ( 'NONE',  ( 19.50000000000000000, 22.36218277268801913, -5.130037262547141985 ) ) ;
#3051 =( NAMED_UNIT ( * ) SI_UNIT ( $, .STERADIAN. ) SOLID_ANGLE_UNIT ( ) );
#3052 = CARTESIAN_POINT ( 'NONE',  ( -18.50000000000002132, 14.34001245177879724, -10.08878169223864241 ) ) ;
#3053 = EDGE_CURVE ( 'NONE', #1586, #6801, #2521, .T. ) ;
#3054 = VERTEX_POINT ( 'NONE', #5957 ) ;
#3055 = B_SPLINE_CURVE_WITH_KNOTS ( 'NONE', 3,
 ( #168, #207, #5606, #2285, #2886, #1805, #4004, #2392, #6767, #1299 ),
 .UNSPECIFIED., .F., .F.,
 ( 4, 2, 2, 2, 4 ),
 ( 0.000000000000000000, 0.2500000000000000000, 0.5000000000000000000, 0.7500000000000000000, 1.000000000000000000 ),
 .UNSPECIFIED. ) ;
#3056 = CIRCLE ( 'NONE', #763, 1.650000000000000355 ) ;
#3057 = CARTESIAN_POINT ( 'NONE',  ( 22.41671248530030169, 63.70551756741828342, -17.55410408586601889 ) ) ;
#3058 = LINE ( 'NONE', #6905, #2437 ) ;
#3059 = STYLED_ITEM ( 'NONE', ( #2157 ), #2582 ) ;
#3060 = CARTESIAN_POINT ( 'NONE',  ( -19.50000000000000000, -9.717148812196693797, 36.42368491557549959 ) ) ;
#3061 = STYLED_ITEM ( 'NONE', ( #873 ), #6840 ) ;
#3062 = DIRECTION ( 'NONE',  ( 0.000000000000000000, 0.000000000000000000, -1.000000000000000000 ) ) ;
#3063 = VECTOR ( 'NONE', #5164, 999.9999999999998863 ) ;
#3064 = CIRCLE ( 'NONE', #1461, 28.64999999999999858 ) ;
#3065 = DIRECTION ( 'NONE',  ( -0.000000000000000000, 0.8660253820641239386, 0.5000000376206867880 ) ) ;
#3066 = VECTOR ( 'NONE', #4154, 1000.000000000000000 ) ;
#3067 = EDGE_CURVE ( 'NONE', #404, #3069, #2068, .T. ) ;
#3068 = VECTOR ( 'NONE', #942, 1000.000000000000114 ) ;
#3069 = VERTEX_POINT ( 'NONE', #5022 ) ;
#3070 = ORIENTED_EDGE ( 'NONE', *, *, #6311, .F. ) ;
#3071 = CARTESIAN_POINT ( 'NONE',  ( 19.78830148973863245, 31.23225469387241304, -8.788345023179571669 ) ) ;
#3072 = PRESENTATION_STYLE_ASSIGNMENT (( #856 ) ) ;
#3073 = COLOUR_RGB ( '',0.7529411764705882248, 0.7529411764705882248, 0.7529411764705882248 ) ;
#3074 = COLOUR_RGB ( '',0.7529411764705882248, 0.7529411764705882248, 0.7529411764705882248 ) ;
#3075 = ADVANCED_FACE ( 'NONE', ( #4449 ), #1642, .F. ) ;
#3076 = SURFACE_STYLE_USAGE ( .BOTH. , #6281 ) ;
#3077 = AXIS2_PLACEMENT_3D ( 'NONE', #1186, #5049, #147 ) ;
#3078 = CARTESIAN_POINT ( 'NONE',  ( -26.08729951678807168, 37.65345350607349673, -6.614860455479415258 ) ) ;
#3079 = CYLINDRICAL_SURFACE ( 'NONE', #5214, 1.649999999999998579 ) ;
#3080 = PLANE ( 'NONE',  #7101 ) ;
#3081 = CARTESIAN_POINT ( 'NONE',  ( 24.39733573876688055, 46.97287224322329990, -24.48004120477426326 ) ) ;
#3082 = CARTESIAN_POINT ( 'NONE',  ( -32.88188385766287780, 54.32969925069777872, -2.082620736343427481 ) ) ;
#3083 = CARTESIAN_POINT ( 'NONE',  ( 20.54892306062968288, 32.96681545893954279, -8.688091902598781502 ) ) ;
#3084 = CARTESIAN_POINT ( 'NONE',  ( 39.00705871323844320, 76.28842300882955385, -9.134705271937155757 ) ) ;
#3085 = CARTESIAN_POINT ( 'NONE',  ( -19.72054665430581011, 33.24509280778575970, -7.427726087974290792 ) ) ;
#3086 = VERTEX_POINT ( 'NONE', #5028 ) ;
#3087 = ORIENTED_EDGE ( 'NONE', *, *, #5142, .F. ) ;
#3088 = CARTESIAN_POINT ( 'NONE',  ( -19.49991005838369773, 32.66166822055716068, -9.496826260088250038 ) ) ;
#3089 = CARTESIAN_POINT ( 'NONE',  ( -37.58698570143079110, 41.24125188530314290, -3.388823792085926989 ) ) ;
#3090 = SURFACE_SIDE_STYLE ('',( #5391 ) ) ;
#3091 = DIRECTION ( 'NONE',  ( -0.7071067811865542341, -4.555600146807398426E-17, -0.7071067811865409114 ) ) ;
#3092 = FILL_AREA_STYLE_COLOUR ( '', #5016 ) ;
#3093 = VERTEX_POINT ( 'NONE', #6753 ) ;
#3094 = CARTESIAN_POINT ( 'NONE',  ( -47.85166979607279814, 48.09954888108371307, 0.5707497927067917143 ) ) ;
#3095 = CARTESIAN_POINT ( 'NONE',  ( -20.79867431163536295, 40.80353762919266813, -21.58686950990830056 ) ) ;
#3096 = EDGE_LOOP ( 'NONE', ( #584, #1687, #4493, #4250 ) ) ;
#3097 = UNCERTAINTY_MEASURE_WITH_UNIT (LENGTH_MEASURE( 1.000000000000000082E-05 ), #3913, 'distance_accuracy_value', 'NONE');
#3098 = LINE ( 'NONE', #5720, #5541 ) ;
#3099 = FILL_AREA_STYLE_COLOUR ( '', #6852 ) ;
#3100 = DIRECTION ( 'NONE',  ( -0.000000000000000000, -0.000000000000000000, 1.000000000000000000 ) ) ;
#3101 = CARTESIAN_POINT ( 'NONE',  ( 25.80337442321146924, 47.05647660273816513, -23.39843442248475114 ) ) ;
#3102 = EDGE_LOOP ( 'NONE', ( #2750, #3758, #6460, #2098 ) ) ;
#3103 = ORIENTED_EDGE ( 'NONE', *, *, #2646, .T. ) ;
#3104 = FILL_AREA_STYLE_COLOUR ( '', #6259 ) ;
#3105 = EDGE_CURVE ( 'NONE', #404, #4336, #6536, .T. ) ;
#3106 = AXIS2_PLACEMENT_3D ( 'NONE', #1841, #5102, #4996 ) ;
#3107 = PRESENTATION_STYLE_ASSIGNMENT (( #3665 ) ) ;
#3108 = CARTESIAN_POINT ( 'NONE',  ( -14.16493768657041485, -14.71714881219270055, 12.52368491557550101 ) ) ;
#3109 = ADVANCED_FACE ( 'NONE', ( #3380 ), #3658, .T. ) ;
#3110 = DIRECTION ( 'NONE',  ( -1.832802226030400722E-19, 0.4999972845804243060, -0.8660269715269854895 ) ) ;
#3111 = EDGE_CURVE ( 'NONE', #1826, #6741, #4522, .T. ) ;
#3112 = CARTESIAN_POINT ( 'NONE',  ( 28.89834230885236721, 48.79322388916268949, -23.52943958246170553 ) ) ;
#3113 = CARTESIAN_POINT ( 'NONE',  ( 30.97263108261625320, 49.79538873562164270, -24.48005005475679141 ) ) ;
#3114 = ORIENTED_EDGE ( 'NONE', *, *, #738, .T. ) ;
#3115 = VERTEX_POINT ( 'NONE', #3346 ) ;
#3116 = CARTESIAN_POINT ( 'NONE',  ( -38.78985965873339126, 41.71309713743685421, -3.116411527173907903 ) ) ;
#3117 = LINE ( 'NONE', #2788, #1036 ) ;
#3118 = ORIENTED_EDGE ( 'NONE', *, *, #5808, .T. ) ;
#3119 = MECHANICAL_DESIGN_GEOMETRIC_PRESENTATION_REPRESENTATION (  '', ( #6220 ), #4273 ) ;
#3120 = ADVANCED_FACE ( 'NONE', ( #1726 ), #3324, .F. ) ;
#3121 = CARTESIAN_POINT ( 'NONE',  ( -19.50000000000000000, 23.12822721580698015, -4.487249652860623605 ) ) ;
#3122 = SURFACE_SIDE_STYLE ('',( #924 ) ) ;
#3123 = FACE_OUTER_BOUND ( 'NONE', #4905, .T. ) ;
#3124 = ORIENTED_EDGE ( 'NONE', *, *, #2219, .T. ) ;
#3125 = CARTESIAN_POINT ( 'NONE',  ( -26.39842161506513563, 63.83406457226209341, -17.47988797543120398 ) ) ;
#3126 = CARTESIAN_POINT ( 'NONE',  ( -19.53478055925027945, 35.98954274791651642, -19.41577391628959859 ) ) ;
#3127 = DIRECTION ( 'NONE',  ( 0.000000000000000000, 0.7071089983118645783, 0.7071045640542786836 ) ) ;
#3128 = ORIENTED_EDGE ( 'NONE', *, *, #6853, .T. ) ;
#3129 = ORIENTED_EDGE ( 'NONE', *, *, #661, .F. ) ;
#3130 = EDGE_CURVE ( 'NONE', #6422, #468, #1292, .T. ) ;
#3131 =( LENGTH_UNIT ( ) NAMED_UNIT ( * ) SI_UNIT ( .MILLI., .METRE. ) );
#3132 = CARTESIAN_POINT ( 'NONE',  ( 25.81671247707130235, 63.45551892101769198, -17.12109059297851843 ) ) ;
#3133 = VERTEX_POINT ( 'NONE', #3689 ) ;
#3134 = ORIENTED_EDGE ( 'NONE', *, *, #4608, .F. ) ;
#3135 = AXIS2_PLACEMENT_3D ( 'NONE', #6088, #2359, #1847 ) ;
#3136 = CARTESIAN_POINT ( 'NONE',  ( 19.31787997437460547, 32.63032009641769093, -7.540312172930153878 ) ) ;
#3137 = B_SPLINE_SURFACE_WITH_KNOTS ( 'NONE', 1, 3, ( 
 ( #3239, #5363, #5463, #3757, #5400, #2742, #590, #4927, #2173, #2241 ),
 ( #2673, #4355, #2207, #7057, #1624, #6618, #32, #4387, #6583, #456 ) ),
 .UNSPECIFIED., .F., .F., .F.,
 ( 2, 2 ),
 ( 4, 2, 2, 2, 4 ),
 ( 0.000000000000000000, 1.000000000000000000 ),
 ( 4.699083124618269380, 4.887776071665344446, 5.076469018712419512, 5.265161965759494578, 5.453854912806569644 ),
 .UNSPECIFIED. ) ;
#3138 = CARTESIAN_POINT ( 'NONE',  ( 22.43195963165922535, 35.58247107997944170, -6.627392612641540559 ) ) ;
#3139 = CARTESIAN_POINT ( 'NONE',  ( -20.89046774492037528, 42.34169430106467757, -22.70429778004465149 ) ) ;
#3140 = CARTESIAN_POINT ( 'NONE',  ( -28.10084078902646709, 38.53335220191212329, -6.106867196482343552 ) ) ;
#3141 = PRESENTATION_LAYER_ASSIGNMENT (  '', '', ( #521 ) ) ;
#3142 = CARTESIAN_POINT ( 'NONE',  ( 19.55217459951621706, 29.94098969548154088, -8.645444706859658268 ) ) ;
#3143 = B_SPLINE_CURVE_WITH_KNOTS ( 'NONE', 3,
 ( #1887, #789, #4663, #1385, #5124, #1287, #2412, #1824, #4118, #6206, #5654, #1856 ),
 .UNSPECIFIED., .F., .F.,
 ( 4, 2, 2, 2, 2, 4 ),
 ( 0.000000000000000000, 0.2499999999999988343, 0.3749999999999990008, 0.4999999999999992228, 0.7499999999999995559, 1.000000000000000000 ),
 .UNSPECIFIED. ) ;
#3144 = CARTESIAN_POINT ( 'NONE',  ( 35.86602588851668827, 76.19277635274131910, -10.34463406958283826 ) ) ;
#3145 = CARTESIAN_POINT ( 'NONE',  ( 24.01062724139958604, 46.45820464364542346, -24.48003959103730764 ) ) ;
#3146 = STYLED_ITEM ( 'NONE', ( #3512 ), #1503 ) ;
#3147 = CARTESIAN_POINT ( 'NONE',  ( 42.66554779836794609, 52.54152300377142382, -24.48005866524309937 ) ) ;
#3148 = CARTESIAN_POINT ( 'NONE',  ( 18.75641688616795832, 31.19227460858565948, -7.638974395992846667 ) ) ;
#3149 =( LENGTH_UNIT ( ) NAMED_UNIT ( * ) SI_UNIT ( .MILLI., .METRE. ) );
#3150 = ORIENTED_EDGE ( 'NONE', *, *, #6198, .F. ) ;
#3151 = AXIS2_PLACEMENT_3D ( 'NONE', #3908, #2880, #4497 ) ;
#3152 = ORIENTED_EDGE ( 'NONE', *, *, #3748, .T. ) ;
#3153 = FACE_OUTER_BOUND ( 'NONE', #6977, .T. ) ;
#3154 = CARTESIAN_POINT ( 'NONE',  ( -29.03808623357030427, 48.79773801043062065, -23.52976782558700819 ) ) ;
#3155 = ORIENTED_EDGE ( 'NONE', *, *, #1735, .T. ) ;
#3156 = EDGE_LOOP ( 'NONE', ( #5027, #1490, #5084, #6437 ) ) ;
#3157 = ADVANCED_FACE ( 'NONE', ( #5821 ), #1280, .T. ) ;
#3158 = CARTESIAN_POINT ( 'NONE',  ( -42.25885670568114705, 50.90474617852433425, -23.45066490721209007 ) ) ;
#3159 = MECHANICAL_DESIGN_GEOMETRIC_PRESENTATION_REPRESENTATION (  '', ( #1561 ), #536 ) ;
#3160 = CARTESIAN_POINT ( 'NONE',  ( 18.50000000000000711, -10.71714881219669380, 16.02368491557549746 ) ) ;
#3161 =( NAMED_UNIT ( * ) SI_UNIT ( $, .STERADIAN. ) SOLID_ANGLE_UNIT ( ) );
#3162 = ORIENTED_EDGE ( 'NONE', *, *, #260, .F. ) ;
#3163 = DIRECTION ( 'NONE',  ( -1.000000000000000000, 0.000000000000000000, 0.000000000000000000 ) ) ;
#3164 = DIRECTION ( 'NONE',  ( -1.000000000000000000, -0.000000000000000000, -0.000000000000000000 ) ) ;
#3165 = SURFACE_STYLE_FILL_AREA ( #992 ) ;
#3166 = UNCERTAINTY_MEASURE_WITH_UNIT (LENGTH_MEASURE( 1.000000000000000082E-05 ), #3304, 'distance_accuracy_value', 'NONE');
#3167 = AXIS2_PLACEMENT_3D ( 'NONE', #4280, #60, #2644 ) ;
#3168 = VECTOR ( 'NONE', #1765, 1000.000000000000000 ) ;
#3169 = UNCERTAINTY_MEASURE_WITH_UNIT (LENGTH_MEASURE( 1.000000000000000082E-05 ), #2926, 'distance_accuracy_value', 'NONE');
#3170 = CARTESIAN_POINT ( 'NONE',  ( -19.50000000000000711, 29.37584055566138730, -8.539123879470437828 ) ) ;
#3171 = AXIS2_PLACEMENT_3D ( 'NONE', #2697, #476, #1055 ) ;
#3172 = EDGE_CURVE ( 'NONE', #6000, #1103, #6315, .T. ) ;
#3173 = DIRECTION ( 'NONE',  ( 0.7071067811865514585, -0.2418447626479766632, -0.6644630243886701093 ) ) ;
#3174 = ORIENTED_EDGE ( 'NONE', *, *, #215, .F. ) ;
#3175 = ORIENTED_EDGE ( 'NONE', *, *, #5670, .F. ) ;
#3176 =( GEOMETRIC_REPRESENTATION_CONTEXT ( 3 ) GLOBAL_UNCERTAINTY_ASSIGNED_CONTEXT ( ( #5833 ) ) GLOBAL_UNIT_ASSIGNED_CONTEXT ( ( #1376, #3836, #995 ) ) REPRESENTATION_CONTEXT ( 'NONE', 'WORKASPACE' ) );
#3177 = LINE ( 'NONE', #5436, #6062 ) ;
#3178 = CIRCLE ( 'NONE', #4101, 1.650000000000000355 ) ;
#3179 =( GEOMETRIC_REPRESENTATION_CONTEXT ( 3 ) GLOBAL_UNCERTAINTY_ASSIGNED_CONTEXT ( ( #458 ) ) GLOBAL_UNIT_ASSIGNED_CONTEXT ( ( #1109, #634, #3251 ) ) REPRESENTATION_CONTEXT ( 'NONE', 'WORKASPACE' ) );
#3180 = MECHANICAL_DESIGN_GEOMETRIC_PRESENTATION_REPRESENTATION (  '', ( #1580 ), #4334 ) ;
#3181 = EDGE_CURVE ( 'NONE', #6633, #3745, #702, .T. ) ;
#3182 = CARTESIAN_POINT ( 'NONE',  ( 18.49999999999998934, 49.97369422589172672, -25.48211858060362900 ) ) ;
#3183 = CARTESIAN_POINT ( 'NONE',  ( -25.14480225572209093, 37.58997228254973066, -5.496811216653538779 ) ) ;
#3184 = PRESENTATION_LAYER_ASSIGNMENT (  '', '', ( #6637 ) ) ;
#3185 = CARTESIAN_POINT ( 'NONE',  ( -24.62551719574445741, 46.34032100776866514, -23.85490543328441859 ) ) ;
#3186 = CARTESIAN_POINT ( 'NONE',  ( 18.54363323971322686, 29.99805768789786242, -7.566313800514441468 ) ) ;
#3187 = AXIS2_PLACEMENT_3D ( 'NONE', #3082, #2981, #6898 ) ;
#3188 = CARTESIAN_POINT ( 'NONE',  ( 40.46416315729116064, 49.85898873353978189, -23.49286361118061350 ) ) ;
#3189 = FILL_AREA_STYLE ('',( #5343 ) ) ;
#3190 = ORIENTED_EDGE ( 'NONE', *, *, #2548, .F. ) ;
#3191 = ORIENTED_EDGE ( 'NONE', *, *, #5100, .T. ) ;
#3192 = DIRECTION ( 'NONE',  ( -0.7071067811865414665, 0.7071067811865536790, -0.000000000000000000 ) ) ;
#3193 = DIRECTION ( 'NONE',  ( 1.242365399525730464E-16, 0.6427876096865349220, -0.7660444431189815662 ) ) ;
#3194 = ORIENTED_EDGE ( 'NONE', *, *, #3209, .T. ) ;
#3195 = ORIENTED_EDGE ( 'NONE', *, *, #6278, .T. ) ;
#3196 = VECTOR ( 'NONE', #3744, 1000.000000000000227 ) ;
#3197 = CARTESIAN_POINT ( 'NONE',  ( 26.31671248529605833, 63.70551756742026583, -17.55410408586487492 ) ) ;
#3198 = EDGE_CURVE ( 'NONE', #475, #4796, #229, .T. ) ;
#3199 = CARTESIAN_POINT ( 'NONE',  ( -45.42749578660879450, 56.53956558509007380, -25.69847997631928394 ) ) ;
#3200 = DIRECTION ( 'NONE',  ( -3.633067695296698506E-06, 0.5000000376173868721, -0.8660253820584085105 ) ) ;
#3201 = CARTESIAN_POINT ( 'NONE',  ( -19.14030016568344905, 32.26149233273179107, -7.583061380688650210 ) ) ;
#3202 = CARTESIAN_POINT ( 'NONE',  ( -45.44116443424666585, 71.43770467537395064, -13.08995610323371395 ) ) ;
#3203 = ORIENTED_EDGE ( 'NONE', *, *, #1027, .F. ) ;
#3204 = FACE_OUTER_BOUND ( 'NONE', #3156, .T. ) ;
#3205 = DIRECTION ( 'NONE',  ( -1.832814720787925681E-19, 0.5000000376206866770, -0.8660253820641238276 ) ) ;
#3206 = UNCERTAINTY_MEASURE_WITH_UNIT (LENGTH_MEASURE( 1.000000000000000082E-05 ), #603, 'distance_accuracy_value', 'NONE');
#3207 = ORIENTED_EDGE ( 'NONE', *, *, #5227, .T. ) ;
#3208 = EDGE_CURVE ( 'NONE', #592, #6761, #5880, .T. ) ;
#3209 = EDGE_CURVE ( 'NONE', #1445, #202, #1946, .T. ) ;
#3210 = CARTESIAN_POINT ( 'NONE',  ( 19.50465746657060961, 35.35301818238710325, -19.12869957670350018 ) ) ;
#3211 = CARTESIAN_POINT ( 'NONE',  ( -18.62713539138287189, 30.60477608364401547, -7.621180825687133620 ) ) ;
#3212 = ORIENTED_EDGE ( 'NONE', *, *, #2959, .F. ) ;
#3213 = VERTEX_POINT ( 'NONE', #1849 ) ;
#3214 = CARTESIAN_POINT ( 'NONE',  ( 19.18506231342960078, -7.217148812191790164, 40.42368491557549959 ) ) ;
#3215 = CARTESIAN_POINT ( 'NONE',  ( -28.97269702548249271, 38.69859050072980011, -5.953068027204224677 ) ) ;
#3216 = FILL_AREA_STYLE_COLOUR ( '', #3401 ) ;
#3217 = FILL_AREA_STYLE ('',( #1005 ) ) ;
#3218 = ORIENTED_EDGE ( 'NONE', *, *, #5306, .T. ) ;
#3219 = CARTESIAN_POINT ( 'NONE',  ( 19.50000000000000711, 29.20906417385967657, -8.489394622578732452 ) ) ;
#3220 = EDGE_CURVE ( 'NONE', #172, #1709, #1916, .T. ) ;
#3221 = PLANE ( 'NONE',  #4472 ) ;
#3222 = CARTESIAN_POINT ( 'NONE',  ( 28.06178826712248764, 48.57371140779307694, -23.51287976192057982 ) ) ;
#3223 = CARTESIAN_POINT ( 'NONE',  ( 39.49660193068180547, 48.44658889517695144, -22.54614986008810007 ) ) ;
#3224 = FILL_AREA_STYLE_COLOUR ( '', #3418 ) ;
#3225 = CARTESIAN_POINT ( 'NONE',  ( 19.50779113357779337, 32.93237842664498771, -7.487736585742221784 ) ) ;
#3226 = B_SPLINE_CURVE_WITH_KNOTS ( 'NONE', 3,
 ( #5395, #5967, #6581, #4275, #2639, #1591, #320, #7094, #6034, #4382 ),
 .UNSPECIFIED., .F., .F.,
 ( 4, 2, 2, 2, 4 ),
 ( 0.3150188701567356309, 0.4862641526175517370, 0.6575094350783678987, 0.8287547175391838383, 1.000000000000000000 ),
 .UNSPECIFIED. ) ;
#3227 = ORIENTED_EDGE ( 'NONE', *, *, #6587, .T. ) ;
#3228 = VERTEX_POINT ( 'NONE', #6269 ) ;
#3229 = CARTESIAN_POINT ( 'NONE',  ( -18.50000000000001776, -10.71714881219669380, 16.02368491557549746 ) ) ;
#3230 = ORIENTED_EDGE ( 'NONE', *, *, #6118, .F. ) ;
#3231 = VERTEX_POINT ( 'NONE', #1771 ) ;
#3232 = CARTESIAN_POINT ( 'NONE',  ( 19.58493022664265126, 40.16061851320598208, -21.91045111458537420 ) ) ;
#3233 = CARTESIAN_POINT ( 'NONE',  ( -38.05272258757860726, 51.01546791992929286, -25.43932494436277381 ) ) ;
#3234 = CARTESIAN_POINT ( 'NONE',  ( 18.49999901265290703, 29.09062307249025991, -7.413786302928206950 ) ) ;
#3235 = CARTESIAN_POINT ( 'NONE',  ( -43.04224188426376685, 51.53643770357894027, -23.42517629831139558 ) ) ;
#3236 = B_SPLINE_CURVE_WITH_KNOTS ( 'NONE', 3,
 ( #1350, #6277, #4081, #1854, #4592, #1312, #2301, #183 ),
 .UNSPECIFIED., .F., .F.,
 ( 4, 2, 2, 4 ),
 ( 0.000000000000000000, 0.2500000000000007216, 0.5000000000000014433, 1.000000000000000000 ),
 .UNSPECIFIED. ) ;
#3237 = FILL_AREA_STYLE ('',( #484 ) ) ;
#3238 =( NAMED_UNIT ( * ) SI_UNIT ( $, .STERADIAN. ) SOLID_ANGLE_UNIT ( ) );
#3239 = CARTESIAN_POINT ( 'NONE',  ( 29.96993325714471013, 38.72036194146384958, -5.998527302979731246 ) ) ;
#3240 = FILL_AREA_STYLE_COLOUR ( '', #4659 ) ;
#3241 = EDGE_LOOP ( 'NONE', ( #1477, #5140, #4951, #5487 ) ) ;
#3242 = CARTESIAN_POINT ( 'NONE',  ( -19.92156209157020896, 31.66730427591196673, -8.795801776638848324 ) ) ;
#3243 = LINE ( 'NONE', #1097, #2618 ) ;
#3244 = CIRCLE ( 'NONE', #6880, 1.650000000000000355 ) ;
#3245 = CARTESIAN_POINT ( 'NONE',  ( 21.05609058464471417, 41.27626772653754728, -21.80006320201742298 ) ) ;
#3246 = CARTESIAN_POINT ( 'NONE',  ( 18.50000000000001066, -10.71714881219669380, 36.42368491557549959 ) ) ;
#3247 = ORIENTED_EDGE ( 'NONE', *, *, #2464, .T. ) ;
#3248 = ORIENTED_EDGE ( 'NONE', *, *, #1274, .T. ) ;
#3249 = EDGE_CURVE ( 'NONE', #1868, #544, #3767, .T. ) ;
#3250 = CARTESIAN_POINT ( 'NONE',  ( -27.27254498122938742, 38.47767867346204440, -5.570437556769753940 ) ) ;
#3251 =( NAMED_UNIT ( * ) SI_UNIT ( $, .STERADIAN. ) SOLID_ANGLE_UNIT ( ) );
#3252 = CARTESIAN_POINT ( 'NONE',  ( -47.55975946603310689, 46.06816049062154406, -0.6020644598738377207 ) ) ;
#3253 = FILL_AREA_STYLE ('',( #3815 ) ) ;
#3254 = DIRECTION ( 'NONE',  ( 0.000000000000000000, 0.8660269715269843793, 0.4999972845804261934 ) ) ;
#3255 = COLOUR_RGB ( '',0.7529411764705882248, 0.7529411764705882248, 0.7529411764705882248 ) ;
#3256 = CARTESIAN_POINT ( 'NONE',  ( 18.69142340381305445, 30.92594420345865558, -7.635171636035276599 ) ) ;
#3257 = CARTESIAN_POINT ( 'NONE',  ( 32.92923466737256888, 47.90245347410312604, -22.58719440896003761 ) ) ;
#3258 = CARTESIAN_POINT ( 'NONE',  ( 19.64936751296527362, 33.14710281353688970, -7.447991229448455819 ) ) ;
#3259 = EDGE_CURVE ( 'NONE', #2557, #5618, #3549, .T. ) ;
#3260 = VECTOR ( 'NONE', #3429, 1000.000000000000000 ) ;
#3261 = EDGE_LOOP ( 'NONE', ( #656, #2397 ) ) ;
#3262 = CARTESIAN_POINT ( 'NONE',  ( -21.54897235278888346, 42.03196272863156935, -22.14089146305068212 ) ) ;
#3263 = ORIENTED_EDGE ( 'NONE', *, *, #6477, .F. ) ;
#3264 = ORIENTED_EDGE ( 'NONE', *, *, #3037, .F. ) ;
#3265 = CARTESIAN_POINT ( 'NONE',  ( 18.71518895894666201, 37.54698706939809227, -20.95916706569708055 ) ) ;
#3266 = COLOUR_RGB ( '',0.7529411764705882248, 0.7529411764705882248, 0.7529411764705882248 ) ;
#3267 = CARTESIAN_POINT ( 'NONE',  ( -24.91620881553703981, 47.90283454559514809, -22.58716000832962578 ) ) ;
#3268 = B_SPLINE_CURVE_WITH_KNOTS ( 'NONE', 3,
 ( #4590, #3510, #6775, #818 ),
 .UNSPECIFIED., .F., .F.,
 ( 4, 4 ),
 ( 0.2843020192857814155, 1.000000000000000000 ),
 .UNSPECIFIED. ) ;
#3269 = SURFACE_SIDE_STYLE ('',( #4822 ) ) ;
#3270 = VECTOR ( 'NONE', #3433, 1000.000000000000000 ) ;
#3271 = EDGE_CURVE ( 'NONE', #5991, #1864, #6137, .T. ) ;
#3272 = CARTESIAN_POINT ( 'NONE',  ( 20.89046318958917681, 34.43922584535435760, -7.099606304089565612 ) ) ;
#3273 = ORIENTED_EDGE ( 'NONE', *, *, #3365, .F. ) ;
#3274 = ORIENTED_EDGE ( 'NONE', *, *, #2891, .T. ) ;
#3275 = CARTESIAN_POINT ( 'NONE',  ( 15.08506231342959936, -20.86940764386208258, 37.42368491557549248 ) ) ;
#3276 = DIRECTION ( 'NONE',  ( -0.7071067811865487940, 0.000000000000000000, -0.7071067811865463515 ) ) ;
#3277 = VERTEX_POINT ( 'NONE', #7053 ) ;
#3278 = UNCERTAINTY_MEASURE_WITH_UNIT (LENGTH_MEASURE( 1.000000000000000082E-05 ), #2321, 'distance_accuracy_value', 'NONE');
#3279 = ORIENTED_EDGE ( 'NONE', *, *, #1111, .T. ) ;
#3280 = VECTOR ( 'NONE', #311, 1000.000000000000114 ) ;
#3281 = CARTESIAN_POINT ( 'NONE',  ( 28.66384354013126057, 38.67462823679755957, -5.911564172772957981 ) ) ;
#3282 = B_SPLINE_CURVE_WITH_KNOTS ( 'NONE', 3,
 ( #4460, #2379, #4417, #6210 ),
 .UNSPECIFIED., .F., .F.,
 ( 4, 4 ),
 ( 0.000000000000000000, 1.000000000000000000 ),
 .UNSPECIFIED. ) ;
#3283 = B_SPLINE_SURFACE_WITH_KNOTS ( 'NONE', 1, 3, ( 
 ( #5082, #3344, #4945, #2228, #4411, #1723, #610, #1683, #6100, #5514, #2794, #2833, #3897, #6681, #1187, #1256, #188, #4562, #7028, #4597, #5163, #5190, #859, #3034, #330, #3765, #4629, #1354, #6782, #4664, #2976, #2515 ),
 ( #6893, #6813, #902, #4151, #827, #2650, #1068, #4391, #2250, #3327, #4955, #1630, #6591, #2287, #5535, #5457, #3201, #718, #2913, #2524, #6899, #2046, #5199, #3085, #4160, #6361, #301, #6329, #6868, #1395, #6935, #3595 ) ),
 .UNSPECIFIED., .F., .F., .F.,
 ( 2, 2 ),
 ( 4, 2, 2, 2, 2, 2, 2, 2, 2, 2, 2, 2, 2, 2, 2, 4 ),
 ( 0.000000000000000000, 1.000000000000000000 ),
 ( 0.000000000000000000, 0.0008252090591530734237, 0.001650418118306146847, 0.002063022647882683559, 0.002269324912670951915, 0.002475627177459220271, 0.002888231707035756983, 0.003300836236612293695, 0.003713440766188830407, 0.004126045295765367119, 0.004538649825341903830, 0.004744952090130172620, 0.004951254354918440542, 0.005363858884494977254, 0.005776463414071513966, 0.006601672473224587390 ),
 .UNSPECIFIED. ) ;
#3284 = AXIS2_PLACEMENT_3D ( 'NONE', #2059, #3127, #958 ) ;
#3285 = LINE ( 'NONE', #5750, #2617 ) ;
#3286 = STYLED_ITEM ( 'NONE', ( #6468 ), #6190 ) ;
#3287 = CARTESIAN_POINT ( 'NONE',  ( -23.96937444769307035, 36.04851662863008244, -7.541457099230229666 ) ) ;
#3288 = ORIENTED_EDGE ( 'NONE', *, *, #5780, .T. ) ;
#3289 = AXIS2_PLACEMENT_3D ( 'NONE', #2416, #4737, #5735 ) ;
#3290 = CARTESIAN_POINT ( 'NONE',  ( -29.75432895402468247, 38.72388378303454459, -5.996877272851211416 ) ) ;
#3291 = CARTESIAN_POINT ( 'NONE',  ( 24.06671248530030027, 62.20552571367776551, -14.95602317128418157 ) ) ;
#3292 = AXIS2_PLACEMENT_3D ( 'NONE', #945, #2449, #4636 ) ;
#3293 = CARTESIAN_POINT ( 'NONE',  ( -28.31686764982450910, 38.61081810427840111, -6.062145475743627721 ) ) ;
#3294 = ADVANCED_FACE ( 'NONE', ( #451 ), #3812, .T. ) ;
#3295 = CONICAL_SURFACE ( 'NONE', #1909, 2.000000000000015543, 0.7853981633974536081 ) ;
#3296 = DIRECTION ( 'NONE',  ( -1.000000000000000000, 0.000000000000000000, 0.000000000000000000 ) ) ;
#3297 = SURFACE_STYLE_USAGE ( .BOTH. , #535 ) ;
#3298 =( NAMED_UNIT ( * ) SI_UNIT ( $, .STERADIAN. ) SOLID_ANGLE_UNIT ( ) );
#3299 = VECTOR ( 'NONE', #6355, 1000.000000000000000 ) ;
#3300 = CARTESIAN_POINT ( 'NONE',  ( 24.65465801846589855, 46.18631671865482957, -23.72402606164552097 ) ) ;
#3301 = COLOUR_RGB ( '',0.7529411764705882248, 0.7529411764705882248, 0.7529411764705882248 ) ;
#3302 = CARTESIAN_POINT ( 'NONE',  ( 44.99954120510603417, 55.02644222027825549, -22.56493428967105075 ) ) ;
#3303 = DIRECTION ( 'NONE',  ( -1.000000000000000000, 0.000000000000000000, 0.000000000000000000 ) ) ;
#3304 =( LENGTH_UNIT ( ) NAMED_UNIT ( * ) SI_UNIT ( .MILLI., .METRE. ) );
#3305 = CARTESIAN_POINT ( 'NONE',  ( 18.77304401462286165, 31.25383916229473158, -7.638829755142632294 ) ) ;
#3306 = CIRCLE ( 'NONE', #1138, 3.150000000000013678 ) ;
#3307 = AXIS2_PLACEMENT_3D ( 'NONE', #730, #6738, #1876 ) ;
#3308 = CARTESIAN_POINT ( 'NONE',  ( -18.55312468219230837, 36.09340596360311082, -20.43010681009596041 ) ) ;
#3309 = ORIENTED_EDGE ( 'NONE', *, *, #1277, .T. ) ;
#3310 =( NAMED_UNIT ( * ) SI_UNIT ( $, .STERADIAN. ) SOLID_ANGLE_UNIT ( ) );
#3311 = PRESENTATION_LAYER_ASSIGNMENT (  '', '', ( #107 ) ) ;
#3312 = SURFACE_STYLE_USAGE ( .BOTH. , #3933 ) ;
#3313 = EDGE_CURVE ( 'NONE', #1198, #1586, #3226, .T. ) ;
#3314 = CIRCLE ( 'NONE', #3187, 12.81044449123675832 ) ;
#3315 = CARTESIAN_POINT ( 'NONE',  ( -49.66173363074366165, 57.48264150590072319, -23.18524805270780220 ) ) ;
#3316 = FILL_AREA_STYLE_COLOUR ( '', #566 ) ;
#3317 = CARTESIAN_POINT ( 'NONE',  ( -41.80228856640436419, 51.11688040038021796, -23.88542563845072664 ) ) ;
#3318 = CARTESIAN_POINT ( 'NONE',  ( -47.86651428099029459, 57.36606294617247670, -14.28603916684707897 ) ) ;
#3319 = VERTEX_POINT ( 'NONE', #1652 ) ;
#3320 = ORIENTED_EDGE ( 'NONE', *, *, #6143, .T. ) ;
#3321 = LINE ( 'NONE', #1033, #5682 ) ;
#3322 = SURFACE_SIDE_STYLE ('',( #2809 ) ) ;
#3323 = COLOUR_RGB ( '',0.7529411764705882248, 0.7529411764705882248, 0.7529411764705882248 ) ;
#3324 = PLANE ( 'NONE',  #6859 ) ;
#3325 = CARTESIAN_POINT ( 'NONE',  ( 26.29572193255320656, 38.26157417563915430, -5.196133624347224256 ) ) ;
#3326 = ADVANCED_FACE ( 'NONE', ( #1025 ), #1551, .T. ) ;
#3327 = CARTESIAN_POINT ( 'NONE',  ( -18.75616226141480425, 31.19136536962091810, -7.639066166953622172 ) ) ;
#3328 = CARTESIAN_POINT ( 'NONE',  ( 20.20293809652293504, 39.38265084504257629, -20.94604418278183644 ) ) ;
#3329 = CARTESIAN_POINT ( 'NONE',  ( -19.06356756143929942, 32.08726934302719513, -7.599625115223701322 ) ) ;
#3330 = ORIENTED_EDGE ( 'NONE', *, *, #2990, .T. ) ;
#3331 = EDGE_LOOP ( 'NONE', ( #1446, #6776, #723, #40 ) ) ;
#3332 = DIRECTION ( 'NONE',  ( -1.000000000000000000, 0.000000000000000000, 0.000000000000000000 ) ) ;
#3333 = LINE ( 'NONE', #573, #890 ) ;
#3334 = FILL_AREA_STYLE_COLOUR ( '', #461 ) ;
#3335 = FACE_OUTER_BOUND ( 'NONE', #4413, .T. ) ;
#3336 = ORIENTED_EDGE ( 'NONE', *, *, #3835, .T. ) ;
#3337 = CARTESIAN_POINT ( 'NONE',  ( -26.75256572079111450, 47.87721057351209453, -23.46031997497260946 ) ) ;
#3338 = ADVANCED_FACE ( 'NONE', ( #514 ), #3752, .F. ) ;
#3339 = CARTESIAN_POINT ( 'NONE',  ( -39.89493413160967350, 47.45499458470050769, -26.93627996665011537 ) ) ;
#3340 = DIRECTION ( 'NONE',  ( -0.000000000000000000, -0.000000000000000000, -1.000000000000000000 ) ) ;
#3341 = CARTESIAN_POINT ( 'NONE',  ( 42.27506658312791643, 52.60275985460975789, -23.96423782335082464 ) ) ;
#3342 = CARTESIAN_POINT ( 'NONE',  ( 42.89816733566467377, 51.48539174862541046, -23.48456215688569415 ) ) ;
#3343 = SURFACE_SIDE_STYLE ('',( #3925 ) ) ;
#3344 = CARTESIAN_POINT ( 'NONE',  ( -19.50000309690270228, 29.12634171773886393, -8.464799065241862763 ) ) ;
#3345 = CARTESIAN_POINT ( 'NONE',  ( 35.86651428099028749, 38.22368957199154949, -5.130515572587897921 ) ) ;
#3346 = CARTESIAN_POINT ( 'NONE',  ( -40.50007565895970174, 41.73647034171527537, -9.353378701613859647 ) ) ;
#3347 = ADVANCED_FACE ( 'NONE', ( #2278 ), #1729, .F. ) ;
#3348 = EDGE_CURVE ( 'NONE', #6375, #2398, #2302, .T. ) ;
#3349 = DIRECTION ( 'NONE',  ( 1.000000000000000000, -0.000000000000000000, -0.000000000000000000 ) ) ;
#3350 = PLANE ( 'NONE',  #3589 ) ;
#3351 =( LENGTH_UNIT ( ) NAMED_UNIT ( * ) SI_UNIT ( .MILLI., .METRE. ) );
#3352 = SURFACE_SIDE_STYLE ('',( #6687 ) ) ;
#3353 = ORIENTED_EDGE ( 'NONE', *, *, #2728, .F. ) ;
#3354 = ORIENTED_EDGE ( 'NONE', *, *, #2205, .T. ) ;
#3355 = FACE_OUTER_BOUND ( 'NONE', #5224, .T. ) ;
#3356 = VERTEX_POINT ( 'NONE', #2805 ) ;
#3357 = SURFACE_SIDE_STYLE ('',( #2352 ) ) ;
#3358 =( NAMED_UNIT ( * ) SI_UNIT ( $, .STERADIAN. ) SOLID_ANGLE_UNIT ( ) );
#3359 = DIRECTION ( 'NONE',  ( -4.141217998419101137E-17, 0.6427876096865349220, -0.7660444431189816772 ) ) ;
#3360 = SURFACE_STYLE_USAGE ( .BOTH. , #4035 ) ;
#3361 = CARTESIAN_POINT ( 'NONE',  ( 19.79581968855637086, 37.88738968593770551, -20.27169070558089103 ) ) ;
#3362 = B_SPLINE_CURVE_WITH_KNOTS ( 'NONE', 3,
 ( #5663, #5057, #3485, #156 ),
 .UNSPECIFIED., .F., .F.,
 ( 4, 4 ),
 ( 0.000000000000000000, 1.000000000000000000 ),
 .UNSPECIFIED. ) ;
#3363 = CARTESIAN_POINT ( 'NONE',  ( -19.50565579712165487, 32.92909533942784606, -7.488456654002612289 ) ) ;
#3364 = EDGE_LOOP ( 'NONE', ( #5908, #3070, #3422, #5180 ) ) ;
#3365 = EDGE_CURVE ( 'NONE', #6598, #6363, #3780, .T. ) ;
#3366 = ORIENTED_EDGE ( 'NONE', *, *, #5977, .F. ) ;
#3367 = VECTOR ( 'NONE', #1829, 1000.000000000000114 ) ;
#3368 = LINE ( 'NONE', #1306, #5085 ) ;
#3369 = CARTESIAN_POINT ( 'NONE',  ( 15.08506231342959936, -20.86940764386208258, 12.52368491557550101 ) ) ;
#3370 =( NAMED_UNIT ( * ) PLANE_ANGLE_UNIT ( ) SI_UNIT ( $, .RADIAN. ) );
#3371 = PRESENTATION_STYLE_ASSIGNMENT (( #2662 ) ) ;
#3372 = ORIENTED_EDGE ( 'NONE', *, *, #2403, .F. ) ;
#3373 = CARTESIAN_POINT ( 'NONE',  ( -12.66493768657040064, -14.71714881219270055, 14.02368491557550634 ) ) ;
#3374 = DIRECTION ( 'NONE',  ( 1.000000000000000000, 0.000000000000000000, 0.000000000000000000 ) ) ;
#3375 = CARTESIAN_POINT ( 'NONE',  ( 46.40342344681332065, 57.57312086043082644, -21.09461933801300049 ) ) ;
#3376 = CARTESIAN_POINT ( 'NONE',  ( 42.24202546037054162, 51.26025730762025034, -23.73501378090276503 ) ) ;
#3377 = PRESENTATION_STYLE_ASSIGNMENT (( #6099 ) ) ;
#3378 = CARTESIAN_POINT ( 'NONE',  ( -19.86017797508747051, 38.24746912217089800, -20.43409465004925352 ) ) ;
#3379 = VERTEX_POINT ( 'NONE', #4527 ) ;
#3380 = FACE_OUTER_BOUND ( 'NONE', #700, .T. ) ;
#3381 = DIRECTION ( 'NONE',  ( -1.832802226030400963E-19, 0.4999972845804243615, -0.8660269715269856006 ) ) ;
#3382 = CARTESIAN_POINT ( 'NONE',  ( -42.15100865389570828, 43.86629674083645369, -1.873301883308156057 ) ) ;
#3383 = ADVANCED_FACE ( 'NONE', ( #3930 ), #5557, .F. ) ;
#3384 = STYLED_ITEM ( 'NONE', ( #5029 ), #5080 ) ;
#3385 = SURFACE_SIDE_STYLE ('',( #1226 ) ) ;
#3386 = EDGE_CURVE ( 'NONE', #4841, #5040, #2840, .T. ) ;
#3387 = DIRECTION ( 'NONE',  ( -1.832814548622650013E-19, 0.4999999996865492347, -0.8660254039654095015 ) ) ;
#3388 = FILL_AREA_STYLE ('',( #6584 ) ) ;
#3389 = CARTESIAN_POINT ( 'NONE',  ( -20.91054061523019669, 33.46041199241479092, -8.594132205316805440 ) ) ;
#3390 = CARTESIAN_POINT ( 'NONE',  ( 45.57754958227814512, 53.12334020841671389, 3.471836730816154848 ) ) ;
#3391 = AXIS2_PLACEMENT_3D ( 'NONE', #2542, #5225, #4698 ) ;
#3392 = CARTESIAN_POINT ( 'NONE',  ( 19.52541948332038757, 35.84527765602422988, -19.35070962997603772 ) ) ;
#3393 = CARTESIAN_POINT ( 'NONE',  ( 38.71823277034763322, 75.88818530080608582, -10.52048852202164575 ) ) ;
#3394 = VERTEX_POINT ( 'NONE', #5238 ) ;
#3395 = AXIS2_PLACEMENT_3D ( 'NONE', #1265, #5523, #90 ) ;
#3396 = PRESENTATION_LAYER_ASSIGNMENT (  '', '', ( #4545 ) ) ;
#3397 = EDGE_CURVE ( 'NONE', #4336, #3319, #4709, .T. ) ;
#3398 = DIRECTION ( 'NONE',  ( -0.000000000000000000, -0.4999972845804262489, 0.8660269715269843793 ) ) ;
#3399 = CARTESIAN_POINT ( 'NONE',  ( -25.91213103730955680, 48.51410438053766683, -24.48004603729777529 ) ) ;
#3400 =( NAMED_UNIT ( * ) SI_UNIT ( $, .STERADIAN. ) SOLID_ANGLE_UNIT ( ) );
#3401 = COLOUR_RGB ( '',0.7529411764705882248, 0.7529411764705882248, 0.7529411764705882248 ) ;
#3402 =( GEOMETRIC_REPRESENTATION_CONTEXT ( 3 ) GLOBAL_UNCERTAINTY_ASSIGNED_CONTEXT ( ( #772 ) ) GLOBAL_UNIT_ASSIGNED_CONTEXT ( ( #6421, #2063, #3617 ) ) REPRESENTATION_CONTEXT ( 'NONE', 'WORKASPACE' ) );
#3403 = SURFACE_SIDE_STYLE ('',( #5119 ) ) ;
#3404 = EDGE_CURVE ( 'NONE', #6770, #6028, #3314, .T. ) ;
#3405 = CARTESIAN_POINT ( 'NONE',  ( -69.17663186987884671, 49.22522951929159518, -0.1855999528551505184 ) ) ;
#3406 = CARTESIAN_POINT ( 'NONE',  ( 40.54689529641790102, 57.10971281645601039, -29.75481388655875392 ) ) ;
#3407 = LINE ( 'NONE', #5623, #1907 ) ;
#3408 = PRESENTATION_LAYER_ASSIGNMENT (  '', '', ( #3061 ) ) ;
#3409 = CARTESIAN_POINT ( 'NONE',  ( -23.31087539675575471, 36.20026834449640774, -6.299145391609602740 ) ) ;
#3410 = ORIENTED_EDGE ( 'NONE', *, *, #2245, .F. ) ;
#3411 = AXIS2_PLACEMENT_3D ( 'NONE', #1114, #3340, #3374 ) ;
#3412 = DIRECTION ( 'NONE',  ( 6.816585209484804508E-06, 0.9999999999767670289, 0.000000000000000000 ) ) ;
#3413 = STYLED_ITEM ( 'NONE', ( #204 ), #1210 ) ;
#3414 = CARTESIAN_POINT ( 'NONE',  ( -47.89493413160970192, 50.68899517803204446, -23.91444392569755806 ) ) ;
#3415 =( NAMED_UNIT ( * ) SI_UNIT ( $, .STERADIAN. ) SOLID_ANGLE_UNIT ( ) );
#3416 = PRESENTATION_LAYER_ASSIGNMENT (  '', '', ( #1017 ) ) ;
#3417 = CARTESIAN_POINT ( 'NONE',  ( 18.49999999999998579, 21.54842554826505818, -15.13616688092796814 ) ) ;
#3418 = COLOUR_RGB ( '',0.7529411764705882248, 0.7529411764705882248, 0.7529411764705882248 ) ;
#3419 = CARTESIAN_POINT ( 'NONE',  ( 25.14479114084447176, 37.58983255463452622, -5.496569200829449109 ) ) ;
#3420 =( LENGTH_UNIT ( ) NAMED_UNIT ( * ) SI_UNIT ( .MILLI., .METRE. ) );
#3421 = VERTEX_POINT ( 'NONE', #6819 ) ;
#3422 = ORIENTED_EDGE ( 'NONE', *, *, #6883, .F. ) ;
#3423 = CARTESIAN_POINT ( 'NONE',  ( -27.82620690653644857, 49.56472418102455180, -24.48004933150943074 ) ) ;
#3424 = SURFACE_STYLE_FILL_AREA ( #3388 ) ;
#3425 = EDGE_LOOP ( 'NONE', ( #6552, #3048, #1601, #1082 ) ) ;
#3426 = EDGE_CURVE ( 'NONE', #3086, #4781, #1428, .T. ) ;
#3427 = PRESENTATION_LAYER_ASSIGNMENT (  '', '', ( #2511 ) ) ;
#3428 = STYLED_ITEM ( 'NONE', ( #5031 ), #3347 ) ;
#3429 = DIRECTION ( 'NONE',  ( -1.000000000000000000, 0.000000000000000000, 0.000000000000000000 ) ) ;
#3430 = CARTESIAN_POINT ( 'NONE',  ( -19.50000000000000000, -7.431945887776403303, 13.52368491557550279 ) ) ;
#3431 = PLANE ( 'NONE',  #3106 ) ;
#3432 =( BOUNDED_CURVE ( )  B_SPLINE_CURVE ( 3, ( #3638, #6397, #1475, #5278 ),
 .UNSPECIFIED., .F., .F. ) 
 B_SPLINE_CURVE_WITH_KNOTS ( ( 4, 4 ),
 ( 3.141592653589813544, 3.704173330121367957 ),
 .UNSPECIFIED. ) 
 CURVE ( )  GEOMETRIC_REPRESENTATION_ITEM ( )  RATIONAL_B_SPLINE_CURVE ( ( 1.000000000000000000, 0.9737986973839515281, 0.9737986973839515281, 1.000000000000000000 ) ) 
 REPRESENTATION_ITEM ( '' )  );
#3433 = DIRECTION ( 'NONE',  ( 1.000000000000000000, 0.000000000000000000, 0.000000000000000000 ) ) ;
#3434 = LINE ( 'NONE', #4506, #6525 ) ;
#3435 = CARTESIAN_POINT ( 'NONE',  ( 29.75440252253877560, 48.84873222487523492, -23.53362743373490318 ) ) ;
#3436 = VERTEX_POINT ( 'NONE', #1891 ) ;
#3437 = CARTESIAN_POINT ( 'NONE',  ( -40.50007565895970174, 51.45374474075870097, -17.69951767142424615 ) ) ;
#3438 = EDGE_CURVE ( 'NONE', #3069, #1834, #6788, .T. ) ;
#3439 = CARTESIAN_POINT ( 'NONE',  ( -40.39351711377386067, 49.84796363441838452, -23.49331880360879765 ) ) ;
#3440 = DIRECTION ( 'NONE',  ( -4.336808689942019662E-19, 0.9961946980917455452, 0.08715574274765795770 ) ) ;
#3441 = CARTESIAN_POINT ( 'NONE',  ( -26.34989846153877124, 48.81371848156430815, -24.48004697673587060 ) ) ;
#3442 = CARTESIAN_POINT ( 'NONE',  ( 19.49999999999999289, -20.86940764386208258, 36.42368491557549959 ) ) ;
#3443 = DIRECTION ( 'NONE',  ( 1.832802226030400722E-19, -0.4999972845804243060, 0.8660269715269856006 ) ) ;
#3444 = CARTESIAN_POINT ( 'NONE',  ( 44.48008562718512593, 52.60407061942827056, -22.80878517536942596 ) ) ;
#3445 = DIRECTION ( 'NONE',  ( 0.000000000000000000, 0.8660253820641240496, 0.5000000376206865660 ) ) ;
#3446 = CARTESIAN_POINT ( 'NONE',  ( 31.46296909704696176, 50.74178739912482428, -25.42648307990770817 ) ) ;
#3447 = DIRECTION ( 'NONE',  ( -1.829420391639230905E-07, -0.4999999935173858878, 0.8660254075271582863 ) ) ;
#3448 = EDGE_CURVE ( 'NONE', #3421, #404, #5769, .T. ) ;
#3449 = ORIENTED_EDGE ( 'NONE', *, *, #1480, .F. ) ;
#3450 = SURFACE_SIDE_STYLE ('',( #4456 ) ) ;
#3451 = DIRECTION ( 'NONE',  ( 1.000000000000000000, -0.000000000000000000, -0.000000000000000000 ) ) ;
#3452 = SURFACE_SIDE_STYLE ('',( #1228 ) ) ;
#3453 = EDGE_LOOP ( 'NONE', ( #4745, #5172, #136, #6039 ) ) ;
#3454 = B_SPLINE_CURVE_WITH_KNOTS ( 'NONE', 3,
 ( #6867, #4128, #2523, #3594, #4195, #5771, #4712, #3084, #372, #4635 ),
 .UNSPECIFIED., .F., .F.,
 ( 4, 2, 2, 2, 4 ),
 ( 0.000000000000000000, 0.2500000000000000000, 0.5000000000000000000, 0.7500000000000000000, 1.000000000000000000 ),
 .UNSPECIFIED. ) ;
#3455 = ORIENTED_EDGE ( 'NONE', *, *, #1535, .T. ) ;
#3456 = CARTESIAN_POINT ( 'NONE',  ( 46.86651428099032302, 66.66647964411824034, -15.84460421256882867 ) ) ;
#3457 = DIRECTION ( 'NONE',  ( 0.000000000000000000, 0.000000000000000000, -1.000000000000000000 ) ) ;
#3458 = ORIENTED_EDGE ( 'NONE', *, *, #5379, .T. ) ;
#3459 = CARTESIAN_POINT ( 'NONE',  ( 18.50000000000002487, -7.217148812191790164, 40.42368491557549959 ) ) ;
#3460 = EDGE_CURVE ( 'NONE', #4060, #4053, #3526, .T. ) ;
#3461 = DIRECTION ( 'NONE',  ( -1.832802226030400722E-19, 0.4999972845804243060, -0.8660269715269856006 ) ) ;
#3462 = LINE ( 'NONE', #170, #5130 ) ;
#3463 = CARTESIAN_POINT ( 'NONE',  ( 45.75361342013378874, 70.88818407015511980, -13.40721967522842029 ) ) ;
#3464 = ORIENTED_EDGE ( 'NONE', *, *, #3111, .T. ) ;
#3465 = ORIENTED_EDGE ( 'NONE', *, *, #6545, .F. ) ;
#3466 = UNCERTAINTY_MEASURE_WITH_UNIT (LENGTH_MEASURE( 1.000000000000000082E-05 ), #833, 'distance_accuracy_value', 'NONE');
#3467 = FACE_OUTER_BOUND ( 'NONE', #5404, .T. ) ;
#3468 = PLANE ( 'NONE',  #1122 ) ;
#3469 = CARTESIAN_POINT ( 'NONE',  ( 39.40928696330612269, 50.47804436047828602, -24.48005263035212309 ) ) ;
#3470 = EDGE_CURVE ( 'NONE', #5398, #3840, #1191, .T. ) ;
#3471 = CARTESIAN_POINT ( 'NONE',  ( -9.364937686570399933, -14.71714881219270055, 16.22368491557550030 ) ) ;
#3472 = DIRECTION ( 'NONE',  ( -1.832802226030400722E-19, 0.4999972845804243060, -0.8660269715269856006 ) ) ;
#3473 = ORIENTED_EDGE ( 'NONE', *, *, #223, .F. ) ;
#3474 = CARTESIAN_POINT ( 'NONE',  ( 46.57970773552616350, 69.16122421474692317, -14.40427319281232599 ) ) ;
#3475 = CARTESIAN_POINT ( 'NONE',  ( -29.75440252253872586, 49.79514891015949019, -24.48005005400469614 ) ) ;
#3476 = SURFACE_STYLE_FILL_AREA ( #4049 ) ;
#3477 = FILL_AREA_STYLE ('',( #4702 ) ) ;
#3478 = FACE_OUTER_BOUND ( 'NONE', #4552, .T. ) ;
#3479 = CARTESIAN_POINT ( 'NONE',  ( 18.63564041941752336, 30.65391399556023089, -7.624207854247845084 ) ) ;
#3480 = LINE ( 'NONE', #3988, #655 ) ;
#3481 = FACE_OUTER_BOUND ( 'NONE', #2507, .T. ) ;
#3482 = CARTESIAN_POINT ( 'NONE',  ( -47.86156826845318335, 50.97802934609111958, -4.017694245841346934 ) ) ;
#3483 = ADVANCED_FACE ( 'NONE', ( #5702 ), #1937, .F. ) ;
#3484 = DIRECTION ( 'NONE',  ( 0.7071067811865510144, -0.3535514705016776227, 0.6123735442571767162 ) ) ;
#3485 = CARTESIAN_POINT ( 'NONE',  ( 18.49999936224463681, 28.64575174741943542, -7.317786914420986832 ) ) ;
#3486 =( NAMED_UNIT ( * ) PLANE_ANGLE_UNIT ( ) SI_UNIT ( $, .RADIAN. ) );
#3487 = ORIENTED_EDGE ( 'NONE', *, *, #6545, .T. ) ;
#3488 = VERTEX_POINT ( 'NONE', #2417 ) ;
#3489 = FILL_AREA_STYLE ('',( #5137 ) ) ;
#3490 = CARTESIAN_POINT ( 'NONE',  ( -47.86156509882367516, 48.27167605676266504, 0.6701275669650610389 ) ) ;
#3491 = CARTESIAN_POINT ( 'NONE',  ( -36.19422178887490560, 54.18082134368442837, -28.86576113567006985 ) ) ;
#3492 = ORIENTED_EDGE ( 'NONE', *, *, #2677, .F. ) ;
#3493 = B_SPLINE_CURVE_WITH_KNOTS ( 'NONE', 3,
 ( #5509, #3643, #5819, #2634 ),
 .UNSPECIFIED., .F., .F.,
 ( 4, 4 ),
 ( 0.000000000000000000, 1.000000000000000000 ),
 .UNSPECIFIED. ) ;
#3494 = CARTESIAN_POINT ( 'NONE',  ( -20.67749630364660618, 33.15647030797933326, -8.655791271623552774 ) ) ;
#3495 = AXIS2_PLACEMENT_3D ( 'NONE', #1702, #3967, #6150 ) ;
#3496 = CARTESIAN_POINT ( 'NONE',  ( 24.67841778150753740, 46.03502303289170072, -23.59788625977400400 ) ) ;
#3497 = VECTOR ( 'NONE', #4942, 1000.000000000000227 ) ;
#3498 = EDGE_CURVE ( 'NONE', #5256, #6994, #241, .T. ) ;
#3499 =( NAMED_UNIT ( * ) SI_UNIT ( $, .STERADIAN. ) SOLID_ANGLE_UNIT ( ) );
#3500 =( LENGTH_UNIT ( ) NAMED_UNIT ( * ) SI_UNIT ( .MILLI., .METRE. ) );
#3501 = CARTESIAN_POINT ( 'NONE',  ( 36.58599857777865338, 76.19284604798104965, -10.34459383130878152 ) ) ;
#3502 = ORIENTED_EDGE ( 'NONE', *, *, #1315, .T. ) ;
#3503 = VECTOR ( 'NONE', #6816, 1000.000000000000114 ) ;
#3504 = FILL_AREA_STYLE_COLOUR ( '', #3611 ) ;
#3505 = SURFACE_STYLE_USAGE ( .BOTH. , #2295 ) ;
#3506 = PRESENTATION_LAYER_ASSIGNMENT (  '', '', ( #2251 ) ) ;
#3507 = CARTESIAN_POINT ( 'NONE',  ( -39.72342253914749222, 49.56689165276808495, -23.50464755178423815 ) ) ;
#3508 = CARTESIAN_POINT ( 'NONE',  ( -29.32635997898223224, 48.84877713628041818, -23.53363058710210964 ) ) ;
#3509 = MECHANICAL_DESIGN_GEOMETRIC_PRESENTATION_REPRESENTATION (  '', ( #5672 ), #5794 ) ;
#3510 = CARTESIAN_POINT ( 'NONE',  ( -39.89493413160967350, 40.66343709090841685, -3.722460374333667055 ) ) ;
#3511 = ORIENTED_EDGE ( 'NONE', *, *, #804, .F. ) ;
#3512 = PRESENTATION_STYLE_ASSIGNMENT (( #1311 ) ) ;
#3513 = CARTESIAN_POINT ( 'NONE',  ( -35.86651428099028749, 49.16420445330332001, -23.84910164049150438 ) ) ;
#3514 = ADVANCED_FACE ( 'NONE', ( #6291 ), #5736, .T. ) ;
#3515 = VECTOR ( 'NONE', #6674, 1000.000000000000114 ) ;
#3516 =( LENGTH_UNIT ( ) NAMED_UNIT ( * ) SI_UNIT ( .MILLI., .METRE. ) );
#3517 = EDGE_CURVE ( 'NONE', #6559, #1799, #6327, .T. ) ;
#3518 = CARTESIAN_POINT ( 'NONE',  ( -19.50000000000000000, -5.217148812191773288, 37.42368491557549959 ) ) ;
#3519 = CARTESIAN_POINT ( 'NONE',  ( -29.75441069512986658, 49.97348304580388145, -25.48175280599860670 ) ) ;
#3520 = AXIS2_PLACEMENT_3D ( 'NONE', #2434, #6805, #2768 ) ;
#3521 = CARTESIAN_POINT ( 'NONE',  ( 38.09543708684851282, 49.07952061467968008, -23.52431301857697221 ) ) ;
#3522 = DIRECTION ( 'NONE',  ( 1.000000000000000000, -0.000000000000000000, -0.000000000000000000 ) ) ;
#3523 = CIRCLE ( 'NONE', #6850, 29.64999999999998437 ) ;
#3524 = COLOUR_RGB ( '',0.7529411764705882248, 0.7529411764705882248, 0.7529411764705882248 ) ;
#3525 = SURFACE_SIDE_STYLE ('',( #6818 ) ) ;
#3526 = LINE ( 'NONE', #6358, #674 ) ;
#3527 = CARTESIAN_POINT ( 'NONE',  ( 20.75140145085313037, 33.25817416552821726, -8.636380091646632451 ) ) ;
#3528 = CARTESIAN_POINT ( 'NONE',  ( 47.86651428099029459, 59.86601784664485848, -18.61612578353971514 ) ) ;
#3529 = VECTOR ( 'NONE', #1537, 1000.000000000000114 ) ;
#3530 = ORIENTED_EDGE ( 'NONE', *, *, #2358, .T. ) ;
#3531 = DIRECTION ( 'NONE',  ( -1.000000000000000000, 0.000000000000000000, 0.000000000000000000 ) ) ;
#3532 =( LENGTH_UNIT ( ) NAMED_UNIT ( * ) SI_UNIT ( .MILLI., .METRE. ) );
#3533 =( NAMED_UNIT ( * ) PLANE_ANGLE_UNIT ( ) SI_UNIT ( $, .RADIAN. ) );
#3534 = VECTOR ( 'NONE', #6242, 1000.000000000000000 ) ;
#3535 = CARTESIAN_POINT ( 'NONE',  ( -47.89493321689953120, 66.16372324481612566, -14.98017020513407971 ) ) ;
#3536 = CARTESIAN_POINT ( 'NONE',  ( -19.50000000000000000, 27.72449387452086711, -0.6305239947414151835 ) ) ;
#3537 = AXIS2_PLACEMENT_3D ( 'NONE', #5166, #5129, #863 ) ;
#3538 =( NAMED_UNIT ( * ) SI_UNIT ( $, .STERADIAN. ) SOLID_ANGLE_UNIT ( ) );
#3539 = CARTESIAN_POINT ( 'NONE',  ( 42.89566621559679760, 65.30901584255822456, 10.50722262802284312 ) ) ;
#3540 = CARTESIAN_POINT ( 'NONE',  ( 35.86598148920091234, 76.55880447127704258, -8.978607098859708202 ) ) ;
#3541 =( GEOMETRIC_REPRESENTATION_CONTEXT ( 3 ) GLOBAL_UNCERTAINTY_ASSIGNED_CONTEXT ( ( #960 ) ) GLOBAL_UNIT_ASSIGNED_CONTEXT ( ( #4148, #392, #1989 ) ) REPRESENTATION_CONTEXT ( 'NONE', 'WORKASPACE' ) );
#3542 = CARTESIAN_POINT ( 'NONE',  ( -32.88164591601969988, 71.46715966128208208, -6.144759693976573622 ) ) ;
#3543 = EDGE_LOOP ( 'NONE', ( #5069, #6295, #1897, #1091 ) ) ;
#3544 = VERTEX_POINT ( 'NONE', #1538 ) ;
#3545 = EDGE_CURVE ( 'NONE', #6910, #3777, #1050, .T. ) ;
#3546 = UNCERTAINTY_MEASURE_WITH_UNIT (LENGTH_MEASURE( 1.000000000000000082E-05 ), #1911, 'distance_accuracy_value', 'NONE');
#3547 = CARTESIAN_POINT ( 'NONE',  ( -29.75440252253872586, 49.79514891015949019, -24.48005005400469614 ) ) ;
#3548 = CARTESIAN_POINT ( 'NONE',  ( 36.31768148111029149, 49.25152754967951552, -18.97086799802895385 ) ) ;
#3549 = CIRCLE ( 'NONE', #4907, 2.899999999999999911 ) ;
#3550 = CARTESIAN_POINT ( 'NONE',  ( -39.94677121985636603, 49.65522518792579376, -23.50108586254233245 ) ) ;
#3551 = DIRECTION ( 'NONE',  ( 0.000000000000000000, 0.000000000000000000, 1.000000000000000000 ) ) ;
#3552 = ORIENTED_EDGE ( 'NONE', *, *, #804, .T. ) ;
#3553 = CARTESIAN_POINT ( 'NONE',  ( -19.50000000000000000, -20.86940764386208258, 13.52368491557550456 ) ) ;
#3554 = PRESENTATION_LAYER_ASSIGNMENT (  '', '', ( #6755 ) ) ;
#3555 = CARTESIAN_POINT ( 'NONE',  ( 19.67503767888167943, 30.75373895048454997, -8.756601214070657946 ) ) ;
#3556 = CARTESIAN_POINT ( 'NONE',  ( -19.59842161505969926, 62.33407271851643827, -14.88180706085233140 ) ) ;
#3557 = CARTESIAN_POINT ( 'NONE',  ( -18.50000000000002842, -4.217148812191790164, 37.42368491557549959 ) ) ;
#3558 = ADVANCED_FACE ( 'NONE', ( #6967 ), #6564, .T. ) ;
#3559 = SURFACE_SIDE_STYLE ('',( #711 ) ) ;
#3560 = CARTESIAN_POINT ( 'NONE',  ( 39.57172807075271237, 49.51006939647824368, -23.50694490341661336 ) ) ;
#3561 =( NAMED_UNIT ( * ) PLANE_ANGLE_UNIT ( ) SI_UNIT ( $, .RADIAN. ) );
#3562 = DIRECTION ( 'NONE',  ( 1.242365399525730464E-16, 0.6427876096865349220, -0.7660444431189816772 ) ) ;
#3563 = DIRECTION ( 'NONE',  ( 0.7071067811865521247, 0.000000000000000000, 0.7071067811865430208 ) ) ;
#3564 = DIRECTION ( 'NONE',  ( -1.832802226030400722E-19, 0.4999972845804243060, -0.8660269715269856006 ) ) ;
#3565 = CARTESIAN_POINT ( 'NONE',  ( 19.54397371372465031, 29.86291403427815538, -8.631441284229845579 ) ) ;
#3566 = FILL_AREA_STYLE_COLOUR ( '', #5221 ) ;
#3567 = ORIENTED_EDGE ( 'NONE', *, *, #2765, .T. ) ;
#3568 = ORIENTED_EDGE ( 'NONE', *, *, #3198, .T. ) ;
#3569 = DIRECTION ( 'NONE',  ( 1.000000000000000000, 0.000000000000000000, 0.000000000000000000 ) ) ;
#3570 = ORIENTED_EDGE ( 'NONE', *, *, #2014, .F. ) ;
#3571 = ADVANCED_FACE ( 'NONE', ( #3896 ), #4519, .F. ) ;
#3572 = EDGE_CURVE ( 'NONE', #589, #2083, #4150, .T. ) ;
#3573 = FILL_AREA_STYLE ('',( #955 ) ) ;
#3574 = SURFACE_STYLE_USAGE ( .BOTH. , #6222 ) ;
#3575 = CARTESIAN_POINT ( 'NONE',  ( -20.04144780537235704, 38.87113545822945326, -20.71536652926881317 ) ) ;
#3576 = UNCERTAINTY_MEASURE_WITH_UNIT (LENGTH_MEASURE( 1.000000000000000082E-05 ), #982, 'distance_accuracy_value', 'NONE');
#3577 = ORIENTED_EDGE ( 'NONE', *, *, #4962, .F. ) ;
#3578 = SURFACE_SIDE_STYLE ('',( #1982 ) ) ;
#3579 = PLANE ( 'NONE',  #213 ) ;
#3580 = CARTESIAN_POINT ( 'NONE',  ( -41.65930230767341413, 50.53037113307749451, -23.46577387987170837 ) ) ;
#3581 = EDGE_CURVE ( 'NONE', #6801, #5839, #6352, .T. ) ;
#3582 = CARTESIAN_POINT ( 'NONE',  ( 19.86017797508747407, 38.24746912217092643, -20.43409465004926773 ) ) ;
#3583 = SURFACE_STYLE_USAGE ( .BOTH. , #5867 ) ;
#3584 = EDGE_LOOP ( 'NONE', ( #2930, #2541 ) ) ;
#3585 = SURFACE_SIDE_STYLE ('',( #3002 ) ) ;
#3586 = SURFACE_STYLE_USAGE ( .BOTH. , #6925 ) ;
#3587 =( NAMED_UNIT ( * ) PLANE_ANGLE_UNIT ( ) SI_UNIT ( $, .RADIAN. ) );
#3589 = AXIS2_PLACEMENT_3D ( 'NONE', #5521, #650, #4416 ) ;
#3588 =( LENGTH_UNIT ( ) NAMED_UNIT ( * ) SI_UNIT ( .MILLI., .METRE. ) );
#3590 = CARTESIAN_POINT ( 'NONE',  ( -42.60442371095290071, 74.23832389927082431, -11.47302954882959725 ) ) ;
#3591 = CARTESIAN_POINT ( 'NONE',  ( 26.50058212291424198, 48.90375388465911755, -24.48004725904130296 ) ) ;
#3592 = CARTESIAN_POINT ( 'NONE',  ( 19.50000000000000000, -7.431945887776402415, 6.523684915575501009 ) ) ;
#3593 = CARTESIAN_POINT ( 'NONE',  ( 19.88293640293779418, 31.55186358891289089, -8.795940841822016409 ) ) ;
#3594 = CARTESIAN_POINT ( 'NONE',  ( 46.35186688745320538, 71.40038639795905340, -11.95679461191276793 ) ) ;
#3595 = CARTESIAN_POINT ( 'NONE',  ( -20.89047230014973522, 34.43933989612363433, -7.099768425661247662 ) ) ;
#3596 = ORIENTED_EDGE ( 'NONE', *, *, #6235, .T. ) ;
#3597 = VECTOR ( 'NONE', #3562, 1000.000000000000114 ) ;
#3598 = ORIENTED_EDGE ( 'NONE', *, *, #1686, .T. ) ;
#3599 = DIRECTION ( 'NONE',  ( 0.9999999999845603504, -2.778450498645825731E-06, 4.812452277414016660E-06 ) ) ;
#3600 = CARTESIAN_POINT ( 'NONE',  ( -0.01493768657037499933, -45.21714881219698867, 37.42368491557549248 ) ) ;
#3601 = FILL_AREA_STYLE ('',( #953 ) ) ;
#3602 = EDGE_CURVE ( 'NONE', #2064, #692, #2725, .T. ) ;
#3603 = CARTESIAN_POINT ( 'NONE',  ( -32.92924223295791109, 47.90245825733627072, -22.58718839192190941 ) ) ;
#3604 = EDGE_CURVE ( 'NONE', #1219, #2844, #6781, .T. ) ;
#3605 = CARTESIAN_POINT ( 'NONE',  ( -19.50000000000000000, -5.217148812191773288, 30.28552187494406667 ) ) ;
#3606 = PRESENTATION_STYLE_ASSIGNMENT (( #4243 ) ) ;
#3607 = CARTESIAN_POINT ( 'NONE',  ( 10.98506231342959971, -14.71714881219270055, 14.02368491557550634 ) ) ;
#3608 = SURFACE_SIDE_STYLE ('',( #5752 ) ) ;
#3609 = ORIENTED_EDGE ( 'NONE', *, *, #462, .F. ) ;
#3610 = UNCERTAINTY_MEASURE_WITH_UNIT (LENGTH_MEASURE( 1.000000000000000082E-05 ), #5613, 'distance_accuracy_value', 'NONE');
#3611 = COLOUR_RGB ( '',0.7529411764705882248, 0.7529411764705882248, 0.7529411764705882248 ) ;
#3612 = UNCERTAINTY_MEASURE_WITH_UNIT (LENGTH_MEASURE( 1.000000000000000082E-05 ), #5558, 'distance_accuracy_value', 'NONE');
#3613 = DIRECTION ( 'NONE',  ( -0.7071067811865549002, -0.3535514705016757353, 0.6123735442571734966 ) ) ;
#3614 = FACE_OUTER_BOUND ( 'NONE', #1645, .T. ) ;
#3615 = CIRCLE ( 'NONE', #2803, 3.900000000000000799 ) ;
#3616 = PLANE ( 'NONE',  #2957 ) ;
#3617 =( NAMED_UNIT ( * ) SI_UNIT ( $, .STERADIAN. ) SOLID_ANGLE_UNIT ( ) );
#3618 = EDGE_LOOP ( 'NONE', ( #773, #617, #5280, #3570 ) ) ;
#3619 = ORIENTED_EDGE ( 'NONE', *, *, #5726, .T. ) ;
#3620 = FACE_OUTER_BOUND ( 'NONE', #5127, .T. ) ;
#3621 = EDGE_CURVE ( 'NONE', #6689, #1864, #269, .T. ) ;
#3622 = AXIS2_PLACEMENT_3D ( 'NONE', #6074, #6653, #649 ) ;
#3623 = DIRECTION ( 'NONE',  ( -5.556931176063729609E-06, -0.4999999998924654632, 0.8660254038286955280 ) ) ;
#3624 = FACE_BOUND ( 'NONE', #5565, .T. ) ;
#3625 = FILL_AREA_STYLE_COLOUR ( '', #2854 ) ;
#3626 = CONICAL_SURFACE ( 'NONE', #2931, 12.00000000003031708, 0.7853981633974441712 ) ;
#3627 = AXIS2_PLACEMENT_3D ( 'NONE', #2563, #5713, #4686 ) ;
#3628 = ADVANCED_FACE ( 'NONE', ( #3478 ), #1595, .F. ) ;
#3629 = CARTESIAN_POINT ( 'NONE',  ( 39.94746514814828231, 49.65080079015366010, -23.50126088259539969 ) ) ;
#3630 = SURFACE_STYLE_USAGE ( .BOTH. , #6463 ) ;
#3631 = AXIS2_PLACEMENT_3D ( 'NONE', #1136, #4953, #619 ) ;
#3632 = DIRECTION ( 'NONE',  ( 1.000000000000000000, 0.000000000000000000, 0.000000000000000000 ) ) ;
#3633 = CARTESIAN_POINT ( 'NONE',  ( 25.10164562212827022, 47.81431010683415650, -24.48004384309729886 ) ) ;
#3634 = SURFACE_STYLE_USAGE ( .BOTH. , #2000 ) ;
#3635 = DIRECTION ( 'NONE',  ( 1.000000000000000000, 0.000000000000000000, 0.000000000000000000 ) ) ;
#3636 = STYLED_ITEM ( 'NONE', ( #6821 ), #6025 ) ;
#3637 =( LENGTH_UNIT ( ) NAMED_UNIT ( * ) SI_UNIT ( .MILLI., .METRE. ) );
#3638 = CARTESIAN_POINT ( 'NONE',  ( 35.86651428099028749, 38.22368957199154949, -5.130515572587896145 ) ) ;
#3639 = ORIENTED_EDGE ( 'NONE', *, *, #5261, .T. ) ;
#3640 = VERTEX_POINT ( 'NONE', #6892 ) ;
#3641 =( NAMED_UNIT ( * ) PLANE_ANGLE_UNIT ( ) SI_UNIT ( $, .RADIAN. ) );
#3642 = CARTESIAN_POINT ( 'NONE',  ( 42.42513116561959663, -20.86940764386208258, 28.22368491557550030 ) ) ;
#3643 = CARTESIAN_POINT ( 'NONE',  ( 25.45652644204860238, 37.82608455468006525, -5.360167044764822641 ) ) ;
#3644 = VERTEX_POINT ( 'NONE', #3518 ) ;
#3645 = ORIENTED_EDGE ( 'NONE', *, *, #3172, .T. ) ;
#3646 =( GEOMETRIC_REPRESENTATION_CONTEXT ( 3 ) GLOBAL_UNCERTAINTY_ASSIGNED_CONTEXT ( ( #5679 ) ) GLOBAL_UNIT_ASSIGNED_CONTEXT ( ( #364, #6240, #4627 ) ) REPRESENTATION_CONTEXT ( 'NONE', 'WORKASPACE' ) );
#3647 = VECTOR ( 'NONE', #3205, 1000.000000000000114 ) ;
#3648 = CARTESIAN_POINT ( 'NONE',  ( 19.50000000000000355, 27.90892205276201921, -8.146906881135993928 ) ) ;
#3649 = FILL_AREA_STYLE_COLOUR ( '', #3038 ) ;
#3650 = COLOUR_RGB ( '',0.7529411764705882248, 0.7529411764705882248, 0.7529411764705882248 ) ;
#3651 = EDGE_CURVE ( 'NONE', #1163, #2172, #1678, .T. ) ;
#3652 = FILL_AREA_STYLE ('',( #5399 ) ) ;
#3653 = CARTESIAN_POINT ( 'NONE',  ( -20.35861808730142997, 39.81112600792858558, -21.13928499174456022 ) ) ;
#3654 = FACE_OUTER_BOUND ( 'NONE', #67, .T. ) ;
#3655 = AXIS2_PLACEMENT_3D ( 'NONE', #3968, #6151, #829 ) ;
#3656 = FILL_AREA_STYLE_COLOUR ( '', #1088 ) ;
#3657 = VECTOR ( 'NONE', #1501, 1000.000000000000114 ) ;
#3658 = CONICAL_SURFACE ( 'NONE', #5371, 15.99999999999998579, 0.7853981633974482790 ) ;
#3659 = DIRECTION ( 'NONE',  ( 0.7071067811865414665, -0.7071067811865536790, -0.000000000000000000 ) ) ;
#3660 = VERTEX_POINT ( 'NONE', #231 ) ;
#3661 = EDGE_CURVE ( 'NONE', #5600, #6688, #3143, .T. ) ;
#3662 = CARTESIAN_POINT ( 'NONE',  ( 18.70420829252971018, 30.98330021313977412, -7.636776057568141596 ) ) ;
#3663 = VECTOR ( 'NONE', #5015, 1000.000000000000000 ) ;
#3664 = CARTESIAN_POINT ( 'NONE',  ( 22.67746686147288315, 35.75744225803948240, -6.539864993988048880 ) ) ;
#3665 = SURFACE_STYLE_USAGE ( .BOTH. , #1463 ) ;
#3666 =( NAMED_UNIT ( * ) SI_UNIT ( $, .STERADIAN. ) SOLID_ANGLE_UNIT ( ) );
#3667 = CARTESIAN_POINT ( 'NONE',  ( -19.50000000000000000, -3.579459914024648359, 25.78600860713833143 ) ) ;
#3668 =( NAMED_UNIT ( * ) PLANE_ANGLE_UNIT ( ) SI_UNIT ( $, .RADIAN. ) );
#3669 = CARTESIAN_POINT ( 'NONE',  ( 18.54769040783869372, 30.03791539621194318, -7.571058219989140525 ) ) ;
#3670 = CARTESIAN_POINT ( 'NONE',  ( 25.00464461812010342, 46.04912365952132092, -23.32243077225674810 ) ) ;
#3671 = CARTESIAN_POINT ( 'NONE',  ( 25.05150906040464776, 49.79567890107265526, -24.48005005566675152 ) ) ;
#3672 = CARTESIAN_POINT ( 'NONE',  ( 25.31671248530030027, 62.20552571367681338, -14.95602317128473047 ) ) ;
#3673 = SURFACE_SIDE_STYLE ('',( #1394 ) ) ;
#3674 = PLANE ( 'NONE',  #3292 ) ;
#3675 = ORIENTED_EDGE ( 'NONE', *, *, #5379, .F. ) ;
#3676 = ORIENTED_EDGE ( 'NONE', *, *, #738, .F. ) ;
#3677 = CARTESIAN_POINT ( 'NONE',  ( 22.34583819346598688, 34.78365899338042055, -8.191847421756747849 ) ) ;
#3678 = DIRECTION ( 'NONE',  ( 1.000000000000000000, -3.632928745501167157E-15, 0.000000000000000000 ) ) ;
#3679 = CARTESIAN_POINT ( 'NONE',  ( -37.46621878060796718, 76.55598353091787089, -8.980232439540380085 ) ) ;
#3680 = CARTESIAN_POINT ( 'NONE',  ( -44.02797556110767374, 51.06142925793952969, -22.34890579450691916 ) ) ;
#3681 = PRESENTATION_STYLE_ASSIGNMENT (( #5825 ) ) ;
#3682 = DIRECTION ( 'NONE',  ( 0.5270506108201920004, 0.8498338976729878924, 0.000000000000000000 ) ) ;
#3683 = CARTESIAN_POINT ( 'NONE',  ( -18.50000000000001776, -10.71714881219669380, 16.02368491557549746 ) ) ;
#3684 = CARTESIAN_POINT ( 'NONE',  ( -19.55836360568640231, 36.29092954862301923, -19.55168450992067264 ) ) ;
#3685 = CARTESIAN_POINT ( 'NONE',  ( -18.50000098719504393, 29.09066840656378261, -7.413833456073444239 ) ) ;
#3686 = ORIENTED_EDGE ( 'NONE', *, *, #5439, .T. ) ;
#3687 = UNCERTAINTY_MEASURE_WITH_UNIT (LENGTH_MEASURE( 1.000000000000000082E-05 ), #1746, 'distance_accuracy_value', 'NONE');
#3688 =( LENGTH_UNIT ( ) NAMED_UNIT ( * ) SI_UNIT ( .MILLI., .METRE. ) );
#3689 = CARTESIAN_POINT ( 'NONE',  ( 16.90575969857806271, -20.86940764386208258, 36.42368491557549959 ) ) ;
#3690 = VERTEX_POINT ( 'NONE', #858 ) ;
#3691 = CARTESIAN_POINT ( 'NONE',  ( 19.55992669070095147, 30.02303276397361742, -8.661016191460976898 ) ) ;
#3692 = EDGE_CURVE ( 'NONE', #5725, #3277, #4342, .T. ) ;
#3693 = DIRECTION ( 'NONE',  ( 0.7071067811865426878, -0.2418447626479798274, -0.6644630243886783250 ) ) ;
#3694 = EDGE_CURVE ( 'NONE', #7015, #7064, #6830, .T. ) ;
#3695 = CARTESIAN_POINT ( 'NONE',  ( -29.21437400922464889, 38.71310817089684519, -6.003094155668543763 ) ) ;
#3696 = CARTESIAN_POINT ( 'NONE',  ( -24.56270332706444037, 46.64639603560251402, -24.11747192651642635 ) ) ;
#3697 =( LENGTH_UNIT ( ) NAMED_UNIT ( * ) SI_UNIT ( .MILLI., .METRE. ) );
#3698 = DIRECTION ( 'NONE',  ( -3.633067695296698506E-06, -0.5000000376173868721, 0.8660253820584085105 ) ) ;
#3699 = CARTESIAN_POINT ( 'NONE',  ( 24.89560253241700494, 45.89739216332868921, -23.31098454432980915 ) ) ;
#3700 = CARTESIAN_POINT ( 'NONE',  ( 38.78303773040671132, 48.24297245853527016, -22.56150880284521776 ) ) ;
#3701 = CARTESIAN_POINT ( 'NONE',  ( 18.53875003336231586, 29.95671911091239892, -7.561987459773511944 ) ) ;
#3702 = PLANE ( 'NONE',  #4994 ) ;
#3703 = VERTEX_POINT ( 'NONE', #365 ) ;
#3704 = DIRECTION ( 'NONE',  ( 1.000000000000000000, 0.000000000000000000, 0.000000000000000000 ) ) ;
#3705 = DIRECTION ( 'NONE',  ( 0.000000000000000000, 0.000000000000000000, -1.000000000000000000 ) ) ;
#3706 = DIRECTION ( 'NONE',  ( -4.336808689942019662E-19, 0.9961946980917455452, 0.08715574274765795770 ) ) ;
#3707 = ORIENTED_EDGE ( 'NONE', *, *, #576, .F. ) ;
#3708 = ORIENTED_EDGE ( 'NONE', *, *, #5850, .T. ) ;
#3709 = FACE_OUTER_BOUND ( 'NONE', #1974, .T. ) ;
#3710 = CARTESIAN_POINT ( 'NONE',  ( -41.09456260700351748, 52.51017997112682423, -25.50944719289496376 ) ) ;
#3711 = CARTESIAN_POINT ( 'NONE',  ( -35.89543725086736004, 76.31202661054614111, -9.890884710284870707 ) ) ;
#3712 = VECTOR ( 'NONE', #1032, 1000.000000000000000 ) ;
#3713 = LINE ( 'NONE', #516, #3975 ) ;
#3714 = CARTESIAN_POINT ( 'NONE',  ( -36.61535445114484588, 76.19003156157333478, -10.34621876402750829 ) ) ;
#3715 = ORIENTED_EDGE ( 'NONE', *, *, #4705, .T. ) ;
#3716 =( NAMED_UNIT ( * ) SI_UNIT ( $, .STERADIAN. ) SOLID_ANGLE_UNIT ( ) );
#3717 = CARTESIAN_POINT ( 'NONE',  ( -21.22142149958449053, 41.55038141677302121, -21.92369103989986812 ) ) ;
#3718 = CARTESIAN_POINT ( 'NONE',  ( -18.50000033008974043, 28.20762966919510362, -7.191448664794468648 ) ) ;
#3719 = CARTESIAN_POINT ( 'NONE',  ( 28.05052317273674944, 38.60599435245848099, -5.792686809902857448 ) ) ;
#3720 = CARTESIAN_POINT ( 'NONE',  ( -26.14878360057040751, 38.22387370574296028, -5.130834501568735107 ) ) ;
#3721 =( NAMED_UNIT ( * ) PLANE_ANGLE_UNIT ( ) SI_UNIT ( $, .RADIAN. ) );
#3722 = ORIENTED_EDGE ( 'NONE', *, *, #5791, .F. ) ;
#3723 = STYLED_ITEM ( 'NONE', ( #1243 ), #4551 ) ;
#3724 = CARTESIAN_POINT ( 'NONE',  ( 29.75441069741336619, 49.97379730618317240, -25.48229712088773624 ) ) ;
#3725 = VECTOR ( 'NONE', #6746, 1000.000000000000114 ) ;
#3726 = FILL_AREA_STYLE ('',( #3216 ) ) ;
#3727 = DIRECTION ( 'NONE',  ( -1.832802226030400722E-19, 0.4999972845804243060, -0.8660269715269856006 ) ) ;
#3728 = ORIENTED_EDGE ( 'NONE', *, *, #2066, .T. ) ;
#3729 = ADVANCED_FACE ( 'NONE', ( #4767 ), #1498, .T. ) ;
#3730 = CARTESIAN_POINT ( 'NONE',  ( 47.19984761432365161, 66.49981387975749669, -15.55592855702933441 ) ) ;
#3731 = PRESENTATION_LAYER_ASSIGNMENT (  '', '', ( #1770 ) ) ;
#3732 = CARTESIAN_POINT ( 'NONE',  ( 32.88455701042350654, 62.71665018826581672, 9.010455493167729202 ) ) ;
#3733 = EDGE_CURVE ( 'NONE', #5618, #2557, #2516, .T. ) ;
#3734 = CARTESIAN_POINT ( 'NONE',  ( 18.50433878023327239, 29.42801028875272706, -7.481953905835263541 ) ) ;
#3735 =( GEOMETRIC_REPRESENTATION_CONTEXT ( 3 ) GLOBAL_UNCERTAINTY_ASSIGNED_CONTEXT ( ( #2093 ) ) GLOBAL_UNIT_ASSIGNED_CONTEXT ( ( #1993, #5910, #3666 ) ) REPRESENTATION_CONTEXT ( 'NONE', 'WORKASPACE' ) );
#3736 = CARTESIAN_POINT ( 'NONE',  ( 29.32635997898223934, 48.84877713628041107, -23.53363058710210964 ) ) ;
#3737 = PRESENTATION_LAYER_ASSIGNMENT (  '', '', ( #3146 ) ) ;
#3738 = CARTESIAN_POINT ( 'NONE',  ( 43.45381920810444143, 50.55492070263402837, -22.38711678751218415 ) ) ;
#3739 = CARTESIAN_POINT ( 'NONE',  ( 19.87906097126694860, 33.45392113705556625, -7.382012581503463622 ) ) ;
#3740 = DIRECTION ( 'NONE',  ( -0.000000000000000000, 1.000000000000000000, 0.000000000000000000 ) ) ;
#3741 = ORIENTED_EDGE ( 'NONE', *, *, #936, .F. ) ;
#3742 = EDGE_LOOP ( 'NONE', ( #4039, #5421, #1094, #2132 ) ) ;
#3743 = CARTESIAN_POINT ( 'NONE',  ( -38.60283612212711546, 38.42738226704804561, -5.012911088441748930 ) ) ;
#3744 = DIRECTION ( 'NONE',  ( 0.5920362775794566490, 0.7573089147717232406, -0.2756379031213511688 ) ) ;
#3745 = VERTEX_POINT ( 'NONE', #3776 ) ;
#3746 = ORIENTED_EDGE ( 'NONE', *, *, #2011, .T. ) ;
#3747 = PRESENTATION_LAYER_ASSIGNMENT (  '', '', ( #2821 ) ) ;
#3748 = EDGE_CURVE ( 'NONE', #5544, #5062, #429, .T. ) ;
#3749 = AXIS2_PLACEMENT_3D ( 'NONE', #4890, #6447, #2174 ) ;
#3750 = CARTESIAN_POINT ( 'NONE',  ( -38.89060163066338305, 50.26831540264431908, -24.48005153761519992 ) ) ;
#3751 = VECTOR ( 'NONE', #5919, 1000.000000000000114 ) ;
#3752 = CYLINDRICAL_SURFACE ( 'NONE', #4109, 6.000000000000000000 ) ;
#3753 = CARTESIAN_POINT ( 'NONE',  ( -42.12965572182012153, 51.22304178654912477, -23.77474592370817064 ) ) ;
#3754 = PRESENTATION_LAYER_ASSIGNMENT (  '', '', ( #2715 ) ) ;
#3755 = CARTESIAN_POINT ( 'NONE',  ( -43.16422388690616430, 73.84055711145127532, -11.70267864792794477 ) ) ;
#3756 = CARTESIAN_POINT ( 'NONE',  ( -47.86651428099029459, 59.86602059968766554, -18.61612419408130492 ) ) ;
#3757 = CARTESIAN_POINT ( 'NONE',  ( 28.46838850575372604, 38.61348996648790433, -6.060240056192699676 ) ) ;
#3758 = ORIENTED_EDGE ( 'NONE', *, *, #6026, .F. ) ;
#3759 = ORIENTED_EDGE ( 'NONE', *, *, #2459, .F. ) ;
#3760 = AXIS2_PLACEMENT_3D ( 'NONE', #5222, #6993, #6450 ) ;
#3761 = CARTESIAN_POINT ( 'NONE',  ( -20.35937840875500981, 32.65193871336931863, -8.732466334498706573 ) ) ;
#3762 = CONICAL_SURFACE ( 'NONE', #1569, 1.650000000000000355, 0.7853981633974547183 ) ;
#3763 = SURFACE_STYLE_USAGE ( .BOTH. , #1558 ) ;
#3764 = MECHANICAL_DESIGN_GEOMETRIC_PRESENTATION_REPRESENTATION (  '', ( #3061 ), #4670 ) ;
#3765 = CARTESIAN_POINT ( 'NONE',  ( -20.67941546978882528, 33.15929708583085755, -8.655308362931126709 ) ) ;
#3766 = CARTESIAN_POINT ( 'NONE',  ( 19.50767069669291942, 35.45599814043675480, -19.17514801682581194 ) ) ;
#3767 = B_SPLINE_CURVE_WITH_KNOTS ( 'NONE', 3,
 ( #2326, #6804, #853, #1378, #5757, #3580, #4512, #6230, #3978, #1246, #1308, #3439, #1342, #3550, #5615, #3507, #5683, #5073, #175, #5722, #815, #777, #261, #2998, #5184 ),
 .UNSPECIFIED., .F., .F.,
 ( 4, 2, 1, 1, 2, 2, 2, 1, 2, 2, 2, 2, 2, 4 ),
 ( 0.000000000000000000, 0.1249999999999985012, 0.1874999999999985012, 0.2187499999999984734, 0.2343749999999978073, 0.2499999999999971134, 0.3749999999999930056, 0.4374999999999916178, 0.4687499999999921174, 0.4999999999999926170, 0.6249999999999963363, 0.6874999999999982236, 0.7500000000000001110, 1.000000000000000000 ),
 .UNSPECIFIED. ) ;
#3768 =( NAMED_UNIT ( * ) SI_UNIT ( $, .STERADIAN. ) SOLID_ANGLE_UNIT ( ) );
#3769 = EDGE_CURVE ( 'NONE', #6348, #7015, #6538, .T. ) ;
#3770 = ORIENTED_EDGE ( 'NONE', *, *, #4789, .F. ) ;
#3771 = MECHANICAL_DESIGN_GEOMETRIC_PRESENTATION_REPRESENTATION (  '', ( #1803 ), #5930 ) ;
#3772 = PRESENTATION_STYLE_ASSIGNMENT (( #1602 ) ) ;
#3773 = COLOUR_RGB ( '',0.7529411764705882248, 0.7529411764705882248, 0.7529411764705882248 ) ;
#3774 = MECHANICAL_DESIGN_GEOMETRIC_PRESENTATION_REPRESENTATION (  '', ( #5701 ), #4452 ) ;
#3775 = CARTESIAN_POINT ( 'NONE',  ( 22.50998950212420979, 35.63834197052343455, -6.600023509619613371 ) ) ;
#3776 = CARTESIAN_POINT ( 'NONE',  ( -47.89493413160812452, 63.66374064753072304, -10.65007325373756153 ) ) ;
#3777 = VERTEX_POINT ( 'NONE', #6960 ) ;
#3778 = CARTESIAN_POINT ( 'NONE',  ( -47.85166979607279814, 48.09954888108371307, 0.5707497927067917143 ) ) ;
#3779 = PRESENTATION_LAYER_ASSIGNMENT (  '', '', ( #2040 ) ) ;
#3780 = CIRCLE ( 'NONE', #4002, 1.650000000000000355 ) ;
#3781 = CARTESIAN_POINT ( 'NONE',  ( -24.60247291287029014, 46.45803616081603593, -23.95533012130621486 ) ) ;
#3782 = FACE_BOUND ( 'NONE', #2421, .T. ) ;
#3783 = CARTESIAN_POINT ( 'NONE',  ( -8.999549849947500846, 62.71691139667407100, 9.010337438424203427 ) ) ;
#3784 = EDGE_CURVE ( 'NONE', #4336, #4345, #744, .T. ) ;
#3785 = DIRECTION ( 'NONE',  ( -1.832802226030400481E-19, 0.4999972845804242505, -0.8660269715269854895 ) ) ;
#3786 = VECTOR ( 'NONE', #5269, 1000.000000000000000 ) ;
#3787 = CARTESIAN_POINT ( 'NONE',  ( 40.88286846894976634, 48.98318215600213676, -22.50567422210124491 ) ) ;
#3788 =( LENGTH_UNIT ( ) NAMED_UNIT ( * ) SI_UNIT ( .MILLI., .METRE. ) );
#3789 =( NAMED_UNIT ( * ) SI_UNIT ( $, .STERADIAN. ) SOLID_ANGLE_UNIT ( ) );
#3790 = EDGE_LOOP ( 'NONE', ( #2215, #5284, #5461, #5719 ) ) ;
#3791 = ORIENTED_EDGE ( 'NONE', *, *, #1535, .F. ) ;
#3792 = CARTESIAN_POINT ( 'NONE',  ( -22.10198944154633693, 35.34431237350914756, -6.739814802857044818 ) ) ;
#3793 = CARTESIAN_POINT ( 'NONE',  ( 19.50001087150017298, 36.19997652044225589, -6.299039176340247792 ) ) ;
#3794 = ORIENTED_EDGE ( 'NONE', *, *, #2486, .T. ) ;
#3795 = CARTESIAN_POINT ( 'NONE',  ( 18.49999999999998224, -2.835679229062511464, 10.38041057369470899 ) ) ;
#3796 = CARTESIAN_POINT ( 'NONE',  ( -36.41695601120069625, 50.74154786622106883, -25.42647438223079348 ) ) ;
#3797 = CARTESIAN_POINT ( 'NONE',  ( -35.89546684846970237, 76.55604614765471183, -8.980199606213629338 ) ) ;
#3798 = DIRECTION ( 'NONE',  ( 1.083318210957304152E-15, -0.8660269715269856006, -0.4999972845804241395 ) ) ;
#3799 = EDGE_CURVE ( 'NONE', #4477, #355, #2146, .T. ) ;
#3800 = ADVANCED_FACE ( 'NONE', ( #6427 ), #5483, .F. ) ;
#3801 = CARTESIAN_POINT ( 'NONE',  ( -19.50856291076002336, 35.48266458540823720, -19.18717484436828968 ) ) ;
#3802 = FACE_OUTER_BOUND ( 'NONE', #3813, .T. ) ;
#3803 = EDGE_LOOP ( 'NONE', ( #4386, #3410, #6507, #6586 ) ) ;
#3804 = DIRECTION ( 'NONE',  ( 1.000000000000000000, 0.000000000000000000, 0.000000000000000000 ) ) ;
#3805 = CARTESIAN_POINT ( 'NONE',  ( 20.57682772166725016, 40.33784956425161283, -21.37684435014360318 ) ) ;
#3806 = DIRECTION ( 'NONE',  ( -1.000000000000000000, 0.000000000000000000, 0.000000000000000000 ) ) ;
#3807 = ORIENTED_EDGE ( 'NONE', *, *, #1199, .T. ) ;
#3808 = CARTESIAN_POINT ( 'NONE',  ( -27.04556926308922016, 38.43231894436448925, -5.491872209237096847 ) ) ;
#3809 = EDGE_CURVE ( 'NONE', #1104, #2242, #1570, .T. ) ;
#3810 = CARTESIAN_POINT ( 'NONE',  ( 23.03981498359589253, 36.01340099353526369, -6.406735893518826330 ) ) ;
#3811 = DIRECTION ( 'NONE',  ( -1.832802226030400722E-19, 0.4999972845804243060, -0.8660269715269856006 ) ) ;
#3813 = EDGE_LOOP ( 'NONE', ( #6144, #1725, #1659, #3134 ) ) ;
#3812 = B_SPLINE_SURFACE_WITH_KNOTS ( 'NONE', 1, 3, ( 
 ( #2202, #4887, #1059, #3234 ),
 ( #1619, #5424, #4922, #3027 ) ),
 .UNSPECIFIED., .F., .F., .F.,
 ( 2, 2 ),
 ( 4, 4 ),
 ( 0.000000000000000000, 1.000000000000000000 ),
 ( 4.712388980393802385, 4.848922397770625281 ),
 .UNSPECIFIED. ) ;
#3814 = SURFACE_STYLE_FILL_AREA ( #6571 ) ;
#3815 = FILL_AREA_STYLE_COLOUR ( '', #663 ) ;
#3816 = SURFACE_STYLE_USAGE ( .BOTH. , #6601 ) ;
#3817 = EDGE_CURVE ( 'NONE', #2994, #5388, #937, .T. ) ;
#3818 = CARTESIAN_POINT ( 'NONE',  ( 18.71468112520889449, 31.02563123804243617, -7.637286889570471082 ) ) ;
#3819 = CARTESIAN_POINT ( 'NONE',  ( 20.76671248530030311, 62.20552571367776551, -14.95602317128418157 ) ) ;
#3820 = CARTESIAN_POINT ( 'NONE',  ( 42.18722408532636337, 52.10117895736807725, -24.48005728454714003 ) ) ;
#3821 =( NAMED_UNIT ( * ) SI_UNIT ( $, .STERADIAN. ) SOLID_ANGLE_UNIT ( ) );
#3822 = CARTESIAN_POINT ( 'NONE',  ( 18.50910026010608433, 29.58551735303042207, -7.510763341978047514 ) ) ;
#3823 = FILL_AREA_STYLE_COLOUR ( '', #6274 ) ;
#3824 = EDGE_LOOP ( 'NONE', ( #5106, #4534, #2923, #3458, #5416, #281 ) ) ;
#3825 = CARTESIAN_POINT ( 'NONE',  ( 10.98506231342959971, -14.71714881219270055, 16.02368491557549746 ) ) ;
#3826 = ORIENTED_EDGE ( 'NONE', *, *, #3271, .F. ) ;
#3827 = FILL_AREA_STYLE_COLOUR ( '', #1095 ) ;
#3828 = CARTESIAN_POINT ( 'NONE',  ( -29.26121351846535390, 50.74190829272611580, -25.42649129111803319 ) ) ;
#3829 = CARTESIAN_POINT ( 'NONE',  ( -32.88188385766287780, 60.37296921514109727, -12.54994715356316526 ) ) ;
#3830 = CARTESIAN_POINT ( 'NONE',  ( -24.59123895529017645, 47.22051139659073726, -24.48004198124524677 ) ) ;
#3831 = VERTEX_POINT ( 'NONE', #5907 ) ;
#3832 = ORIENTED_EDGE ( 'NONE', *, *, #2149, .T. ) ;
#3833 = CARTESIAN_POINT ( 'NONE',  ( 27.50026534679130563, 38.72398834675389168, -5.996450974034277515 ) ) ;
#3834 = PLANE ( 'NONE',  #3284 ) ;
#3835 = EDGE_CURVE ( 'NONE', #2924, #1940, #5380, .T. ) ;
#3836 =( NAMED_UNIT ( * ) PLANE_ANGLE_UNIT ( ) SI_UNIT ( $, .RADIAN. ) );
#3837 = ADVANCED_FACE ( 'NONE', ( #4732 ), #5950, .F. ) ;
#3838 = CARTESIAN_POINT ( 'NONE',  ( 19.53336311740857667, 35.96885993353822641, -19.40644609837568169 ) ) ;
#3839 = CARTESIAN_POINT ( 'NONE',  ( -18.68398669448800220, 30.89275299373941408, -7.634347281155071663 ) ) ;
#3840 = VERTEX_POINT ( 'NONE', #5011 ) ;
#3841 = ORIENTED_EDGE ( 'NONE', *, *, #4516, .T. ) ;
#3842 = CYLINDRICAL_SURFACE ( 'NONE', #3844, 17.00000000000000000 ) ;
#3843 = CARTESIAN_POINT ( 'NONE',  ( -27.93812434966003266, 38.58945554057916638, -5.764040750304892491 ) ) ;
#3844 = AXIS2_PLACEMENT_3D ( 'NONE', #1278, #216, #3941 ) ;
#3845 = CARTESIAN_POINT ( 'NONE',  ( -24.01062724139963578, 46.45820464364550162, -24.48003959103729699 ) ) ;
#3846 = ORIENTED_EDGE ( 'NONE', *, *, #5378, .T. ) ;
#3847 = EDGE_CURVE ( 'NONE', #7015, #4064, #6672, .T. ) ;
#3848 = SURFACE_SIDE_STYLE ('',( #5510 ) ) ;
#3849 = VECTOR ( 'NONE', #5822, 1000.000000000000000 ) ;
#3850 = CARTESIAN_POINT ( 'NONE',  ( 47.80286263888209675, 58.63167300376312596, -19.32877038647333023 ) ) ;
#3851 = CARTESIAN_POINT ( 'NONE',  ( 38.05272813861112269, 51.01545991468423580, -25.43932207244211696 ) ) ;
#3852 = FILL_AREA_STYLE_COLOUR ( '', #2028 ) ;
#3853 = CONICAL_SURFACE ( 'NONE', #69, 1.650000000000000355, 0.7853981633974513876 ) ;
#3854 = ORIENTED_EDGE ( 'NONE', *, *, #790, .T. ) ;
#3855 = DIRECTION ( 'NONE',  ( 1.000000000000000000, 0.000000000000000000, 0.000000000000000000 ) ) ;
#3856 = ORIENTED_EDGE ( 'NONE', *, *, #3386, .F. ) ;
#3857 = ADVANCED_FACE ( 'NONE', ( #5542 ), #3884, .T. ) ;
#3858 = VERTEX_POINT ( 'NONE', #4965 ) ;
#3859 = CARTESIAN_POINT ( 'NONE',  ( -19.50000000000000000, -21.82704313407679919, 16.02368491557549746 ) ) ;
#3860 = CARTESIAN_POINT ( 'NONE',  ( -43.34675428745268277, 51.80147093528188407, -23.41448222985871652 ) ) ;
#3861 = FILL_AREA_STYLE_COLOUR ( '', #6302 ) ;
#3862 = VECTOR ( 'NONE', #6943, 1000.000000000000000 ) ;
#3863 = CARTESIAN_POINT ( 'NONE',  ( -25.80309624238012844, 9.216300150859979112, 42.14267221918600370 ) ) ;
#3864 = ORIENTED_EDGE ( 'NONE', *, *, #5007, .F. ) ;
#3865 = ORIENTED_EDGE ( 'NONE', *, *, #244, .T. ) ;
#3866 = DIRECTION ( 'NONE',  ( -0.7525766946921949030, -0.5702796279557788006, -0.3292559256031532544 ) ) ;
#3867 = B_SPLINE_CURVE_WITH_KNOTS ( 'NONE', 1,
 ( #4307, #6509 ),
 .UNSPECIFIED., .F., .F.,
 ( 2, 2 ),
 ( 0.000000000000000000, 1.000000000000000000 ),
 .UNSPECIFIED. ) ;
#3868 = UNCERTAINTY_MEASURE_WITH_UNIT (LENGTH_MEASURE( 1.000000000000000082E-05 ), #696, 'distance_accuracy_value', 'NONE');
#3869 = AXIS2_PLACEMENT_3D ( 'NONE', #6202, #3472, #5582 ) ;
#3870 = CARTESIAN_POINT ( 'NONE',  ( -19.81076339663830765, 31.31514106652093332, -8.791807617442575662 ) ) ;
#3871 = B_SPLINE_SURFACE_WITH_KNOTS ( 'NONE', 1, 3, ( 
 ( #1724, #5992, #3308, #4976, #1750, #6133, #84, #4454, #2696, #5486 ),
 ( #7086, #4881, #3927, #2762, #3378, #1083, #545, #5449, #4946, #3262 ) ),
 .UNSPECIFIED., .F., .F., .F.,
 ( 2, 2 ),
 ( 4, 2, 2, 2, 4 ),
 ( 0.000000000000000000, 1.000000000000000000 ),
 ( 4.712388980384687898, 4.925380562178006016, 5.138372143971325023, 5.351363725764644030, 5.564355307557962149 ),
 .UNSPECIFIED. ) ;
#3872 = COLOUR_RGB ( '',0.7529411764705882248, 0.7529411764705882248, 0.7529411764705882248 ) ;
#3873 = EDGE_CURVE ( 'NONE', #3115, #6791, #1691, .T. ) ;
#3874 = CARTESIAN_POINT ( 'NONE',  ( 19.96396883417427048, 38.59585593354594835, -20.59120867508253383 ) ) ;
#3875 = AXIS2_PLACEMENT_3D ( 'NONE', #6378, #1957, #6346 ) ;
#3876 = CARTESIAN_POINT ( 'NONE',  ( -20.10804734144548078, 33.75373376673231718, -7.316292455956660667 ) ) ;
#3877 = ORIENTED_EDGE ( 'NONE', *, *, #5156, .F. ) ;
#3878 = LINE ( 'NONE', #3214, #5710 ) ;
#3879 = PLANE ( 'NONE',  #1209 ) ;
#3880 =( GEOMETRIC_REPRESENTATION_CONTEXT ( 3 ) GLOBAL_UNCERTAINTY_ASSIGNED_CONTEXT ( ( #5152 ) ) GLOBAL_UNIT_ASSIGNED_CONTEXT ( ( #2384, #6216, #2082 ) ) REPRESENTATION_CONTEXT ( 'NONE', 'WORKASPACE' ) );
#3881 = AXIS2_PLACEMENT_3D ( 'NONE', #3339, #1677, #3254 ) ;
#3882 = FACE_OUTER_BOUND ( 'NONE', #374, .T. ) ;
#3883 = MECHANICAL_DESIGN_GEOMETRIC_PRESENTATION_REPRESENTATION (  '', ( #432 ), #5234 ) ;
#3884 = PLANE ( 'NONE',  #1578 ) ;
#3885 = ADVANCED_FACE ( 'NONE', ( #6123 ), #2709, .T. ) ;
#3886 = EDGE_LOOP ( 'NONE', ( #127, #5759, #3928, #2487 ) ) ;
#3887 = CARTESIAN_POINT ( 'NONE',  ( -26.95065654583698489, 48.01083444406867073, -23.47039452512791513 ) ) ;
#3888 = VECTOR ( 'NONE', #4346, 1000.000000000000114 ) ;
#3889 =( LENGTH_UNIT ( ) NAMED_UNIT ( * ) SI_UNIT ( .MILLI., .METRE. ) );
#3890 = FACE_OUTER_BOUND ( 'NONE', #4304, .T. ) ;
#3891 = CIRCLE ( 'NONE', #6745, 1.650000000000000355 ) ;
#3892 = AXIS2_PLACEMENT_3D ( 'NONE', #257, #631, #2569 ) ;
#3893 = CARTESIAN_POINT ( 'NONE',  ( -19.50000000000000000, 22.36218277268801558, -5.130037262547145538 ) ) ;
#3894 = ADVANCED_FACE ( 'NONE', ( #322 ), #5451, .T. ) ;
#3895 = CARTESIAN_POINT ( 'NONE',  ( 42.99722659498778654, 51.52042345395899758, -23.44388314480952928 ) ) ;
#3896 = FACE_OUTER_BOUND ( 'NONE', #6109, .T. ) ;
#3897 = CARTESIAN_POINT ( 'NONE',  ( -19.81143671468976919, 31.31748648531648627, -8.791882467764640552 ) ) ;
#3898 = AXIS2_PLACEMENT_3D ( 'NONE', #751, #3484, #4528 ) ;
#3899 = DIRECTION ( 'NONE',  ( 2.706087425401229969E-16, 0.4999972845804242505, -0.8660269715269854895 ) ) ;
#3900 = EDGE_LOOP ( 'NONE', ( #811, #5004, #1944, #2714 ) ) ;
#3901 = LINE ( 'NONE', #1193, #1662 ) ;
#3902 = COLOUR_RGB ( '',0.9254901960784314152, 0.9254901960784314152, 0.9254901960784314152 ) ;
#3903 = FACE_BOUND ( 'NONE', #6582, .T. ) ;
#3904 = LINE ( 'NONE', #3417, #1565 ) ;
#3905 = AXIS2_PLACEMENT_3D ( 'NONE', #624, #2353, #132 ) ;
#3906 =( NAMED_UNIT ( * ) PLANE_ANGLE_UNIT ( ) SI_UNIT ( $, .RADIAN. ) );
#3907 = DIRECTION ( 'NONE',  ( 0.000000000000000000, -0.8660254039654087244, -0.4999999996865505114 ) ) ;
#3908 = CARTESIAN_POINT ( 'NONE',  ( -40.50007565895970174, 63.24896319754086704, 3.066881416014580974 ) ) ;
#3909 = ORIENTED_EDGE ( 'NONE', *, *, #5624, .T. ) ;
#3910 = LINE ( 'NONE', #6481, #3647 ) ;
#3911 = MECHANICAL_DESIGN_GEOMETRIC_PRESENTATION_REPRESENTATION (  '', ( #6418 ), #4116 ) ;
#3912 = CARTESIAN_POINT ( 'NONE',  ( -40.50007565895970174, 5.050761436166383511, 54.18859314820075923 ) ) ;
#3913 =( LENGTH_UNIT ( ) NAMED_UNIT ( * ) SI_UNIT ( .MILLI., .METRE. ) );
#3914 = CARTESIAN_POINT ( 'NONE',  ( 9.335062313429599357, -14.71714881219270055, 16.02368491557549746 ) ) ;
#3915 = PRESENTATION_STYLE_ASSIGNMENT (( #1202 ) ) ;
#3916 = CARTESIAN_POINT ( 'NONE',  ( 20.12915575759936360, 39.16145755854711297, -20.84629192012910082 ) ) ;
#3917 = CARTESIAN_POINT ( 'NONE',  ( -19.31134328946573575, 32.60054854738327634, -7.540963514085836650 ) ) ;
#3918 = ORIENTED_EDGE ( 'NONE', *, *, #6118, .T. ) ;
#3919 = SURFACE_STYLE_FILL_AREA ( #5505 ) ;
#3920 = DIRECTION ( 'NONE',  ( 0.000000000000000000, 0.7071089983118645783, 0.7071045640542786836 ) ) ;
#3921 = LINE ( 'NONE', #2263, #652 ) ;
#3922 = EDGE_CURVE ( 'NONE', #2451, #6042, #4077, .T. ) ;
#3923 = ADVANCED_BREP_SHAPE_REPRESENTATION ( '332000146,\X2\815590e8644450cf5934652f67b6\X0\_D435_gemini_mount-dyx0922', ( #4707, #225 ), #4680 ) ;
#3924 = CARTESIAN_POINT ( 'NONE',  ( -9.364937686570399933, -14.71714881219270055, 38.92368491557547827 ) ) ;
#3925 = SURFACE_STYLE_FILL_AREA ( #1156 ) ;
#3926 = DIRECTION ( 'NONE',  ( -1.832802226030400722E-19, 0.4999972845804243060, -0.8660269715269856006 ) ) ;
#3927 = CARTESIAN_POINT ( 'NONE',  ( -19.54553544190364889, 36.31245770686614804, -19.56140951428224639 ) ) ;
#3928 = ORIENTED_EDGE ( 'NONE', *, *, #7036, .F. ) ;
#3929 = DIRECTION ( 'NONE',  ( 0.9999999999736893797, -6.816585209533905314E-06, 2.481034115609617898E-06 ) ) ;
#3930 = FACE_OUTER_BOUND ( 'NONE', #4915, .T. ) ;
#3931 = VERTEX_POINT ( 'NONE', #221 ) ;
#3932 = LINE ( 'NONE', #246, #2607 ) ;
#3933 = SURFACE_SIDE_STYLE ('',( #7041 ) ) ;
#3934 = CARTESIAN_POINT ( 'NONE',  ( 21.54897235278889411, 34.11140000979975895, -8.421975069463558228 ) ) ;
#3935 = CARTESIAN_POINT ( 'NONE',  ( 19.51671248530030311, 62.20552571367681338, -14.95602317128473047 ) ) ;
#3936 = CARTESIAN_POINT ( 'NONE',  ( 20.96869849550614617, 41.12333947612947327, -21.73109174673716737 ) ) ;
#3937 = CARTESIAN_POINT ( 'NONE',  ( 46.51467683967054967, 69.13655420709909549, -14.41851632523202476 ) ) ;
#3938 = ORIENTED_EDGE ( 'NONE', *, *, #2254, .T. ) ;
#3939 = VERTEX_POINT ( 'NONE', #291 ) ;
#3940 = VECTOR ( 'NONE', #2017, 1000.000000000000227 ) ;
#3941 = DIRECTION ( 'NONE',  ( 0.000000000000000000, 0.000000000000000000, -1.000000000000000000 ) ) ;
#3942 = SURFACE_STYLE_USAGE ( .BOTH. , #1743 ) ;
#3943 = CARTESIAN_POINT ( 'NONE',  ( -47.58331741085394384, 48.87345811114408178, -5.232836895175279501 ) ) ;
#3944 = LINE ( 'NONE', #4232, #3751 ) ;
#3945 = DIRECTION ( 'NONE',  ( -3.930483486793890346E-19, 0.8660254038420629463, 0.4999999999001918938 ) ) ;
#3946 = CARTESIAN_POINT ( 'NONE',  ( 46.80816694239113218, 59.23453218552758415, -20.13541000801390979 ) ) ;
#3947 = AXIS2_PLACEMENT_3D ( 'NONE', #5694, #1313, #5730 ) ;
#3948 =( NAMED_UNIT ( * ) PLANE_ANGLE_UNIT ( ) SI_UNIT ( $, .RADIAN. ) );
#3949 =( NAMED_UNIT ( * ) SI_UNIT ( $, .STERADIAN. ) SOLID_ANGLE_UNIT ( ) );
#3950 = DIRECTION ( 'NONE',  ( 1.000000000000000000, 9.163961361881756988E-20, -1.587256161217014877E-19 ) ) ;
#3951 = ADVANCED_FACE ( 'NONE', ( #4589 ), #6774, .T. ) ;
#3952 = CARTESIAN_POINT ( 'NONE',  ( 45.57754958227814512, 54.37337931633145161, 1.306689806416069022 ) ) ;
#3953 = ORIENTED_EDGE ( 'NONE', *, *, #1597, .T. ) ;
#3954 = AXIS2_PLACEMENT_3D ( 'NONE', #5866, #813, #4072 ) ;
#3955 = EDGE_CURVE ( 'NONE', #5816, #3086, #5185, .T. ) ;
#3956 = CARTESIAN_POINT ( 'NONE',  ( 19.49999999999999645, -7.431945887776402415, 6.523684915575501009 ) ) ;
#3957 = DIRECTION ( 'NONE',  ( 1.832802226030402167E-19, -0.4999972845804243615, 0.8660269715269856006 ) ) ;
#3958 = DIRECTION ( 'NONE',  ( 0.000000000000000000, 0.8660269715269843793, 0.4999972845804263044 ) ) ;
#3959 = CARTESIAN_POINT ( 'NONE',  ( 29.75440252253878270, 49.79514891015949019, -24.48005005400469614 ) ) ;
#3960 =( NAMED_UNIT ( * ) SI_UNIT ( $, .STERADIAN. ) SOLID_ANGLE_UNIT ( ) );
#3961 = ORIENTED_EDGE ( 'NONE', *, *, #340, .T. ) ;
#3962 = VERTEX_POINT ( 'NONE', #5758 ) ;
#3963 = DIRECTION ( 'NONE',  ( 1.000000000000000000, 3.665604452042825777E-19, -1.149347930495229425E-24 ) ) ;
#3964 = ORIENTED_EDGE ( 'NONE', *, *, #1222, .F. ) ;
#3965 = EDGE_CURVE ( 'NONE', #7001, #1417, #3306, .T. ) ;
#3966 = MECHANICAL_DESIGN_GEOMETRIC_PRESENTATION_REPRESENTATION (  '', ( #1100 ), #4764 ) ;
#3967 = DIRECTION ( 'NONE',  ( 0.7071067811865472397, 0.5416752204197046172, 0.4545194776720409280 ) ) ;
#3968 = CARTESIAN_POINT ( 'NONE',  ( 10.98506231342959971, -14.71714881219270055, 16.22368491557550030 ) ) ;
#3969 = DIRECTION ( 'NONE',  ( 1.000000000000000000, -0.000000000000000000, -0.000000000000000000 ) ) ;
#3970 = EDGE_CURVE ( 'NONE', #254, #6375, #6271, .T. ) ;
#3971 = DIRECTION ( 'NONE',  ( 0.7071067811865496822, 8.659560562354959975E-17, -0.7071067811865453523 ) ) ;
#3972 = CARTESIAN_POINT ( 'NONE',  ( 28.59323648033365828, 48.71262130258390499, -23.52335738867099124 ) ) ;
#3973 = ORIENTED_EDGE ( 'NONE', *, *, #3965, .T. ) ;
#3974 = ORIENTED_EDGE ( 'NONE', *, *, #2459, .T. ) ;
#3975 = VECTOR ( 'NONE', #2702, 1000.000000000000000 ) ;
#3976 = FILL_AREA_STYLE ('',( #630 ) ) ;
#3977 = PRESENTATION_LAYER_ASSIGNMENT (  '', '', ( #1561 ) ) ;
#3978 = CARTESIAN_POINT ( 'NONE',  ( -41.45158199134971255, 50.40465844818740493, -23.47084530026314297 ) ) ;
#3979 = CARTESIAN_POINT ( 'NONE',  ( 47.86651428099029459, 64.82696358714069618, 7.342025796379114233 ) ) ;
#3980 = VECTOR ( 'NONE', #2226, 1000.000000000000000 ) ;
#3981 = CARTESIAN_POINT ( 'NONE',  ( 42.57559219960175767, 74.24143758836692086, -11.47123187260903165 ) ) ;
#3982 = AXIS2_PLACEMENT_3D ( 'NONE', #3833, #2773, #3866 ) ;
#3983 = PLANE ( 'NONE',  #1351 ) ;
#3984 = AXIS2_PLACEMENT_3D ( 'NONE', #2538, #3100, #5790 ) ;
#3985 = CARTESIAN_POINT ( 'NONE',  ( 46.86412407341384778, 55.66239988789643434, -21.04306965451106848 ) ) ;
#3986 = CARTESIAN_POINT ( 'NONE',  ( 40.97301502000168227, 50.86590383707496699, -24.13301867412190660 ) ) ;
#3987 = CARTESIAN_POINT ( 'NONE',  ( 41.98432504338497750, 53.28156230018112183, -25.54563333848781426 ) ) ;
#3988 = CARTESIAN_POINT ( 'NONE',  ( 19.49999999999999289, -21.82704313407679564, 16.02368491557549746 ) ) ;
#3989 = VECTOR ( 'NONE', #4062, 1000.000000000000114 ) ;
#3990 = PRESENTATION_STYLE_ASSIGNMENT (( #2873 ) ) ;
#3991 = ORIENTED_EDGE ( 'NONE', *, *, #6783, .T. ) ;
#3992 = FILL_AREA_STYLE_COLOUR ( '', #4799 ) ;
#3993 = EDGE_CURVE ( 'NONE', #3931, #1231, #166, .T. ) ;
#3994 = AXIS2_PLACEMENT_3D ( 'NONE', #6768, #5715, #284 ) ;
#3995 = DIRECTION ( 'NONE',  ( -0.000000000000000000, -0.000000000000000000, 1.000000000000000000 ) ) ;
#3996 = FACE_OUTER_BOUND ( 'NONE', #1525, .T. ) ;
#3997 = EDGE_LOOP ( 'NONE', ( #1636, #1732, #5312, #214, #401, #5742 ) ) ;
#3998 = CARTESIAN_POINT ( 'NONE',  ( -12.66493768657040064, -14.71714881219270055, 36.42368491557549959 ) ) ;
#3999 = SURFACE_SIDE_STYLE ('',( #2947 ) ) ;
#4000 = FILL_AREA_STYLE_COLOUR ( '', #4425 ) ;
#4001 = ORIENTED_EDGE ( 'NONE', *, *, #3769, .F. ) ;
#4002 = AXIS2_PLACEMENT_3D ( 'NONE', #6078, #196, #2877 ) ;
#4003 = CARTESIAN_POINT ( 'NONE',  ( 18.50000000000002487, -7.217148812191790164, 40.42368491557549959 ) ) ;
#4004 = CARTESIAN_POINT ( 'NONE',  ( -25.06158178849463880, 46.35856108236345818, -23.48773400364293806 ) ) ;
#4005 = EDGE_CURVE ( 'NONE', #3231, #6912, #5723, .T. ) ;
#4006 = B_SPLINE_CURVE_WITH_KNOTS ( 'NONE', 3,
 ( #5827, #926, #2643, #3094 ),
 .UNSPECIFIED., .F., .F.,
 ( 4, 4 ),
 ( 0.000000000000000000, 1.000000000000000000 ),
 .UNSPECIFIED. ) ;
#4007 =( NAMED_UNIT ( * ) SI_UNIT ( $, .STERADIAN. ) SOLID_ANGLE_UNIT ( ) );
#4008 = SURFACE_STYLE_FILL_AREA ( #1273 ) ;
#4009 = DIRECTION ( 'NONE',  ( -1.000000000000000000, -0.000000000000000000, -0.000000000000000000 ) ) ;
#4010 = ORIENTED_EDGE ( 'NONE', *, *, #5192, .T. ) ;
#4011 = EDGE_LOOP ( 'NONE', ( #745, #3191, #3274, #557 ) ) ;
#4012 = DIRECTION ( 'NONE',  ( 0.000000000000000000, 0.000000000000000000, 1.000000000000000000 ) ) ;
#4013 = DIRECTION ( 'NONE',  ( -3.930483487246033215E-19, 0.8660254039654087244, 0.4999999996865507335 ) ) ;
#4014 = CARTESIAN_POINT ( 'NONE',  ( -25.50324239288359607, 46.74291987476597399, -23.37476894734766830 ) ) ;
#4015 = DIRECTION ( 'NONE',  ( -1.000000000000000000, -4.320305823558448800E-19, -3.779777825263939606E-20 ) ) ;
#4016 = ORIENTED_EDGE ( 'NONE', *, *, #5841, .T. ) ;
#4017 = DIRECTION ( 'NONE',  ( 1.832802226030399759E-19, -0.4999972845804250277, 0.8660269715269851565 ) ) ;
#4018 = DIRECTION ( 'NONE',  ( -5.556931176063729609E-06, -0.4999999998924654632, 0.8660254038286955280 ) ) ;
#4019 = EDGE_CURVE ( 'NONE', #5727, #2364, #5402, .T. ) ;
#4020 = CARTESIAN_POINT ( 'NONE',  ( -35.86651428099028749, 65.86598801466796260, -29.00844785243147328 ) ) ;
#4021 = CARTESIAN_POINT ( 'NONE',  ( 40.05099266258729074, 50.62079160371954600, -24.35766234041107836 ) ) ;
#4022 = LINE ( 'NONE', #1782, #5824 ) ;
#4023 =( NAMED_UNIT ( * ) SI_UNIT ( $, .STERADIAN. ) SOLID_ANGLE_UNIT ( ) );
#4024 = EDGE_CURVE ( 'NONE', #1219, #3421, #2276, .T. ) ;
#4025 = CARTESIAN_POINT ( 'NONE',  ( -45.10238318192439522, 49.44813875247360357, -18.85745482768107806 ) ) ;
#4026 = CARTESIAN_POINT ( 'NONE',  ( -18.50000000000002842, -4.217148812191790164, 37.42368491557549959 ) ) ;
#4027 =( NAMED_UNIT ( * ) SI_UNIT ( $, .STERADIAN. ) SOLID_ANGLE_UNIT ( ) );
#4028 =( NAMED_UNIT ( * ) PLANE_ANGLE_UNIT ( ) SI_UNIT ( $, .RADIAN. ) );
#4029 = EDGE_LOOP ( 'NONE', ( #5973, #2162, #897, #4046 ) ) ;
#4030 = ORIENTED_EDGE ( 'NONE', *, *, #223, .T. ) ;
#4031 =( LENGTH_UNIT ( ) NAMED_UNIT ( * ) SI_UNIT ( .MILLI., .METRE. ) );
#4032 = SURFACE_SIDE_STYLE ('',( #6764 ) ) ;
#4033 = CARTESIAN_POINT ( 'NONE',  ( 22.34556762798330354, 34.78343073654330908, -8.191925558621075965 ) ) ;
#4034 =( LENGTH_UNIT ( ) NAMED_UNIT ( * ) SI_UNIT ( .MILLI., .METRE. ) );
#4035 = SURFACE_SIDE_STYLE ('',( #665 ) ) ;
#4036 = DIRECTION ( 'NONE',  ( 0.000000000000000000, 0.000000000000000000, 1.000000000000000000 ) ) ;
#4037 = CARTESIAN_POINT ( 'NONE',  ( 46.30467142665198566, 69.73608244700835712, -14.07238104095171671 ) ) ;
#4038 = ORIENTED_EDGE ( 'NONE', *, *, #2502, .T. ) ;
#4039 = ORIENTED_EDGE ( 'NONE', *, *, #4618, .F. ) ;
#4040 = EDGE_CURVE ( 'NONE', #5773, #819, #2839, .T. ) ;
#4041 = CARTESIAN_POINT ( 'NONE',  ( 86.50000000000004263, 48.84873222487524203, -23.53362743373490318 ) ) ;
#4042 = SURFACE_STYLE_USAGE ( .BOTH. , #5155 ) ;
#4043 = DIRECTION ( 'NONE',  ( -0.9999999998274994306, 1.608576285618219779E-05, 9.287052266183759401E-06 ) ) ;
#4044 = CARTESIAN_POINT ( 'NONE',  ( 19.49996339244697907, 35.64744216563625656, -19.26148922787196227 ) ) ;
#4045 = PLANE ( 'NONE',  #1107 ) ;
#4046 = ORIENTED_EDGE ( 'NONE', *, *, #2777, .F. ) ;
#4047 = FILL_AREA_STYLE ('',( #2896 ) ) ;
#4048 = VECTOR ( 'NONE', #4318, 1000.000000000000114 ) ;
#4049 = FILL_AREA_STYLE ('',( #2440 ) ) ;
#4050 = PRESENTATION_STYLE_ASSIGNMENT (( #3076 ) ) ;
#4051 = CARTESIAN_POINT ( 'NONE',  ( -25.14480225572210159, 37.58997228254972356, -5.496811216653545884 ) ) ;
#4052 = DIRECTION ( 'NONE',  ( -1.000000000000000000, 0.000000000000000000, 0.000000000000000000 ) ) ;
#4053 = VERTEX_POINT ( 'NONE', #489 ) ;
#4054 = DIRECTION ( 'NONE',  ( 0.9999999999845603504, -2.778450498661163804E-06, 4.812452277376501570E-06 ) ) ;
#4055 = CARTESIAN_POINT ( 'NONE',  ( -46.82385434478798203, 67.91126989938777569, -15.12592942763744652 ) ) ;
#4056 = DIRECTION ( 'NONE',  ( 1.000000000000000000, 0.000000000000000000, 0.000000000000000000 ) ) ;
#4057 = EDGE_CURVE ( 'NONE', #4249, #4986, #5793, .T. ) ;
#4058 = CARTESIAN_POINT ( 'NONE',  ( -25.89842160683069849, 63.58406592585468076, -17.04687448253646664 ) ) ;
#4059 = ORIENTED_EDGE ( 'NONE', *, *, #4725, .T. ) ;
#4060 = VERTEX_POINT ( 'NONE', #6951 ) ;
#4061 = CARTESIAN_POINT ( 'NONE',  ( 19.49999999999999645, 1.782851187808210280, 30.28552187494406667 ) ) ;
#4062 = DIRECTION ( 'NONE',  ( -1.242365399525730464E-16, -0.6427876096865349220, 0.7660444431189815662 ) ) ;
#4063 =( LENGTH_UNIT ( ) NAMED_UNIT ( * ) SI_UNIT ( .MILLI., .METRE. ) );
#4064 = VERTEX_POINT ( 'NONE', #2025 ) ;
#4065 = CARTESIAN_POINT ( 'NONE',  ( -45.49106853776816450, 72.55013003985891373, -11.29299311824405905 ) ) ;
#4066 = CIRCLE ( 'NONE', #4526, 3.150000000000013678 ) ;
#4067 = CARTESIAN_POINT ( 'NONE',  ( -46.32466922113663799, 53.08751171946808256, -22.19607748699221972 ) ) ;
#4068 = CARTESIAN_POINT ( 'NONE',  ( 10.98506231342959971, -14.71714881219270055, 14.02368491557550634 ) ) ;
#4069 = CARTESIAN_POINT ( 'NONE',  ( 44.15362508689764098, 72.96185574558334963, -12.20999344450571300 ) ) ;
#4070 = PRODUCT_DEFINITION_CONTEXT ( 'detailed design', #2867, 'design' ) ;
#4071 = VECTOR ( 'NONE', #4332, 1000.000000000000114 ) ;
#4072 = DIRECTION ( 'NONE',  ( -1.000000000000000000, -1.762524917579880956E-20, 2.014575199285821443E-19 ) ) ;
#4073 =( NAMED_UNIT ( * ) PLANE_ANGLE_UNIT ( ) SI_UNIT ( $, .RADIAN. ) );
#4074 = ADVANCED_FACE ( 'NONE', ( #2096 ), #996, .F. ) ;
#4075 = COLOUR_RGB ( '',0.7529411764705882248, 0.7529411764705882248, 0.7529411764705882248 ) ;
#4076 = DIRECTION ( 'NONE',  ( 0.000000000000000000, 0.000000000000000000, 1.000000000000000000 ) ) ;
#4077 = LINE ( 'NONE', #3471, #4333 ) ;
#4078 = PRESENTATION_STYLE_ASSIGNMENT (( #1881 ) ) ;
#4079 = PLANE ( 'NONE',  #3035 ) ;
#4080 = AXIS2_PLACEMENT_3D ( 'NONE', #5972, #7099, #6523 ) ;
#4081 = CARTESIAN_POINT ( 'NONE',  ( 24.87025774902683040, 46.19639320770720303, -23.54166785888265778 ) ) ;
#4082 =( NAMED_UNIT ( * ) PLANE_ANGLE_UNIT ( ) SI_UNIT ( $, .RADIAN. ) );
#4083 = EDGE_CURVE ( 'NONE', #2070, #7064, #2211, .T. ) ;
#4084 = AXIS2_PLACEMENT_3D ( 'NONE', #4912, #6465, #5849 ) ;
#4085 = CARTESIAN_POINT ( 'NONE',  ( 45.83121131917541646, 41.77165783092264917, -3.082058516196932718 ) ) ;
#4086 = MECHANICAL_DESIGN_GEOMETRIC_PRESENTATION_REPRESENTATION (  '', ( #5805 ), #3402 ) ;
#4087 =( NAMED_UNIT ( * ) PLANE_ANGLE_UNIT ( ) SI_UNIT ( $, .RADIAN. ) );
#4088 = VECTOR ( 'NONE', #2354, 1000.000000000000227 ) ;
#4089 = CARTESIAN_POINT ( 'NONE',  ( -47.86651428099029459, 14.63710142793286195, 59.72322904585261938 ) ) ;
#4090 = CARTESIAN_POINT ( 'NONE',  ( -46.54331391492812742, 69.13304405512474204, -14.42054289774459974 ) ) ;
#4091 = VECTOR ( 'NONE', #3192, 1000.000000000000000 ) ;
#4092 = CARTESIAN_POINT ( 'NONE',  ( 21.54897235278889411, 34.11140000979975184, -8.421975069463544017 ) ) ;
#4093 = DIRECTION ( 'NONE',  ( 0.000000000000000000, 1.000000000000000000, 0.000000000000000000 ) ) ;
#4094 = DIRECTION ( 'NONE',  ( 0.000000000000000000, 0.000000000000000000, 1.000000000000000000 ) ) ;
#4095 = CARTESIAN_POINT ( 'NONE',  ( -35.89542245536085829, 76.19001723770421108, -10.34622703385734610 ) ) ;
#4096 = EDGE_LOOP ( 'NONE', ( #2084, #110, #5116, #2499 ) ) ;
#4097 = ORIENTED_EDGE ( 'NONE', *, *, #3208, .T. ) ;
#4098 = CARTESIAN_POINT ( 'NONE',  ( -22.79504880806843659, 35.84071542892160522, -6.497021972311300075 ) ) ;
#4099 = FILL_AREA_STYLE_COLOUR ( '', #2951 ) ;
#4100 = EDGE_LOOP ( 'NONE', ( #5524, #7008, #93, #3877, #249, #7070 ) ) ;
#4101 = AXIS2_PLACEMENT_3D ( 'NONE', #234, #5696, #4052 ) ;
#4102 = DIRECTION ( 'NONE',  ( 1.000000000000000000, 0.000000000000000000, 0.000000000000000000 ) ) ;
#4103 = ADVANCED_FACE ( 'NONE', ( #5329 ), #3616, .F. ) ;
#4104 = MECHANICAL_DESIGN_GEOMETRIC_PRESENTATION_REPRESENTATION (  '', ( #2961 ), #5476 ) ;
#4105 = FACE_OUTER_BOUND ( 'NONE', #4317, .T. ) ;
#4106 = CARTESIAN_POINT ( 'NONE',  ( -19.80800436456555502, 37.94507371052961986, -20.29770607634712221 ) ) ;
#4107 = DIRECTION ( 'NONE',  ( -2.842210247932279175E-14, 0.8660269715269851565, 0.4999972845804250277 ) ) ;
#4108 = EDGE_LOOP ( 'NONE', ( #6533, #1844, #2500, #4455 ) ) ;
#4109 = AXIS2_PLACEMENT_3D ( 'NONE', #4461, #6614, #1793 ) ;
#4110 = CARTESIAN_POINT ( 'NONE',  ( 46.86651428099032302, 47.45499458470050769, -26.93627996665011537 ) ) ;
#4111 = MECHANICAL_DESIGN_GEOMETRIC_PRESENTATION_REPRESENTATION (  '', ( #233 ), #5481 ) ;
#4112 = CARTESIAN_POINT ( 'NONE',  ( -29.75440252253872586, 49.79514891015949019, -24.48005005400469614 ) ) ;
#4113 =( NAMED_UNIT ( * ) SI_UNIT ( $, .STERADIAN. ) SOLID_ANGLE_UNIT ( ) );
#4114 = VERTEX_POINT ( 'NONE', #3101 ) ;
#4115 = CARTESIAN_POINT ( 'NONE',  ( 36.31768148111029149, 40.50157774913213160, -3.815400637549905216 ) ) ;
#4116 =( GEOMETRIC_REPRESENTATION_CONTEXT ( 3 ) GLOBAL_UNCERTAINTY_ASSIGNED_CONTEXT ( ( #3166 ) ) GLOBAL_UNIT_ASSIGNED_CONTEXT ( ( #3304, #5021, #3949 ) ) REPRESENTATION_CONTEXT ( 'NONE', 'WORKASPACE' ) );
#4117 = CARTESIAN_POINT ( 'NONE',  ( 20.89046774492037173, 42.34169430106470600, -22.70429778004466215 ) ) ;
#4118 = CARTESIAN_POINT ( 'NONE',  ( 43.87270642922857888, 53.77102188067269140, -23.28974631221469593 ) ) ;
#4119 = EDGE_CURVE ( 'NONE', #5625, #5062, #5263, .T. ) ;
#4120 = FILL_AREA_STYLE_COLOUR ( '', #2155 ) ;
#4121 = EDGE_CURVE ( 'NONE', #592, #4129, #583, .T. ) ;
#4122 = CARTESIAN_POINT ( 'NONE',  ( 43.04225255781938841, 51.53643940549415703, -23.42516867931865931 ) ) ;
#4123 = CARTESIAN_POINT ( 'NONE',  ( -7.864937686570358188, -14.71714881219270055, 40.42368491557549959 ) ) ;
#4124 = CARTESIAN_POINT ( 'NONE',  ( 40.45808319271211673, 51.70934314485403860, -24.48005605594846656 ) ) ;
#4125 = FACE_OUTER_BOUND ( 'NONE', #1339, .T. ) ;
#4126 = DIRECTION ( 'NONE',  ( -6.054055702906201236E-17, 0.9396926207859068736, -0.3420201433256726542 ) ) ;
#4127 = DIRECTION ( 'NONE',  ( 0.000000000000000000, 0.000000000000000000, -1.000000000000000000 ) ) ;
#4128 = CARTESIAN_POINT ( 'NONE',  ( 47.86651428613063075, 67.52687176829371651, -14.19315936881055684 ) ) ;
#4129 = VERTEX_POINT ( 'NONE', #3 ) ;
#4130 = ORIENTED_EDGE ( 'NONE', *, *, #350, .T. ) ;
#4131 = SURFACE_SIDE_STYLE ('',( #5174 ) ) ;
#4132 = DIRECTION ( 'NONE',  ( -1.000000000000000000, -0.000000000000000000, -0.000000000000000000 ) ) ;
#4133 = FACE_OUTER_BOUND ( 'NONE', #4819, .T. ) ;
#4134 = CARTESIAN_POINT ( 'NONE',  ( 29.03549895320598395, 38.72372047876512369, -5.996594421587837509 ) ) ;
#4135 = CARTESIAN_POINT ( 'NONE',  ( -46.54313628500604949, 69.13365817522891632, -14.42018833790456078 ) ) ;
#4136 = CARTESIAN_POINT ( 'NONE',  ( -19.57061200337741980, 36.41766010192014846, -19.60883510444933009 ) ) ;
#4137 = SURFACE_SIDE_STYLE ('',( #5290 ) ) ;
#4138 = ORIENTED_EDGE ( 'NONE', *, *, #3426, .T. ) ;
#4139 = EDGE_CURVE ( 'NONE', #849, #5625, #3285, .T. ) ;
#4140 = EDGE_LOOP ( 'NONE', ( #4543, #2731, #1346, #524 ) ) ;
#4141 = FACE_BOUND ( 'NONE', #1730, .T. ) ;
#4142 = FACE_OUTER_BOUND ( 'NONE', #4271, .T. ) ;
#4143 =( NAMED_UNIT ( * ) PLANE_ANGLE_UNIT ( ) SI_UNIT ( $, .RADIAN. ) );
#4144 = CARTESIAN_POINT ( 'NONE',  ( -25.00464461812011052, 46.04912365952133513, -23.32243077225675520 ) ) ;
#4145 = ORIENTED_EDGE ( 'NONE', *, *, #6094, .F. ) ;
#4146 = EDGE_CURVE ( 'NONE', #2451, #3213, #6729, .T. ) ;
#4147 = PRESENTATION_STYLE_ASSIGNMENT (( #1960 ) ) ;
#4148 =( LENGTH_UNIT ( ) NAMED_UNIT ( * ) SI_UNIT ( .MILLI., .METRE. ) );
#4149 = CARTESIAN_POINT ( 'NONE',  ( 40.42930573022372442, 50.71802529339161225, -24.26993976172492395 ) ) ;
#4150 = LINE ( 'NONE', #3557, #1931 ) ;
#4151 = CARTESIAN_POINT ( 'NONE',  ( -18.54862716451410876, 30.08040527941083653, -7.579118952108259144 ) ) ;
#4152 = CARTESIAN_POINT ( 'NONE',  ( -25.80330130665941724, 37.43822056668342668, -6.739122924274165705 ) ) ;
#4153 = CARTESIAN_POINT ( 'NONE',  ( -47.85167390815868060, 50.80602332287249823, -4.117035550689698731 ) ) ;
#4154 = DIRECTION ( 'NONE',  ( 0.000000000000000000, 0.000000000000000000, -1.000000000000000000 ) ) ;
#4155 = EDGE_CURVE ( 'NONE', #3703, #1741, #3434, .T. ) ;
#4156 = CARTESIAN_POINT ( 'NONE',  ( 13.65509673952460012, -20.86940764386208258, 36.42368491557549959 ) ) ;
#4157 = CARTESIAN_POINT ( 'NONE',  ( -25.38567777235241252, 48.09178556483632860, -24.79715984437169141 ) ) ;
#4158 = CARTESIAN_POINT ( 'NONE',  ( 21.20380205165054122, 33.79462787524505529, -8.514604084185634747 ) ) ;
#4159 = DIRECTION ( 'NONE',  ( 1.000000000000000000, 6.442591512363824568E-17, -0.000000000000000000 ) ) ;
#4160 = CARTESIAN_POINT ( 'NONE',  ( -19.75883714278145575, 33.29696363782592528, -7.416741224025083845 ) ) ;
#4161 = ORIENTED_EDGE ( 'NONE', *, *, #485, .T. ) ;
#4162 = ORIENTED_EDGE ( 'NONE', *, *, #1012, .F. ) ;
#4163 = CARTESIAN_POINT ( 'NONE',  ( 35.86598148507855655, 65.30876458987376054, 10.50703246060305496 ) ) ;
#4164 = CARTESIAN_POINT ( 'NONE',  ( -38.97905207384407333, 55.42723684051927791, -29.25023366238828970 ) ) ;
#4165 =( NAMED_UNIT ( * ) SI_UNIT ( $, .STERADIAN. ) SOLID_ANGLE_UNIT ( ) );
#4166 = CARTESIAN_POINT ( 'NONE',  ( -27.05469813689317249, 47.90273412314818557, -22.58716758323988216 ) ) ;
#4167 = EDGE_CURVE ( 'NONE', #2960, #3660, #3462, .T. ) ;
#4168 = SURFACE_STYLE_USAGE ( .BOTH. , #3122 ) ;
#4169 = ADVANCED_FACE ( 'NONE', ( #4105 ), #2921, .F. ) ;
#4170 = CARTESIAN_POINT ( 'NONE',  ( -44.18233887871100762, 72.95880292290539160, -12.21175597973782700 ) ) ;
#4171 = EDGE_CURVE ( 'NONE', #5999, #1103, #3891, .T. ) ;
#4172 = CARTESIAN_POINT ( 'NONE',  ( -21.02064928297616575, 41.21672289463474215, -21.77320855513944409 ) ) ;
#4173 = ORIENTED_EDGE ( 'NONE', *, *, #5734, .F. ) ;
#4174 = UNCERTAINTY_MEASURE_WITH_UNIT (LENGTH_MEASURE( 1.000000000000000082E-05 ), #6795, 'distance_accuracy_value', 'NONE');
#4175 = PRESENTATION_LAYER_ASSIGNMENT (  '', '', ( #395 ) ) ;
#4176 = UNCERTAINTY_MEASURE_WITH_UNIT (LENGTH_MEASURE( 1.000000000000000082E-05 ), #1564, 'distance_accuracy_value', 'NONE');
#4177 = SURFACE_STYLE_USAGE ( .BOTH. , #319 ) ;
#4178 = AXIS2_PLACEMENT_3D ( 'NONE', #6625, #4471, #6113 ) ;
#4179 = CARTESIAN_POINT ( 'NONE',  ( 18.50000000000002487, -20.86940764386208258, 40.42368491557549959 ) ) ;
#4180 = VERTEX_POINT ( 'NONE', #2955 ) ;
#4181 =( NAMED_UNIT ( * ) SI_UNIT ( $, .STERADIAN. ) SOLID_ANGLE_UNIT ( ) );
#4182 = EDGE_CURVE ( 'NONE', #6741, #5839, #2463, .T. ) ;
#4183 = VECTOR ( 'NONE', #3200, 1000.000000000000114 ) ;
#4184 = CARTESIAN_POINT ( 'NONE',  ( 22.06684051949912728, 35.31860606563631677, -6.751230568205407678 ) ) ;
#4185 = SURFACE_STYLE_USAGE ( .BOTH. , #4839 ) ;
#4186 = COLOUR_RGB ( '',0.7529411764705882248, 0.7529411764705882248, 0.7529411764705882248 ) ;
#4187 = CARTESIAN_POINT ( 'NONE',  ( -25.47613350087035755, 37.84107712370793308, -5.351837895071842155 ) ) ;
#4188 = VECTOR ( 'NONE', #1653, 1000.000000000000114 ) ;
#4189 = CARTESIAN_POINT ( 'NONE',  ( -23.96937444769307390, 36.04851662863008954, -7.541457099230230554 ) ) ;
#4190 = MECHANICAL_DESIGN_GEOMETRIC_PRESENTATION_REPRESENTATION (  '', ( #2481 ), #6149 ) ;
#4191 = DIRECTION ( 'NONE',  ( 0.9999999999736893797, -6.816585209533907008E-06, 2.481034115609617051E-06 ) ) ;
#4192 = FACE_OUTER_BOUND ( 'NONE', #255, .T. ) ;
#4193 = CARTESIAN_POINT ( 'NONE',  ( -16.93563507171881710, -20.86940764386208258, 36.42368491557549959 ) ) ;
#4194 = CARTESIAN_POINT ( 'NONE',  ( 19.50000000000000000, 28.87968704595204983, -8.391286171320636811 ) ) ;
#4195 = CARTESIAN_POINT ( 'NONE',  ( 45.46238409367572331, 72.55320370405790698, -11.29121854892655641 ) ) ;
#4196 = ORIENTED_EDGE ( 'NONE', *, *, #3386, .T. ) ;
#4197 = ORIENTED_EDGE ( 'NONE', *, *, #2065, .T. ) ;
#4198 = SURFACE_STYLE_USAGE ( .BOTH. , #4131 ) ;
#4199 = CARTESIAN_POINT ( 'NONE',  ( -27.07124473297866629, 48.08496393809577540, -23.47598603448356158 ) ) ;
#4200 = ORIENTED_EDGE ( 'NONE', *, *, #3460, .F. ) ;
#4201 = ORIENTED_EDGE ( 'NONE', *, *, #2550, .F. ) ;
#4202 = COLOUR_RGB ( '',0.7529411764705882248, 0.7529411764705882248, 0.7529411764705882248 ) ;
#4203 = ADVANCED_FACE ( 'NONE', ( #1766 ), #2458, .T. ) ;
#4204 =( GEOMETRIC_REPRESENTATION_CONTEXT ( 3 ) GLOBAL_UNCERTAINTY_ASSIGNED_CONTEXT ( ( #4358 ) ) GLOBAL_UNIT_ASSIGNED_CONTEXT ( ( #4728, #1493, #4113 ) ) REPRESENTATION_CONTEXT ( 'NONE', 'WORKASPACE' ) );
#4205 = SURFACE_SIDE_STYLE ('',( #5250 ) ) ;
#4206 = PRESENTATION_LAYER_ASSIGNMENT (  '', '', ( #5233 ) ) ;
#4207 = MECHANICAL_DESIGN_GEOMETRIC_PRESENTATION_REPRESENTATION (  '', ( #6732 ), #5774 ) ;
#4208 = CIRCLE ( 'NONE', #4895, 1.650000000000000355 ) ;
#4209 = PRESENTATION_STYLE_ASSIGNMENT (( #4168 ) ) ;
#4210 =( NAMED_UNIT ( * ) PLANE_ANGLE_UNIT ( ) SI_UNIT ( $, .RADIAN. ) );
#4211 = AXIS2_PLACEMENT_3D ( 'NONE', #720, #2915, #5094 ) ;
#4212 = DIRECTION ( 'NONE',  ( 0.000000000000000000, -0.8660253820641238276, -0.5000000376206870101 ) ) ;
#4213 = CARTESIAN_POINT ( 'NONE',  ( -19.80557693283197906, 37.93367851985514250, -20.29256695059339677 ) ) ;
#4214 =( NAMED_UNIT ( * ) SI_UNIT ( $, .STERADIAN. ) SOLID_ANGLE_UNIT ( ) );
#4215 = AXIS2_PLACEMENT_3D ( 'NONE', #2480, #694, #6323 ) ;
#4216 = PLANE ( 'NONE',  #3954 ) ;
#4217 = ADVANCED_FACE ( 'NONE', ( #4687 ), #2089, .F. ) ;
#4218 = VECTOR ( 'NONE', #1379, 1000.000000000000000 ) ;
#4219 = CIRCLE ( 'NONE', #5937, 2.899999999999999911 ) ;
#4220 = FILL_AREA_STYLE_COLOUR ( '', #3773 ) ;
#4221 = EDGE_LOOP ( 'NONE', ( #4614, #1838, #4676, #1137 ) ) ;
#4222 = FACE_OUTER_BOUND ( 'NONE', #2506, .T. ) ;
#4223 =( GEOMETRIC_REPRESENTATION_CONTEXT ( 3 ) GLOBAL_UNCERTAINTY_ASSIGNED_CONTEXT ( ( #5896 ) ) GLOBAL_UNIT_ASSIGNED_CONTEXT ( ( #5995, #555, #4027 ) ) REPRESENTATION_CONTEXT ( 'NONE', 'WORKASPACE' ) );
#4224 = DIRECTION ( 'NONE',  ( -3.930489233341650506E-19, 0.8660269715269854895, 0.4999972845804242505 ) ) ;
#4225 =( LENGTH_UNIT ( ) NAMED_UNIT ( * ) SI_UNIT ( .MILLI., .METRE. ) );
#4226 = CARTESIAN_POINT ( 'NONE',  ( -43.95171662510400523, 40.86941189052817691, -3.603541629435603078 ) ) ;
#4227 = ADVANCED_FACE ( 'NONE', ( #3123 ), #4368, .T. ) ;
#4228 = LINE ( 'NONE', #1010, #3299 ) ;
#4229 = CARTESIAN_POINT ( 'NONE',  ( 18.71914097343708150, 31.04419075027970720, -7.637595737303866095 ) ) ;
#4230 = CARTESIAN_POINT ( 'NONE',  ( 18.50000000000003197, 27.72449387452086711, -0.6305239947414151835 ) ) ;
#4231 = CARTESIAN_POINT ( 'NONE',  ( 29.99195505375484316, 47.90259140861527243, -22.58718400445496144 ) ) ;
#4232 = CARTESIAN_POINT ( 'NONE',  ( 18.50000000000003197, 23.12822721580697660, -4.487249652860625382 ) ) ;
#4233 = ORIENTED_EDGE ( 'NONE', *, *, #5108, .T. ) ;
#4234 = VERTEX_POINT ( 'NONE', #4720 ) ;
#4235 = CARTESIAN_POINT ( 'NONE',  ( -19.50000000000000000, -7.217148812191790164, 37.42368491557549959 ) ) ;
#4236 =( NAMED_UNIT ( * ) SI_UNIT ( $, .STERADIAN. ) SOLID_ANGLE_UNIT ( ) );
#4237 = CARTESIAN_POINT ( 'NONE',  ( 26.04418238022094201, 47.78205399240324880, -24.23375352737773980 ) ) ;
#4238 = EDGE_CURVE ( 'NONE', #5493, #410, #1464, .T. ) ;
#4239 = VERTEX_POINT ( 'NONE', #1061 ) ;
#4240 = LINE ( 'NONE', #3121, #2468 ) ;
#4241 = CARTESIAN_POINT ( 'NONE',  ( -39.19359721239354855, 49.35745277715484747, -23.51309790852145198 ) ) ;
#4242 = CARTESIAN_POINT ( 'NONE',  ( -42.46890766207478407, 51.33529114288725026, -23.65531922314539059 ) ) ;
#4243 = SURFACE_STYLE_USAGE ( .BOTH. , #5287 ) ;
#4244 = CARTESIAN_POINT ( 'NONE',  ( -20.34461306310630846, 39.77459298395830700, -21.12280894185289881 ) ) ;
#4245 = CARTESIAN_POINT ( 'NONE',  ( -18.50000066017727818, 28.64586531369028322, -7.317849501103109056 ) ) ;
#4246 = UNCERTAINTY_MEASURE_WITH_UNIT (LENGTH_MEASURE( 1.000000000000000082E-05 ), #3033, 'distance_accuracy_value', 'NONE');
#4247 =( NAMED_UNIT ( * ) SI_UNIT ( $, .STERADIAN. ) SOLID_ANGLE_UNIT ( ) );
#4248 = CARTESIAN_POINT ( 'NONE',  ( -32.88188385766287780, 64.57416389465056739, -19.82668248252398513 ) ) ;
#4249 = VERTEX_POINT ( 'NONE', #2127 ) ;
#4250 = ORIENTED_EDGE ( 'NONE', *, *, #1334, .F. ) ;
#4251 = EDGE_CURVE ( 'NONE', #4883, #3962, #4530, .T. ) ;
#4252 = CARTESIAN_POINT ( 'NONE',  ( 18.74442497614722214, 31.14729227034836256, -7.638983964898041101 ) ) ;
#4253 = CARTESIAN_POINT ( 'NONE',  ( -47.89493413160970192, 51.32276421234273300, -3.818662919227463703 ) ) ;
#4254 = MECHANICAL_DESIGN_GEOMETRIC_PRESENTATION_REPRESENTATION (  '', ( #6786 ), #4876 ) ;
#4255 = CARTESIAN_POINT ( 'NONE',  ( 22.69498415033272565, 35.76985495119355818, -6.533495862289461442 ) ) ;
#4256 = DIRECTION ( 'NONE',  ( -1.000000000000000000, 1.387771243978109388E-17, -2.403707709339135383E-17 ) ) ;
#4257 = ORIENTED_EDGE ( 'NONE', *, *, #5323, .T. ) ;
#4258 = SURFACE_SIDE_STYLE ('',( #5304 ) ) ;
#4259 = CARTESIAN_POINT ( 'NONE',  ( 19.58116563941821298, 30.18857196425792466, -8.686923077950851280 ) ) ;
#4260 = FACE_OUTER_BOUND ( 'NONE', #5863, .T. ) ;
#4261 = CARTESIAN_POINT ( 'NONE',  ( 18.50000600539850026, 29.26057528978413202, -7.450460523119534884 ) ) ;
#4262 = LINE ( 'NONE', #3819, #91 ) ;
#4263 = CARTESIAN_POINT ( 'NONE',  ( 41.55553982964899973, 49.31614698957255882, -22.48055843133595744 ) ) ;
#4264 = CARTESIAN_POINT ( 'NONE',  ( 35.86598148916029061, 76.55880572033552767, -8.978607433976440788 ) ) ;
#4265 = SURFACE_STYLE_FILL_AREA ( #2661 ) ;
#4266 = SURFACE_STYLE_USAGE ( .BOTH. , #2078 ) ;
#4267 = ORIENTED_EDGE ( 'NONE', *, *, #20, .T. ) ;
#4268 = LINE ( 'NONE', #6470, #6856 ) ;
#4269 = CARTESIAN_POINT ( 'NONE',  ( -22.11754785169279103, 35.35562394143538256, -6.734655139992594464 ) ) ;
#4270 = CARTESIAN_POINT ( 'NONE',  ( -28.07232176011328306, 48.55908385235414215, -23.51175425187618018 ) ) ;
#4271 = EDGE_LOOP ( 'NONE', ( #2533, #3049, #1769, #277 ) ) ;
#4272 = ORIENTED_EDGE ( 'NONE', *, *, #3053, .F. ) ;
#4273 =( GEOMETRIC_REPRESENTATION_CONTEXT ( 3 ) GLOBAL_UNCERTAINTY_ASSIGNED_CONTEXT ( ( #5754 ) ) GLOBAL_UNIT_ASSIGNED_CONTEXT ( ( #2376, #6685, #3415 ) ) REPRESENTATION_CONTEXT ( 'NONE', 'WORKASPACE' ) );
#4274 = CARTESIAN_POINT ( 'NONE',  ( -33.41957898441840058, 49.79527708031204725, -24.48005005440661108 ) ) ;
#4275 = CARTESIAN_POINT ( 'NONE',  ( 45.66208898363036894, 53.80932288276805053, -22.11294258152105030 ) ) ;
#4276 =( GEOMETRIC_REPRESENTATION_CONTEXT ( 3 ) GLOBAL_UNCERTAINTY_ASSIGNED_CONTEXT ( ( #4616 ) ) GLOBAL_UNIT_ASSIGNED_CONTEXT ( ( #6017, #1062, #3238 ) ) REPRESENTATION_CONTEXT ( 'NONE', 'WORKASPACE' ) );
#4277 =( LENGTH_UNIT ( ) NAMED_UNIT ( * ) SI_UNIT ( .MILLI., .METRE. ) );
#4278 = EDGE_LOOP ( 'NONE', ( #4713, #1895, #4200, #759 ) ) ;
#4279 = SURFACE_STYLE_FILL_AREA ( #3652 ) ;
#4280 = CARTESIAN_POINT ( 'NONE',  ( -0.01493768657037499933, -45.21714881219698867, 40.42368491557549959 ) ) ;
#4281 = DIRECTION ( 'NONE',  ( 0.9999999999845603504, -2.778465797087435477E-06, 4.812443444854638792E-06 ) ) ;
#4282 = UNCERTAINTY_MEASURE_WITH_UNIT (LENGTH_MEASURE( 1.000000000000000082E-05 ), #157, 'distance_accuracy_value', 'NONE');
#4283 = CARTESIAN_POINT ( 'NONE',  ( -20.04833042343183891, 32.00421630133876505, -8.786641727027321380 ) ) ;
#4284 = FILL_AREA_STYLE ('',( #2095 ) ) ;
#4285 = CARTESIAN_POINT ( 'NONE',  ( 19.50124207923063935, 35.19031518679692994, -19.05531875822903487 ) ) ;
#4286 = CARTESIAN_POINT ( 'NONE',  ( -19.14198198472481494, 32.26276927374244252, -7.582441286509808087 ) ) ;
#4287 = ORIENTED_EDGE ( 'NONE', *, *, #3970, .F. ) ;
#4288 = VERTEX_POINT ( 'NONE', #3318 ) ;
#4289 = COLOUR_RGB ( '',0.7529411764705882248, 0.7529411764705882248, 0.7529411764705882248 ) ;
#4290 =( NAMED_UNIT ( * ) PLANE_ANGLE_UNIT ( ) SI_UNIT ( $, .RADIAN. ) );
#4291 = FACE_OUTER_BOUND ( 'NONE', #1882, .T. ) ;
#4292 = ADVANCED_FACE ( 'NONE', ( #5491 ), #5969, .F. ) ;
#4293 = B_SPLINE_CURVE_WITH_KNOTS ( 'NONE', 3,
 ( #7004, #4339, #470, #3185, #2071, #3781, #4872, #1500, #3696, #972, #4908, #5953, #394 ),
 .UNSPECIFIED., .F., .F.,
 ( 4, 1, 2, 2, 2, 2, 4 ),
 ( 0.000000000000000000, 0.2500000000000023315, 0.3750000000000029421, 0.5000000000000035527, 0.6250000000000041078, 0.7500000000000047740, 1.000000000000000000 ),
 .UNSPECIFIED. ) ;
#4294 = PRESENTATION_LAYER_ASSIGNMENT (  '', '', ( #3384 ) ) ;
#4295 = CARTESIAN_POINT ( 'NONE',  ( 22.08082361877490385, 35.32878869862700100, -6.746621287692370572 ) ) ;
#4296 = PLANE ( 'NONE',  #5336 ) ;
#4297 = AXIS2_PLACEMENT_3D ( 'NONE', #793, #5810, #907 ) ;
#4298 = PLANE ( 'NONE',  #1453 ) ;
#4299 = EDGE_CURVE ( 'NONE', #2679, #2846, #1927, .T. ) ;
#4300 = SURFACE_STYLE_FILL_AREA ( #5307 ) ;
#4301 = CARTESIAN_POINT ( 'NONE',  ( 19.50000000000000000, 15.10605689489778136, -9.445994082552108040 ) ) ;
#4302 = CARTESIAN_POINT ( 'NONE',  ( 42.84101984822933673, 50.10203852533437896, -22.42127803476688541 ) ) ;
#4303 = DIRECTION ( 'NONE',  ( -0.7071067811865524577, -0.7071067811865426878, 0.000000000000000000 ) ) ;
#4304 = EDGE_LOOP ( 'NONE', ( #4161, #3330 ) ) ;
#4305 =( GEOMETRIC_REPRESENTATION_CONTEXT ( 3 ) GLOBAL_UNCERTAINTY_ASSIGNED_CONTEXT ( ( #5935 ) ) GLOBAL_UNIT_ASSIGNED_CONTEXT ( ( #1833, #4028, #3960 ) ) REPRESENTATION_CONTEXT ( 'NONE', 'WORKASPACE' ) );
#4306 = ORIENTED_EDGE ( 'NONE', *, *, #5653, .F. ) ;
#4307 = CARTESIAN_POINT ( 'NONE',  ( -21.54897235278889411, 34.11149698531527008, -8.422143037199777638 ) ) ;
#4308 = ORIENTED_EDGE ( 'NONE', *, *, #418, .T. ) ;
#4309 = EDGE_LOOP ( 'NONE', ( #6234, #2414, #4850, #6802 ) ) ;
#4310 =( GEOMETRIC_REPRESENTATION_CONTEXT ( 3 ) GLOBAL_UNCERTAINTY_ASSIGNED_CONTEXT ( ( #6342 ) ) GLOBAL_UNIT_ASSIGNED_CONTEXT ( ( #5495, #5564, #1269 ) ) REPRESENTATION_CONTEXT ( 'NONE', 'WORKASPACE' ) );
#4311 = CARTESIAN_POINT ( 'NONE',  ( 20.89046774492037173, 42.34169430106470600, -22.70429778004466215 ) ) ;
#4312 = CARTESIAN_POINT ( 'NONE',  ( -41.98431174014270084, 53.28155428996658571, -25.54563510056230413 ) ) ;
#4313 = COLOUR_RGB ( '',0.7529411764705882248, 0.7529411764705882248, 0.7529411764705882248 ) ;
#4314 = CARTESIAN_POINT ( 'NONE',  ( -35.89545204964824165, 76.43403598338998961, -9.435542386711295748 ) ) ;
#4315 = CARTESIAN_POINT ( 'NONE',  ( -40.66579272683941326, 50.78043246655150256, -24.21310054764268926 ) ) ;
#4316 = STYLED_ITEM ( 'NONE', ( #1604 ), #2032 ) ;
#4317 = EDGE_LOOP ( 'NONE', ( #5526, #2562, #6835, #4933 ) ) ;
#4318 = DIRECTION ( 'NONE',  ( -4.141217998419101137E-17, 0.6427876096865349220, -0.7660444431189815662 ) ) ;
#4319 = CARTESIAN_POINT ( 'NONE',  ( -19.51460554648466683, 35.63817632981899663, -19.25730810314831487 ) ) ;
#4320 = EDGE_LOOP ( 'NONE', ( #2824, #1290, #2958, #3248 ) ) ;
#4321 = AXIS2_PLACEMENT_3D ( 'NONE', #4651, #1955, #357 ) ;
#4322 = ADVANCED_FACE ( 'NONE', ( #2703 ), #2167, .F. ) ;
#4323 = CARTESIAN_POINT ( 'NONE',  ( -16.33417740110404992, -20.86940764386208258, 15.68044433431246887 ) ) ;
#4324 = CIRCLE ( 'NONE', #6847, 3.900000000000000799 ) ;
#4325 =( GEOMETRIC_REPRESENTATION_CONTEXT ( 3 ) GLOBAL_UNCERTAINTY_ASSIGNED_CONTEXT ( ( #1845 ) ) GLOBAL_UNIT_ASSIGNED_CONTEXT ( ( #3532, #1867, #3051 ) ) REPRESENTATION_CONTEXT ( 'NONE', 'WORKASPACE' ) );
#4326 = CARTESIAN_POINT ( 'NONE',  ( 20.66754983052707928, 40.53471001840407695, -21.46563429893797803 ) ) ;
#4327 = CARTESIAN_POINT ( 'NONE',  ( -18.50962671485314104, 29.59213056936751585, -7.511727101241485016 ) ) ;
#4328 = ORIENTED_EDGE ( 'NONE', *, *, #6278, .F. ) ;
#4329 = VERTEX_POINT ( 'NONE', #3830 ) ;
#4330 = STYLED_ITEM ( 'NONE', ( #4910 ), #2726 ) ;
#4331 = EDGE_CURVE ( 'NONE', #3133, #6195, #5998, .T. ) ;
#4332 = DIRECTION ( 'NONE',  ( 0.7071067811865435759, 0.5416752204197068377, 0.4545194776720438146 ) ) ;
#4333 = VECTOR ( 'NONE', #3551, 1000.000000000000000 ) ;
#4334 =( GEOMETRIC_REPRESENTATION_CONTEXT ( 3 ) GLOBAL_UNCERTAINTY_ASSIGNED_CONTEXT ( ( #4757 ) ) GLOBAL_UNIT_ASSIGNED_CONTEXT ( ( #5133, #4601, #5169 ) ) REPRESENTATION_CONTEXT ( 'NONE', 'WORKASPACE' ) );
#4335 = DIRECTION ( 'NONE',  ( -1.000000000000000000, 0.000000000000000000, 0.000000000000000000 ) ) ;
#4336 = VERTEX_POINT ( 'NONE', #4625 ) ;
#4337 = COLOUR_RGB ( '',0.7529411764705882248, 0.7529411764705882248, 0.7529411764705882248 ) ;
#4338 = PRESENTATION_LAYER_ASSIGNMENT (  '', '', ( #233 ) ) ;
#4339 = CARTESIAN_POINT ( 'NONE',  ( -24.66655689861607215, 46.11054889928666967, -23.66085529761045336 ) ) ;
#4340 = DIRECTION ( 'NONE',  ( 0.000000000000000000, -0.8660269715269843793, -0.4999972845804263044 ) ) ;
#4341 = FILL_AREA_STYLE ('',( #5547 ) ) ;
#4342 = CIRCLE ( 'NONE', #348, 1.649999999999998579 ) ;
#4343 = CARTESIAN_POINT ( 'NONE',  ( 40.04545784563256206, 50.73479531107743412, -24.48005300025998210 ) ) ;
#4344 = EDGE_CURVE ( 'NONE', #1125, #4114, #3236, .T. ) ;
#4345 = VERTEX_POINT ( 'NONE', #6238 ) ;
#4346 = DIRECTION ( 'NONE',  ( 1.832802226021140129E-19, -0.5000000376206866770, 0.8660253820641238276 ) ) ;
#4347 = EDGE_CURVE ( 'NONE', #4249, #2993, #1700, .T. ) ;
#4348 = LINE ( 'NONE', #3859, #1650 ) ;
#4349 = CARTESIAN_POINT ( 'NONE',  ( -36.96738544250978720, 50.79666425682820119, -25.42906008777727322 ) ) ;
#4350 = DIRECTION ( 'NONE',  ( 2.105800480545475076E-33, -0.8660269715269856006, -0.4999972845804243615 ) ) ;
#4351 = CARTESIAN_POINT ( 'NONE',  ( -41.23258038778739376, 50.94186497831989158, -24.05990707108366777 ) ) ;
#4352 = CARTESIAN_POINT ( 'NONE',  ( 32.88479490607029732, 52.87300994797190867, 0.4404574202298769392 ) ) ;
#4353 = ORIENTED_EDGE ( 'NONE', *, *, #5100, .F. ) ;
#4354 = ORIENTED_EDGE ( 'NONE', *, *, #3817, .F. ) ;
#4355 = CARTESIAN_POINT ( 'NONE',  ( 29.56586140756881420, 39.09955356336146082, -4.624903002070173130 ) ) ;
#4356 = DIRECTION ( 'NONE',  ( -1.000000000000000000, 0.000000000000000000, 0.000000000000000000 ) ) ;
#4357 = ORIENTED_EDGE ( 'NONE', *, *, #4919, .F. ) ;
#4358 = UNCERTAINTY_MEASURE_WITH_UNIT (LENGTH_MEASURE( 1.000000000000000082E-05 ), #4728, 'distance_accuracy_value', 'NONE');
#4359 = CARTESIAN_POINT ( 'NONE',  ( -20.14359862153861513, 32.22476220875426378, -8.773675845218399161 ) ) ;
#4360 = EDGE_CURVE ( 'NONE', #544, #4883, #5804, .T. ) ;
#4361 = CARTESIAN_POINT ( 'NONE',  ( 19.52199936971600280, 35.78487937317725454, -19.32346971031524419 ) ) ;
#4362 = ORIENTED_EDGE ( 'NONE', *, *, #4760, .T. ) ;
#4363 =( NAMED_UNIT ( * ) SI_UNIT ( $, .STERADIAN. ) SOLID_ANGLE_UNIT ( ) );
#4364 = CARTESIAN_POINT ( 'NONE',  ( -15.11493768657039993, -20.86940764386208258, 12.52368491557550101 ) ) ;
#4365 = CARTESIAN_POINT ( 'NONE',  ( -40.50007565895970174, 60.99693006006246065, -12.18970580034629414 ) ) ;
#4366 = EDGE_CURVE ( 'NONE', #2993, #1623, #822, .T. ) ;
#4367 = CARTESIAN_POINT ( 'NONE',  ( -47.79536777497833810, 49.82667311224009410, -4.682497958156909945 ) ) ;
#4369 = ORIENTED_EDGE ( 'NONE', *, *, #2472, .T. ) ;
#4368 = B_SPLINE_SURFACE_WITH_KNOTS ( 'NONE', 1, 3, ( 
 ( #5319, #925, #6370, #5862, #1486, #4750, #5785, #6945, #409, #313, #2602, #4790, #1553, #352, #6982, #2056, #6443, #1515 ),
 ( #1029, #3714, #990, #2531, #5360, #1948, #453, #4824, #3755, #4170, #7020, #3202, #2495, #1443, #4135, #6338, #5253, #1407 ) ),
 .UNSPECIFIED., .F., .F., .F.,
 ( 2, 2 ),
 ( 4, 2, 2, 2, 2, 2, 2, 2, 4 ),
 ( 0.000000000000000000, 1.000000000000000000 ),
 ( 4.712388977416070546, 4.908732969502972665, 5.105076961589874784, 5.301420953676776904, 5.497764945763678135, 5.694108937850579366, 5.890452929937481485, 6.086796922024383605, 6.283140914111285724 ),
 .UNSPECIFIED. ) ;
#4370 = PRESENTATION_STYLE_ASSIGNMENT (( #4968 ) ) ;
#4371 = DIRECTION ( 'NONE',  ( 0.000000000000000000, 0.000000000000000000, -1.000000000000000000 ) ) ;
#4372 = LINE ( 'NONE', #3783, #903 ) ;
#4373 = LINE ( 'NONE', #1081, #2145 ) ;
#4374 = PLANE ( 'NONE',  #6734 ) ;
#4375 = ORIENTED_EDGE ( 'NONE', *, *, #2765, .F. ) ;
#4376 = CARTESIAN_POINT ( 'NONE',  ( 21.32947081683272117, 42.13520658610929814, -22.32869356871535516 ) ) ;
#4377 = EDGE_LOOP ( 'NONE', ( #5686, #5856, #1401, #1758 ) ) ;
#4378 = VERTEX_POINT ( 'NONE', #3556 ) ;
#4379 = CARTESIAN_POINT ( 'NONE',  ( -23.74987476404730558, 36.09910053391886464, -7.127353196690012105 ) ) ;
#4380 = EDGE_CURVE ( 'NONE', #3703, #3931, #143, .T. ) ;
#4381 = CARTESIAN_POINT ( 'NONE',  ( -20.63923017282477446, 47.90303539048907311, -22.58714485850911657 ) ) ;
#4382 = CARTESIAN_POINT ( 'NONE',  ( 47.86651428099029459, 59.86601784664485848, -18.61612578353971514 ) ) ;
#4383 = SURFACE_STYLE_FILL_AREA ( #2739 ) ;
#4384 = PRESENTATION_STYLE_ASSIGNMENT (( #2671 ) ) ;
#4385 = ORIENTED_EDGE ( 'NONE', *, *, #78, .F. ) ;
#4386 = ORIENTED_EDGE ( 'NONE', *, *, #5569, .T. ) ;
#4387 = CARTESIAN_POINT ( 'NONE',  ( 25.83491123394824385, 38.06484249465699321, -5.222317655944070935 ) ) ;
#4388 = CARTESIAN_POINT ( 'NONE',  ( -19.68913075378438648, 30.83907054681471394, -8.766951239022340303 ) ) ;
#4389 = EDGE_CURVE ( 'NONE', #2163, #4697, #265, .T. ) ;
#4390 = ADVANCED_FACE ( 'NONE', ( #5620 ), #6705, .T. ) ;
#4391 = CARTESIAN_POINT ( 'NONE',  ( -18.70987702552547916, 31.00655125356026076, -7.637194823761408458 ) ) ;
#4392 = CARTESIAN_POINT ( 'NONE',  ( 19.87578250923374412, 38.24956440534843694, -20.43502454922685629 ) ) ;
#4393 = CARTESIAN_POINT ( 'NONE',  ( -19.40476739992288557, 32.76359633840955610, -7.516074835306283397 ) ) ;
#4394 = ORIENTED_EDGE ( 'NONE', *, *, #4835, .F. ) ;
#4395 = ORIENTED_EDGE ( 'NONE', *, *, #6710, .T. ) ;
#4396 = CONICAL_SURFACE ( 'NONE', #3947, 1.650000000000000355, 0.7853981633974513876 ) ;
#4397 = DIRECTION ( 'NONE',  ( 1.000000000000000000, 0.000000000000000000, 0.000000000000000000 ) ) ;
#4398 = LINE ( 'NONE', #6596, #189 ) ;
#4399 = CARTESIAN_POINT ( 'NONE',  ( -26.14878360057040751, 38.22387370574296028, -5.130834501568735107 ) ) ;
#4400 = CARTESIAN_POINT ( 'NONE',  ( -25.10164562212824890, 47.81431010683415650, -24.48004384309729886 ) ) ;
#4401 = EDGE_LOOP ( 'NONE', ( #4852, #6227, #59, #4722 ) ) ;
#4402 =( NAMED_UNIT ( * ) PLANE_ANGLE_UNIT ( ) SI_UNIT ( $, .RADIAN. ) );
#4403 = FILL_AREA_STYLE_COLOUR ( '', #5120 ) ;
#4404 = ADVANCED_FACE ( 'NONE', ( #5651 ), #3983, .T. ) ;
#4405 = AXIS2_PLACEMENT_3D ( 'NONE', #994, #4893, #3804 ) ;
#4406 = VECTOR ( 'NONE', #2266, 1000.000000000000114 ) ;
#4407 = CARTESIAN_POINT ( 'NONE',  ( 24.50088125172842979, 46.91137697472277068, -24.34850960978765499 ) ) ;
#4408 = CARTESIAN_POINT ( 'NONE',  ( 37.46121446842428071, 50.94035758681793169, -24.92401927023889030 ) ) ;
#4409 = CARTESIAN_POINT ( 'NONE',  ( 43.00629373378435361, 51.52364084136648614, -23.44012621736398216 ) ) ;
#4410 = CARTESIAN_POINT ( 'NONE',  ( 45.42751319896618156, 56.53959602374926163, -25.69847978187340587 ) ) ;
#4411 = CARTESIAN_POINT ( 'NONE',  ( -19.56774536645688300, 30.10763405205592846, -8.677021798377484885 ) ) ;
#4412 = DIRECTION ( 'NONE',  ( 0.5920362775794566490, -0.7573089147717231295, 0.2756379031213511133 ) ) ;
#4413 = EDGE_LOOP ( 'NONE', ( #4395, #1872, #1751, #647 ) ) ;
#4414 = CARTESIAN_POINT ( 'NONE',  ( -47.85166979607279814, 48.09954888108371307, 0.5707497927067917143 ) ) ;
#4415 = VECTOR ( 'NONE', #2561, 1000.000000000000114 ) ;
#4416 = DIRECTION ( 'NONE',  ( 0.000000000000000000, -1.000000000000000000, 0.000000000000000000 ) ) ;
#4417 = CARTESIAN_POINT ( 'NONE',  ( -46.91078213324457380, 50.80600854012475054, -4.117009785313364922 ) ) ;
#4418 = STYLED_ITEM ( 'NONE', ( #7019 ), #5876 ) ;
#4419 =( NAMED_UNIT ( * ) PLANE_ANGLE_UNIT ( ) SI_UNIT ( $, .RADIAN. ) );
#4420 = ORIENTED_EDGE ( 'NONE', *, *, #3799, .F. ) ;
#4421 = ORIENTED_EDGE ( 'NONE', *, *, #3181, .T. ) ;
#4422 = ORIENTED_EDGE ( 'NONE', *, *, #5734, .T. ) ;
#4423 = CARTESIAN_POINT ( 'NONE',  ( -19.50890082256318792, 35.49243793668004088, -19.19158256329360057 ) ) ;
#4424 = SURFACE_SIDE_STYLE ('',( #1798 ) ) ;
#4425 = COLOUR_RGB ( '',0.7529411764705882248, 0.7529411764705882248, 0.7529411764705882248 ) ;
#4426 = CARTESIAN_POINT ( 'NONE',  ( 23.96912600382698955, 36.04819882926248198, -7.541341429719933487 ) ) ;
#4427 = CARTESIAN_POINT ( 'NONE',  ( 20.27886682511069694, 32.50463685350593579, -8.749470872846679015 ) ) ;
#4428 = AXIS2_PLACEMENT_3D ( 'NONE', #1640, #2368, #1117 ) ;
#4429 = B_SPLINE_CURVE_WITH_KNOTS ( 'NONE', 3,
 ( #5138, #1368, #248, #4607, #5708, #6333 ),
 .UNSPECIFIED., .F., .F.,
 ( 4, 2, 4 ),
 ( 0.000000000000000000, 0.5000000000000000000, 1.000000000000000000 ),
 .UNSPECIFIED. ) ;
#4430 = CARTESIAN_POINT ( 'NONE',  ( 19.56198275268976161, 36.33558292306366866, -19.57181804076782328 ) ) ;
#4431 =( GEOMETRIC_REPRESENTATION_CONTEXT ( 3 ) GLOBAL_UNCERTAINTY_ASSIGNED_CONTEXT ( ( #6310 ) ) GLOBAL_UNIT_ASSIGNED_CONTEXT ( ( #4031, #1836, #2808 ) ) REPRESENTATION_CONTEXT ( 'NONE', 'WORKASPACE' ) );
#4432 = EDGE_CURVE ( 'NONE', #3319, #4329, #4436, .T. ) ;
#4433 = CARTESIAN_POINT ( 'NONE',  ( -18.58282702447304757, 30.33236800114047682, -7.601923666933534385 ) ) ;
#4434 = ORIENTED_EDGE ( 'NONE', *, *, #4618, .T. ) ;
#4435 = COLOUR_RGB ( '',0.7529411764705882248, 0.7529411764705882248, 0.7529411764705882248 ) ;
#4436 = B_SPLINE_CURVE_WITH_KNOTS ( 'NONE', 3,
 ( #935, #1419, #4805, #2473 ),
 .UNSPECIFIED., .F., .F.,
 ( 4, 4 ),
 ( 0.000000000000000000, 1.000000000000000000 ),
 .UNSPECIFIED. ) ;
#4437 = FACE_OUTER_BOUND ( 'NONE', #201, .T. ) ;
#4438 = FILL_AREA_STYLE_COLOUR ( '', #5441 ) ;
#4439 = CONICAL_SURFACE ( 'NONE', #1127, 1.650000000000000355, 0.7853981633974547183 ) ;
#4440 = CARTESIAN_POINT ( 'NONE',  ( -44.27123406001622641, 43.84067820365316237, -8.138513727108538376 ) ) ;
#4441 = ORIENTED_EDGE ( 'NONE', *, *, #6698, .T. ) ;
#4442 = MECHANICAL_DESIGN_GEOMETRIC_PRESENTATION_REPRESENTATION (  '', ( #6168 ), #6283 ) ;
#4443 = LINE ( 'NONE', #1716, #5017 ) ;
#4444 = PRESENTATION_LAYER_ASSIGNMENT (  '', '', ( #5242 ) ) ;
#4445 = PLANE ( 'NONE',  #6284 ) ;
#4446 = CARTESIAN_POINT ( 'NONE',  ( 47.55026409177761337, 57.41684984842027717, -20.03014421256938604 ) ) ;
#4447 = CARTESIAN_POINT ( 'NONE',  ( -11.01493768657040029, -14.71714881219270055, 14.02368491557550634 ) ) ;
#4448 = CARTESIAN_POINT ( 'NONE',  ( 38.58761289765703850, 51.17917120948632004, -25.44700237635541029 ) ) ;
#4449 = FACE_OUTER_BOUND ( 'NONE', #2292, .T. ) ;
#4450 = COLOUR_RGB ( '',0.7529411764705882248, 0.7529411764705882248, 0.7529411764705882248 ) ;
#4451 = ADVANCED_FACE ( 'NONE', ( #4222 ), #1925, .F. ) ;
#4452 =( GEOMETRIC_REPRESENTATION_CONTEXT ( 3 ) GLOBAL_UNCERTAINTY_ASSIGNED_CONTEXT ( ( #3169 ) ) GLOBAL_UNIT_ASSIGNED_CONTEXT ( ( #2926, #5042, #2892 ) ) REPRESENTATION_CONTEXT ( 'NONE', 'WORKASPACE' ) );
#4453 = ORIENTED_EDGE ( 'NONE', *, *, #5569, .F. ) ;
#4454 = CARTESIAN_POINT ( 'NONE',  ( -20.17743455356652049, 41.32641515671084420, -22.33476639202859459 ) ) ;
#4455 = ORIENTED_EDGE ( 'NONE', *, *, #861, .F. ) ;
#4456 = SURFACE_STYLE_FILL_AREA ( #2274 ) ;
#4457 = STYLED_ITEM ( 'NONE', ( #494 ), #4542 ) ;
#4458 =( GEOMETRIC_REPRESENTATION_CONTEXT ( 3 ) GLOBAL_UNCERTAINTY_ASSIGNED_CONTEXT ( ( #2608 ) ) GLOBAL_UNIT_ASSIGNED_CONTEXT ( ( #7018, #4143, #28 ) ) REPRESENTATION_CONTEXT ( 'NONE', 'WORKASPACE' ) );
#4459 = CARTESIAN_POINT ( 'NONE',  ( -44.57582007226215381, 46.92787779602291209, -0.1057100363509984459 ) ) ;
#4460 = CARTESIAN_POINT ( 'NONE',  ( -45.02911397661814163, 50.80600857161351769, -4.117009767133849252 ) ) ;
#4461 = CARTESIAN_POINT ( 'NONE',  ( 19.50000000000000000, 27.72449387452086711, -0.6305239947414151835 ) ) ;
#4462 =( NAMED_UNIT ( * ) PLANE_ANGLE_UNIT ( ) SI_UNIT ( $, .RADIAN. ) );
#4463 = ADVANCED_FACE ( 'NONE', ( #3620 ), #426, .F. ) ;
#4464 = FACE_OUTER_BOUND ( 'NONE', #2680, .T. ) ;
#4465 = VERTEX_POINT ( 'NONE', #4253 ) ;
#4466 = VERTEX_POINT ( 'NONE', #4117 ) ;
#4467 = FACE_OUTER_BOUND ( 'NONE', #6107, .T. ) ;
#4468 =( LENGTH_UNIT ( ) NAMED_UNIT ( * ) SI_UNIT ( .MILLI., .METRE. ) );
#4469 = VERTEX_POINT ( 'NONE', #1529 ) ;
#4470 = STYLED_ITEM ( 'NONE', ( #4513 ), #3857 ) ;
#4471 = DIRECTION ( 'NONE',  ( -1.942357673505765240E-19, 0.4999972845804246946, -0.8660269715269853785 ) ) ;
#4472 = AXIS2_PLACEMENT_3D ( 'NONE', #5412, #2073, #4770 ) ;
#4473 = LINE ( 'NONE', #2954, #1820 ) ;
#4474 = CYLINDRICAL_SURFACE ( 'NONE', #1685, 2.899999999999999911 ) ;
#4475 = CARTESIAN_POINT ( 'NONE',  ( 20.62240354115545315, 40.43762751264662114, -21.42184774829010863 ) ) ;
#4476 = CARTESIAN_POINT ( 'NONE',  ( 27.47869381730010119, 48.30834034982934355, -23.49284786680851056 ) ) ;
#4477 = VERTEX_POINT ( 'NONE', #5903 ) ;
#4478 = ORIENTED_EDGE ( 'NONE', *, *, #125, .T. ) ;
#4479 =( NAMED_UNIT ( * ) SI_UNIT ( $, .STERADIAN. ) SOLID_ANGLE_UNIT ( ) );
#4480 = EDGE_CURVE ( 'NONE', #1173, #4796, #6890, .T. ) ;
#4481 = EDGE_CURVE ( 'NONE', #6363, #6598, #232, .T. ) ;
#4482 = CARTESIAN_POINT ( 'NONE',  ( -47.89493413160970192, 49.86607490808049192, -1.295584763543871087 ) ) ;
#4483 = ORIENTED_EDGE ( 'NONE', *, *, #3873, .T. ) ;
#4484 = CARTESIAN_POINT ( 'NONE',  ( 38.71752364177049799, 75.88833911430073442, -10.52039971840214427 ) ) ;
#4485 = CARTESIAN_POINT ( 'NONE',  ( -35.86651428099028749, 49.47967668173140510, -24.16457584724809848 ) ) ;
#4486 = CARTESIAN_POINT ( 'NONE',  ( -40.50007565895970174, 45.41047477604134741, -7.232191254224838772 ) ) ;
#4487 = CARTESIAN_POINT ( 'NONE',  ( 46.86654718536281905, 59.80026571561236182, -19.80878596726404339 ) ) ;
#4488 = CARTESIAN_POINT ( 'NONE',  ( 41.30839559429439589, 50.96441786824156850, -24.03792639953499943 ) ) ;
#4489 = EDGE_CURVE ( 'NONE', #4345, #130, #3177, .T. ) ;
#4490 = FILL_AREA_STYLE_COLOUR ( '', #5596 ) ;
#4491 = DIRECTION ( 'NONE',  ( 1.932777453709147494E-16, 1.000000000000000000, -0.000000000000000000 ) ) ;
#4492 = DIRECTION ( 'NONE',  ( 1.832814720787925681E-19, -0.5000000376206866770, 0.8660253820641238276 ) ) ;
#4493 = ORIENTED_EDGE ( 'NONE', *, *, #6170, .F. ) ;
#4494 = CARTESIAN_POINT ( 'NONE',  ( 86.50000000000004263, 38.22368957199154949, -5.130515572587896145 ) ) ;
#4495 = CARTESIAN_POINT ( 'NONE',  ( -25.50000000000000355, 18.02632336280772662, 10.40742728425719044 ) ) ;
#4496 = CARTESIAN_POINT ( 'NONE',  ( -19.50000000000000000, -20.86940764386208258, 39.42368491557552090 ) ) ;
#4497 = DIRECTION ( 'NONE',  ( -4.336808689942019662E-19, 0.9961946980917455452, 0.08715574274765795770 ) ) ;
#4498 = EDGE_LOOP ( 'NONE', ( #5817, #4441, #4742, #6616, #2741, #919, #5709, #6051 ) ) ;
#4499 = ORIENTED_EDGE ( 'NONE', *, *, #4571, .T. ) ;
#4500 = CARTESIAN_POINT ( 'NONE',  ( -19.50000000000000000, 21.89044569159072395, -14.19647426014205216 ) ) ;
#4501 = EDGE_LOOP ( 'NONE', ( #2461, #344, #2881, #5980 ) ) ;
#4502 = CARTESIAN_POINT ( 'NONE',  ( -21.00751543548825850, 33.57420174968486748, -8.567954011343184462 ) ) ;
#4503 = ADVANCED_FACE ( 'NONE', ( #4437 ), #5376, .T. ) ;
#4504 = LINE ( 'NONE', #3459, #6757 ) ;
#4505 = DIRECTION ( 'NONE',  ( -1.832814548622658198E-19, 0.4999999996865508445, -0.8660254039654086133 ) ) ;
#4506 = CARTESIAN_POINT ( 'NONE',  ( -19.50000000000000000, 25.33035287124116763, -7.208372340242751086 ) ) ;
#4507 = CARTESIAN_POINT ( 'NONE',  ( 27.81378686264491407, 48.46286774415696641, -23.50449935166045279 ) ) ;
#4508 = ORIENTED_EDGE ( 'NONE', *, *, #4885, .T. ) ;
#4509 = EDGE_LOOP ( 'NONE', ( #4857, #4434, #3114, #6696 ) ) ;
#4510 = PRESENTATION_LAYER_ASSIGNMENT (  '', '', ( #497 ) ) ;
#4511 = SURFACE_STYLE_USAGE ( .BOTH. , #2820 ) ;
#4512 = CARTESIAN_POINT ( 'NONE',  ( -41.55503971156115739, 50.46678115634965422, -23.46833870804215394 ) ) ;
#4513 = PRESENTATION_STYLE_ASSIGNMENT (( #1671 ) ) ;
#4514 = ORIENTED_EDGE ( 'NONE', *, *, #5894, .T. ) ;
#4515 = CARTESIAN_POINT ( 'NONE',  ( 45.75385976732625437, 70.88758778049916032, -13.40756394072893620 ) ) ;
#4516 = EDGE_CURVE ( 'NONE', #4777, #568, #3878, .T. ) ;
#4517 = CARTESIAN_POINT ( 'NONE',  ( 37.60618721273645093, 49.58348391633059293, -24.55271016040850895 ) ) ;
#4518 = CARTESIAN_POINT ( 'NONE',  ( 41.87692031021175865, 51.14041105122718278, -23.86147112004892890 ) ) ;
#4519 = CYLINDRICAL_SURFACE ( 'NONE', #3077, 1.650000000000000355 ) ;
#4520 = LINE ( 'NONE', #4666, #904 ) ;
#4521 = AXIS2_PLACEMENT_3D ( 'NONE', #4110, #3613, #6882 ) ;
#4522 = LINE ( 'NONE', #85, #1139 ) ;
#4523 = EDGE_CURVE ( 'NONE', #202, #2807, #1423, .T. ) ;
#4524 = CARTESIAN_POINT ( 'NONE',  ( -40.45810458982276003, 51.70932999893744153, -24.48005605590725153 ) ) ;
#4525 = LINE ( 'NONE', #1162, #4998 ) ;
#4526 = AXIS2_PLACEMENT_3D ( 'NONE', #6405, #5144, #5861 ) ;
#4527 = CARTESIAN_POINT ( 'NONE',  ( -47.89493413160970192, 57.62042049633313212, -0.1827356967037153945 ) ) ;
#4528 = DIRECTION ( 'NONE',  ( -3.930489233341645210E-19, 0.8660269715269843793, 0.4999972845804261934 ) ) ;
#4529 = LINE ( 'NONE', #5522, #1126 ) ;
#4530 = B_SPLINE_CURVE_WITH_KNOTS ( 'NONE', 3,
 ( #1090, #1132, #2204, #5460 ),
 .UNSPECIFIED., .F., .F.,
 ( 4, 4 ),
 ( 0.000000000000000000, 1.000000000000000000 ),
 .UNSPECIFIED. ) ;
#4531 = VERTEX_POINT ( 'NONE', #467 ) ;
#4532 = ORIENTED_EDGE ( 'NONE', *, *, #493, .T. ) ;
#4533 = DIRECTION ( 'NONE',  ( -1.832814548622650013E-19, 0.4999999996865492347, -0.8660254039654095015 ) ) ;
#4534 = ORIENTED_EDGE ( 'NONE', *, *, #4608, .T. ) ;
#4535 = AXIS2_PLACEMENT_3D ( 'NONE', #6736, #4012, #5681 ) ;
#4536 = CARTESIAN_POINT ( 'NONE',  ( -21.02841240355759922, 33.59803572265234806, -8.562296615579723991 ) ) ;
#4537 = CARTESIAN_POINT ( 'NONE',  ( 22.41671248530030169, 63.20552028284455304, -16.68807711433701613 ) ) ;
#4538 =( GEOMETRIC_REPRESENTATION_CONTEXT ( 3 ) GLOBAL_UNCERTAINTY_ASSIGNED_CONTEXT ( ( #1305 ) ) GLOBAL_UNIT_ASSIGNED_CONTEXT ( ( #1250, #111, #6675 ) ) REPRESENTATION_CONTEXT ( 'NONE', 'WORKASPACE' ) );
#4539 = DIRECTION ( 'NONE',  ( -1.932777453709147494E-16, -1.000000000000000000, 0.000000000000000000 ) ) ;
#4540 = CARTESIAN_POINT ( 'NONE',  ( 25.14479114084447176, 37.58983255463452622, -5.496569200829449109 ) ) ;
#4541 = ORIENTED_EDGE ( 'NONE', *, *, #5780, .F. ) ;
#4542 = ADVANCED_FACE ( 'NONE', ( #4291 ), #5405, .F. ) ;
#4543 = ORIENTED_EDGE ( 'NONE', *, *, #6514, .T. ) ;
#4544 =( NAMED_UNIT ( * ) SI_UNIT ( $, .STERADIAN. ) SOLID_ANGLE_UNIT ( ) );
#4545 = STYLED_ITEM ( 'NONE', ( #33 ), #1839 ) ;
#4546 = CARTESIAN_POINT ( 'NONE',  ( -32.88196547340965736, 62.71736191723603326, 9.010444302888656054 ) ) ;
#4547 = PRESENTATION_LAYER_ASSIGNMENT (  '', '', ( #3286 ) ) ;
#4548 =( LENGTH_UNIT ( ) NAMED_UNIT ( * ) SI_UNIT ( .MILLI., .METRE. ) );
#4549 = CARTESIAN_POINT ( 'NONE',  ( 20.93780104584077861, 41.10260514265821286, -21.72175359922390214 ) ) ;
#4550 = CARTESIAN_POINT ( 'NONE',  ( -39.89493413032781177, 39.82544329237974523, -4.205989712751269316 ) ) ;
#4551 = ADVANCED_FACE ( 'NONE', ( #1633 ), #3842, .T. ) ;
#4552 = EDGE_LOOP ( 'NONE', ( #1969, #5059, #6404, #998 ) ) ;
#4553 = VECTOR ( 'NONE', #1225, 1000.000000000000000 ) ;
#4554 = CARTESIAN_POINT ( 'NONE',  ( -11.01493768657040029, -14.71714881219270055, 40.42368491557549959 ) ) ;
#4555 = VECTOR ( 'NONE', #6762, 1000.000000000000114 ) ;
#4556 = SURFACE_STYLE_FILL_AREA ( #5078 ) ;
#4557 = VECTOR ( 'NONE', #47, 1000.000000000000000 ) ;
#4558 = AXIS2_PLACEMENT_3D ( 'NONE', #1576, #582, #2761 ) ;
#4559 = FACE_OUTER_BOUND ( 'NONE', #2818, .T. ) ;
#4560 = DIRECTION ( 'NONE',  ( -1.000000000000000000, 0.000000000000000000, 0.000000000000000000 ) ) ;
#4561 = CARTESIAN_POINT ( 'NONE',  ( -47.89493413160970192, 51.32276421234294617, -3.818662919227822972 ) ) ;
#4562 = CARTESIAN_POINT ( 'NONE',  ( -20.14409532659285418, 32.22585251321144284, -8.773601720006691806 ) ) ;
#4563 = STYLED_ITEM ( 'NONE', ( #5707 ), #7027 ) ;
#4564 = CARTESIAN_POINT ( 'NONE',  ( 23.31061583902723200, 36.19995054512880017, -6.299029722099321660 ) ) ;
#4565 = ORIENTED_EDGE ( 'NONE', *, *, #2959, .T. ) ;
#4566 = CIRCLE ( 'NONE', #4215, 1.649999999999998579 ) ;
#4567 = CARTESIAN_POINT ( 'NONE',  ( 18.49991455903700910, 36.09384460158305785, -20.43026646126427082 ) ) ;
#4568 = CARTESIAN_POINT ( 'NONE',  ( -39.40926745949978027, 50.47803919219801827, -24.48005219520280917 ) ) ;
#4569 = ADVANCED_FACE ( 'NONE', ( #3467 ), #5006, .F. ) ;
#4570 = AXIS2_PLACEMENT_3D ( 'NONE', #1831, #3564, #5737 ) ;
#4571 = EDGE_CURVE ( 'NONE', #1585, #6617, #1028, .T. ) ;
#4572 = ORIENTED_EDGE ( 'NONE', *, *, #6345, .F. ) ;
#4573 = SURFACE_STYLE_FILL_AREA ( #3489 ) ;
#4574 = CARTESIAN_POINT ( 'NONE',  ( 20.89046318958917681, 34.43922584535435760, -7.099606304089565612 ) ) ;
#4575 = CARTESIAN_POINT ( 'NONE',  ( -33.24485421791325024, 54.18099719321583763, -28.86581537866902991 ) ) ;
#4576 = EDGE_LOOP ( 'NONE', ( #4038, #3353, #1164, #4287 ) ) ;
#4577 = FILL_AREA_STYLE ('',( #165 ) ) ;
#4578 = DIRECTION ( 'NONE',  ( -6.442591512363824568E-17, 1.000000000000000000, 0.000000000000000000 ) ) ;
#4579 = FILL_AREA_STYLE ('',( #4611 ) ) ;
#4580 = FILL_AREA_STYLE ('',( #726 ) ) ;
#4581 = CARTESIAN_POINT ( 'NONE',  ( 27.98566056808941838, 48.53022119015361113, -23.50957481654301162 ) ) ;
#4582 = FILL_AREA_STYLE_COLOUR ( '', #4769 ) ;
#4583 = EDGE_LOOP ( 'NONE', ( #946, #3263, #2906, #2270 ) ) ;
#4584 = ORIENTED_EDGE ( 'NONE', *, *, #3694, .F. ) ;
#4585 = PRESENTATION_STYLE_ASSIGNMENT (( #5071 ) ) ;
#4586 =( LENGTH_UNIT ( ) NAMED_UNIT ( * ) SI_UNIT ( .MILLI., .METRE. ) );
#4587 = ADVANCED_FACE ( 'NONE', ( #106 ), #2889, .F. ) ;
#4588 = CARTESIAN_POINT ( 'NONE',  ( 37.06977983822077505, 49.79508994395480670, -24.48005005381980936 ) ) ;
#4589 = FACE_OUTER_BOUND ( 'NONE', #2381, .T. ) ;
#4590 = CARTESIAN_POINT ( 'NONE',  ( -39.89493413032781177, 39.82544329237974523, -4.205989712751269316 ) ) ;
#4591 = CARTESIAN_POINT ( 'NONE',  ( 46.86651428099032302, 66.66647964411824034, -15.84460421256882867 ) ) ;
#4592 = CARTESIAN_POINT ( 'NONE',  ( 25.15645700515593219, 46.43835970223866383, -23.45991773762514754 ) ) ;
#4593 = EDGE_CURVE ( 'NONE', #3436, #5471, #5200, .T. ) ;
#4594 = SURFACE_SIDE_STYLE ('',( #3476 ) ) ;
#4595 = CARTESIAN_POINT ( 'NONE',  ( 39.40928696330612269, 50.47804436047828602, -24.48005263035212309 ) ) ;
#4596 = CARTESIAN_POINT ( 'NONE',  ( -25.80330130665942434, 37.43822056668341958, -6.739122924274178139 ) ) ;
#4597 = CARTESIAN_POINT ( 'NONE',  ( -20.30280117122873662, 32.54800321455211076, -8.744484503070429682 ) ) ;
#4598 = LINE ( 'NONE', #4089, #4761 ) ;
#4599 = CARTESIAN_POINT ( 'NONE',  ( -38.77592479000545467, 75.94155268074723608, -10.48967707395703641 ) ) ;
#4600 = DIRECTION ( 'NONE',  ( -1.816216710871860617E-16, -0.9396926207859068736, 0.3420201433256725987 ) ) ;
#4601 =( NAMED_UNIT ( * ) PLANE_ANGLE_UNIT ( ) SI_UNIT ( $, .RADIAN. ) );
#4602 = CARTESIAN_POINT ( 'NONE',  ( -9.364937686570399933, -14.71714881219270055, 14.02368491557550634 ) ) ;
#4603 = CARTESIAN_POINT ( 'NONE',  ( 19.50000000000000000, -2.813415470905680227, 26.42879621682485691 ) ) ;
#4604 = ORIENTED_EDGE ( 'NONE', *, *, #105, .F. ) ;
#4605 = ORIENTED_EDGE ( 'NONE', *, *, #1288, .T. ) ;
#4606 = CARTESIAN_POINT ( 'NONE',  ( -29.75440252253872586, 49.79514891015949019, -24.48005005400469614 ) ) ;
#4607 = CARTESIAN_POINT ( 'NONE',  ( -42.47132659357985318, 46.88603643052740466, -6.380275336513506090 ) ) ;
#4608 = EDGE_CURVE ( 'NONE', #544, #2163, #2963, .T. ) ;
#4609 = CARTESIAN_POINT ( 'NONE',  ( 15.08506231342959936, -10.71714881219669380, 16.02368491557549746 ) ) ;
#4610 = CARTESIAN_POINT ( 'NONE',  ( 28.31686764870534034, 38.61066129979774786, -6.061873882432365690 ) ) ;
#4611 = FILL_AREA_STYLE_COLOUR ( '', #3524 ) ;
#4612 = CARTESIAN_POINT ( 'NONE',  ( 37.43680192061589906, 76.49187199207682397, -9.017250327237874785 ) ) ;
#4613 = CARTESIAN_POINT ( 'NONE',  ( 19.49999999999999289, -20.86940764386208258, 28.22368491557550030 ) ) ;
#4614 = ORIENTED_EDGE ( 'NONE', *, *, #4155, .T. ) ;
#4615 = ORIENTED_EDGE ( 'NONE', *, *, #2464, .F. ) ;
#4616 = UNCERTAINTY_MEASURE_WITH_UNIT (LENGTH_MEASURE( 1.000000000000000082E-05 ), #6017, 'distance_accuracy_value', 'NONE');
#4617 = CARTESIAN_POINT ( 'NONE',  ( -11.01493768657040029, -14.71714881219270055, 16.22368491557550030 ) ) ;
#4618 = EDGE_CURVE ( 'NONE', #6598, #569, #3368, .T. ) ;
#4619 =( LENGTH_UNIT ( ) NAMED_UNIT ( * ) SI_UNIT ( .MILLI., .METRE. ) );
#4620 = CARTESIAN_POINT ( 'NONE',  ( -22.49842161505969784, 63.83406457225790120, -17.47988797543362338 ) ) ;
#4621 = CARTESIAN_POINT ( 'NONE',  ( 1.763880872002788314, 19.87249304170160258, -15.72582996097079189 ) ) ;
#4622 = CARTESIAN_POINT ( 'NONE',  ( -23.15722450891538031, 35.43311270243821554, -7.896808625016650929 ) ) ;
#4623 = ORIENTED_EDGE ( 'NONE', *, *, #1629, .F. ) ;
#4624 = FACE_OUTER_BOUND ( 'NONE', #5419, .T. ) ;
#4625 = CARTESIAN_POINT ( 'NONE',  ( -20.89046774492037528, 42.34169430106467757, -22.70429778004465149 ) ) ;
#4626 = CARTESIAN_POINT ( 'NONE',  ( -0.01420992450536619905, -4.217148812191790164, 37.42368491557549959 ) ) ;
#4627 =( NAMED_UNIT ( * ) SI_UNIT ( $, .STERADIAN. ) SOLID_ANGLE_UNIT ( ) );
#4628 = PRESENTATION_STYLE_ASSIGNMENT (( #6241 ) ) ;
#4629 = CARTESIAN_POINT ( 'NONE',  ( -20.74913755091056800, 33.25523874895191767, -8.637120343113950938 ) ) ;
#4630 = ADVANCED_FACE ( 'NONE', ( #1875 ), #1176, .F. ) ;
#4631 = DIRECTION ( 'NONE',  ( -1.000000000000000000, -0.000000000000000000, 0.000000000000000000 ) ) ;
#4632 = CARTESIAN_POINT ( 'NONE',  ( -37.33577121160244161, 76.19004589508742242, -10.34621048862923409 ) ) ;
#4633 = CARTESIAN_POINT ( 'NONE',  ( 19.50000000000000000, 25.33035287124117474, -7.208372340242737764 ) ) ;
#4634 = CARTESIAN_POINT ( 'NONE',  ( 20.21568387979812798, 33.83758107404647575, -7.285122789434795187 ) ) ;
#4635 = CARTESIAN_POINT ( 'NONE',  ( 35.86598148916029061, 76.55880526296095923, -8.978606641780656261 ) ) ;
#4636 = DIRECTION ( 'NONE',  ( -4.141217998419101137E-17, 0.6427876096865349220, -0.7660444431189816772 ) ) ;
#4637 =( GEOMETRIC_REPRESENTATION_CONTEXT ( 3 ) GLOBAL_UNCERTAINTY_ASSIGNED_CONTEXT ( ( #1951 ) ) GLOBAL_UNIT_ASSIGNED_CONTEXT ( ( #5538, #6735, #4479 ) ) REPRESENTATION_CONTEXT ( 'NONE', 'WORKASPACE' ) );
#4638 = VERTEX_POINT ( 'NONE', #6312 ) ;
#4639 = EDGE_LOOP ( 'NONE', ( #4483, #979, #2196, #1795 ) ) ;
#4640 = CARTESIAN_POINT ( 'NONE',  ( -23.17546445761002971, 36.10698554483025902, -6.353001372216605880 ) ) ;
#4641 = CARTESIAN_POINT ( 'NONE',  ( 7.835062313429586034, -14.71714881219270055, 12.52368491557550101 ) ) ;
#4642 = CARTESIAN_POINT ( 'NONE',  ( 19.49999999999999289, -21.82704313407679564, 36.42368491557549959 ) ) ;
#4643 = CARTESIAN_POINT ( 'NONE',  ( -41.93866998995854090, 75.24422974214785143, -9.737563886584101880 ) ) ;
#4644 = B_SPLINE_CURVE_WITH_KNOTS ( 'NONE', 1,
 ( #5443, #6645 ),
 .UNSPECIFIED., .F., .F.,
 ( 2, 2 ),
 ( 0.000000000000000000, 1.000000000000000000 ),
 .UNSPECIFIED. ) ;
#4645 = AXIS2_PLACEMENT_3D ( 'NONE', #2121, #5965, #1057 ) ;
#4646 = CARTESIAN_POINT ( 'NONE',  ( 18.49999901265290703, 29.09062307249025991, -7.413786302928205174 ) ) ;
#4647 = DIRECTION ( 'NONE',  ( 0.7071067811865431318, 0.2418447626479805768, 0.6644630243886774368 ) ) ;
#4648 = CARTESIAN_POINT ( 'NONE',  ( -21.35389921089468501, 41.75697904503288527, -22.01687198753268149 ) ) ;
#4649 = ORIENTED_EDGE ( 'NONE', *, *, #6495, .T. ) ;
#4650 = SURFACE_SIDE_STYLE ('',( #1412 ) ) ;
#4651 = CARTESIAN_POINT ( 'NONE',  ( 19.49999999999999289, -21.99419480485619616, 34.76836416677966923 ) ) ;
#4652 = CARTESIAN_POINT ( 'NONE',  ( 0.001574491156474698995, 71.46663070959834840, -6.145065082161961456 ) ) ;
#4653 = DIRECTION ( 'NONE',  ( -0.7071067811865500152, -4.555600146807371309E-17, 0.7071067811865450192 ) ) ;
#4654 = VECTOR ( 'NONE', #3047, 1000.000000000000114 ) ;
#4655 =( NAMED_UNIT ( * ) SI_UNIT ( $, .STERADIAN. ) SOLID_ANGLE_UNIT ( ) );
#4656 = PRODUCT_DEFINITION ( 'Êú', '', #6053, #4070 ) ;
#4657 = EDGE_CURVE ( 'NONE', #3421, #1834, #3098, .T. ) ;
#4658 = CARTESIAN_POINT ( 'NONE',  ( 10.98506231342959971, -14.71714881219270055, 38.92368491557547827 ) ) ;
#4659 = COLOUR_RGB ( '',0.7529411764705882248, 0.7529411764705882248, 0.7529411764705882248 ) ;
#4660 =( GEOMETRIC_REPRESENTATION_CONTEXT ( 3 ) GLOBAL_UNCERTAINTY_ASSIGNED_CONTEXT ( ( #2133 ) ) GLOBAL_UNIT_ASSIGNED_CONTEXT ( ( #2470, #1817, #4655 ) ) REPRESENTATION_CONTEXT ( 'NONE', 'WORKASPACE' ) );
#4661 =( BOUNDED_CURVE ( )  B_SPLINE_CURVE ( 3, ( #5922, #3743, #4882, #440 ),
 .UNSPECIFIED., .F., .T. ) 
 B_SPLINE_CURVE_WITH_KNOTS ( ( 4, 4 ),
 ( 5.940309833778879778, 6.283185307179586232 ),
 .UNSPECIFIED. ) 
 CURVE ( )  GEOMETRIC_REPRESENTATION_ITEM ( )  RATIONAL_B_SPLINE_CURVE ( ( 1.000000000000000000, 0.9902270057843930440, 0.9902270057843930440, 1.000000000000000000 ) ) 
 REPRESENTATION_ITEM ( '' )  );
#4662 = MECHANICAL_DESIGN_GEOMETRIC_PRESENTATION_REPRESENTATION (  '', ( #2715 ), #1220 ) ;
#4663 = CARTESIAN_POINT ( 'NONE',  ( 46.71674594092466748, 58.55670107015433956, -20.52675315116469079 ) ) ;
#4664 = CARTESIAN_POINT ( 'NONE',  ( -21.20333251976105871, 33.79429394458254166, -8.514891438366005261 ) ) ;
#4665 = AXIS2_PLACEMENT_3D ( 'NONE', #2956, #5149, #6308 ) ;
#4666 = CARTESIAN_POINT ( 'NONE',  ( 18.50000000000002487, -4.217148812196688468, 40.42368491557549959 ) ) ;
#4667 = STYLED_ITEM ( 'NONE', ( #2154 ), #2351 ) ;
#4668 = DIRECTION ( 'NONE',  ( -1.832802226030400722E-19, 0.4999972845804243060, -0.8660269715269854895 ) ) ;
#4669 = CARTESIAN_POINT ( 'NONE',  ( -44.64167442106167982, 72.47401775972849691, -12.49164479747980927 ) ) ;
#4670 =( GEOMETRIC_REPRESENTATION_CONTEXT ( 3 ) GLOBAL_UNCERTAINTY_ASSIGNED_CONTEXT ( ( #4723 ) ) GLOBAL_UNIT_ASSIGNED_CONTEXT ( ( #403, #3641, #6401 ) ) REPRESENTATION_CONTEXT ( 'NONE', 'WORKASPACE' ) );
#4671 = CARTESIAN_POINT ( 'NONE',  ( 28.78991811397495937, 49.73802273585486233, -24.48004987488594963 ) ) ;
#4672 = ADVANCED_FACE ( 'NONE', ( #1375 ), #2568, .F. ) ;
#4673 = CARTESIAN_POINT ( 'NONE',  ( 19.92154108032897852, 31.66725295646101301, -8.795708608661232830 ) ) ;
#4674 = DIRECTION ( 'NONE',  ( -1.000000000000000000, 0.000000000000000000, 0.000000000000000000 ) ) ;
#4675 = ORIENTED_EDGE ( 'NONE', *, *, #4789, .T. ) ;
#4676 = ORIENTED_EDGE ( 'NONE', *, *, #2716, .F. ) ;
#4677 = CARTESIAN_POINT ( 'NONE',  ( -22.71072795173619241, 35.78113421197669908, -6.527963682229907860 ) ) ;
#4678 = CARTESIAN_POINT ( 'NONE',  ( 18.50000000000002842, 27.77977508795618533, -7.035711345801466621 ) ) ;
#4679 = DIRECTION ( 'NONE',  ( 1.826074505813009505E-05, 0.4999972843512429099, -0.8660269714667826468 ) ) ;
#4680 =( GEOMETRIC_REPRESENTATION_CONTEXT ( 3 ) GLOBAL_UNCERTAINTY_ASSIGNED_CONTEXT ( ( #3576 ) ) GLOBAL_UNIT_ASSIGNED_CONTEXT ( ( #982, #6402, #1972 ) ) REPRESENTATION_CONTEXT ( 'NONE', 'WORKASPACE' ) );
#4681 = CARTESIAN_POINT ( 'NONE',  ( -19.50000000000000000, -5.217148812191773288, 37.42368491557549959 ) ) ;
#4682 = VECTOR ( 'NONE', #3971, 1000.000000000000000 ) ;
#4683 = VECTOR ( 'NONE', #4076, 1000.000000000000000 ) ;
#4684 = CARTESIAN_POINT ( 'NONE',  ( -36.60083229299837626, 47.90228584120382749, -22.58720139734817778 ) ) ;
#4685 = ADVANCED_FACE ( 'NONE', ( #4141, #1449 ), #4216, .T. ) ;
#4686 = DIRECTION ( 'NONE',  ( 2.168404344971011333E-16, 1.000000000000000000, 0.000000000000000000 ) ) ;
#4687 = FACE_OUTER_BOUND ( 'NONE', #307, .T. ) ;
#4688 = CARTESIAN_POINT ( 'NONE',  ( -19.53557764710564371, 36.00098377590521892, -19.42093365735188115 ) ) ;
#4689 = DIRECTION ( 'NONE',  ( 0.000000000000000000, 0.000000000000000000, -1.000000000000000000 ) ) ;
#4690 = ORIENTED_EDGE ( 'NONE', *, *, #6610, .T. ) ;
#4691 = MECHANICAL_DESIGN_GEOMETRIC_PRESENTATION_REPRESENTATION (  '', ( #6063 ), #1704 ) ;
#4692 = UNCERTAINTY_MEASURE_WITH_UNIT (LENGTH_MEASURE( 1.000000000000000082E-05 ), #526, 'distance_accuracy_value', 'NONE');
#4693 = UNCERTAINTY_MEASURE_WITH_UNIT (LENGTH_MEASURE( 1.000000000000000082E-05 ), #6889, 'distance_accuracy_value', 'NONE');
#4694 = DIRECTION ( 'NONE',  ( 2.706087425401230462E-16, 0.4999972845804243060, -0.8660269715269856006 ) ) ;
#4695 =( GEOMETRIC_REPRESENTATION_CONTEXT ( 3 ) GLOBAL_UNCERTAINTY_ASSIGNED_CONTEXT ( ( #1520 ) ) GLOBAL_UNIT_ASSIGNED_CONTEXT ( ( #5581, #3370, #138 ) ) REPRESENTATION_CONTEXT ( 'NONE', 'WORKASPACE' ) );
#4696 = CARTESIAN_POINT ( 'NONE',  ( 19.58465885600406153, 40.16001744246754868, -21.91023234272789821 ) ) ;
#4697 = VERTEX_POINT ( 'NONE', #3547 ) ;
#4698 = DIRECTION ( 'NONE',  ( 0.000000000000000000, 0.9396926207859068736, -0.3420201433256725432 ) ) ;
#4699 = CARTESIAN_POINT ( 'NONE',  ( 19.90456832846331636, 31.62008379065729002, -8.796521551057585597 ) ) ;
#4700 = DIRECTION ( 'NONE',  ( 0.000000000000000000, -0.9999999999950842655, 3.135493601468791510E-06 ) ) ;
#4701 = EDGE_CURVE ( 'NONE', #1940, #6042, #4748, .T. ) ;
#4702 = FILL_AREA_STYLE_COLOUR ( '', #4435 ) ;
#4703 = DIRECTION ( 'NONE',  ( 0.000000000000000000, 0.000000000000000000, 1.000000000000000000 ) ) ;
#4704 = LINE ( 'NONE', #6244, #299 ) ;
#4705 = EDGE_CURVE ( 'NONE', #6697, #5600, #962, .T. ) ;
#4706 = CARTESIAN_POINT ( 'NONE',  ( 40.38042175629986730, 51.59642621115258265, -24.48005570189815217 ) ) ;
#4707 = MANIFOLD_SOLID_BREP ( 'µπΩ«13', #331 ) ;
#4708 = CARTESIAN_POINT ( 'NONE',  ( 27.27060857215331779, 49.29877845320239516, -24.48004849763830748 ) ) ;
#4709 = LINE ( 'NONE', #4157, #1141 ) ;
#4710 = CARTESIAN_POINT ( 'NONE',  ( 47.86651428099029459, 74.82690927874760689, -9.978513634157769374 ) ) ;
#4711 = CARTESIAN_POINT ( 'NONE',  ( 19.64404919456804421, 30.59519229232789428, -8.741003755725275326 ) ) ;
#4712 = CARTESIAN_POINT ( 'NONE',  ( 41.90963393485109378, 75.24730795279145923, -9.735786692375599571 ) ) ;
#4713 = ORIENTED_EDGE ( 'NONE', *, *, #1030, .T. ) ;
#4714 = ORIENTED_EDGE ( 'NONE', *, *, #616, .F. ) ;
#4715 = DIRECTION ( 'NONE',  ( 1.000000000000000000, 0.000000000000000000, 0.000000000000000000 ) ) ;
#4716 = CARTESIAN_POINT ( 'NONE',  ( -19.50000000000000000, 28.87971169206766930, -8.391328859954214181 ) ) ;
#4717 = CARTESIAN_POINT ( 'NONE',  ( -43.26973915742337340, 74.47394598975259328, -10.18228409955013092 ) ) ;
#4718 = DIRECTION ( 'NONE',  ( 0.9999999990144823325, 3.844843018221183510E-05, 2.219805077616666080E-05 ) ) ;
#4719 = FILL_AREA_STYLE ('',( #3649 ) ) ;
#4720 = CARTESIAN_POINT ( 'NONE',  ( -19.50000000000000000, -7.217148812191790164, 39.42368491557551380 ) ) ;
#4721 = CARTESIAN_POINT ( 'NONE',  ( -19.99424020475327524, 38.70871591435872716, -20.64211594066226141 ) ) ;
#4722 = ORIENTED_EDGE ( 'NONE', *, *, #4347, .F. ) ;
#4723 = UNCERTAINTY_MEASURE_WITH_UNIT (LENGTH_MEASURE( 1.000000000000000082E-05 ), #403, 'distance_accuracy_value', 'NONE');
#4724 = ORIENTED_EDGE ( 'NONE', *, *, #6010, .T. ) ;
#4725 = EDGE_CURVE ( 'NONE', #820, #1031, #5459, .T. ) ;
#4726 = CARTESIAN_POINT ( 'NONE',  ( 10.98506231342959971, -14.71714881219270055, 38.92368491557547827 ) ) ;
#4727 = DIRECTION ( 'NONE',  ( 0.7071067811865483499, -0.000000000000000000, 0.7071067811865467956 ) ) ;
#4728 =( LENGTH_UNIT ( ) NAMED_UNIT ( * ) SI_UNIT ( .MILLI., .METRE. ) );
#4729 = ORIENTED_EDGE ( 'NONE', *, *, #6075, .F. ) ;
#4730 =( NAMED_UNIT ( * ) PLANE_ANGLE_UNIT ( ) SI_UNIT ( $, .RADIAN. ) );
#4731 = CARTESIAN_POINT ( 'NONE',  ( 21.99728439594660756, 35.26788124865510099, -6.774033306760915529 ) ) ;
#4732 = FACE_OUTER_BOUND ( 'NONE', #6870, .T. ) ;
#4733 = EDGE_CURVE ( 'NONE', #915, #2630, #347, .T. ) ;
#4734 = PRESENTATION_STYLE_ASSIGNMENT (( #1386 ) ) ;
#4735 = CARTESIAN_POINT ( 'NONE',  ( -47.86651428099029459, 14.63710142793286195, 59.72322904585261938 ) ) ;
#4736 = DIRECTION ( 'NONE',  ( -1.000000000000000000, -4.320305823558454577E-19, -3.779777825263946829E-20 ) ) ;
#4737 = DIRECTION ( 'NONE',  ( 0.000000000000000000, 0.000000000000000000, 1.000000000000000000 ) ) ;
#4738 = DIRECTION ( 'NONE',  ( 0.7071067811865484609, -0.7071067811865465735, 0.000000000000000000 ) ) ;
#4739 = CARTESIAN_POINT ( 'NONE',  ( 21.37052286671015366, 33.95829484269810195, -8.469099321607870934 ) ) ;
#4740 = CARTESIAN_POINT ( 'NONE',  ( 19.49999999999999645, -7.217148812191790164, 39.42368491557552801 ) ) ;
#4741 = ORIENTED_EDGE ( 'NONE', *, *, #4962, .T. ) ;
#4742 = ORIENTED_EDGE ( 'NONE', *, *, #1547, .F. ) ;
#4743 = CARTESIAN_POINT ( 'NONE',  ( -18.50000000000002842, 9.394940070466009985, 11.87944464072754691 ) ) ;
#4744 = CARTESIAN_POINT ( 'NONE',  ( -29.75440252253873297, 48.84873222487523492, -23.53362743373490318 ) ) ;
#4745 = ORIENTED_EDGE ( 'NONE', *, *, #4119, .F. ) ;
#4746 = EDGE_CURVE ( 'NONE', #1506, #4987, #5938, .T. ) ;
#4747 = CARTESIAN_POINT ( 'NONE',  ( 28.75509673952459977, -20.86940764386208258, 36.42368491557549959 ) ) ;
#4748 = CIRCLE ( 'NONE', #5772, 1.650000000000000355 ) ;
#4749 = CARTESIAN_POINT ( 'NONE',  ( -19.50000000000000000, -5.217148812191773288, 30.28552187494406667 ) ) ;
#4750 = CARTESIAN_POINT ( 'NONE',  ( -41.21309128199406757, 75.50453746386531861, -9.587284398153938625 ) ) ;
#4751 =( LENGTH_UNIT ( ) NAMED_UNIT ( * ) SI_UNIT ( .MILLI., .METRE. ) );
#4752 = CARTESIAN_POINT ( 'NONE',  ( -19.63858665668816883, 36.98407644001605377, -19.86430774391207876 ) ) ;
#4753 = EDGE_LOOP ( 'NONE', ( #4016, #3609, #6752, #4778, #4308, #6683, #356, #6475, #1939, #6508, #952 ) ) ;
#4754 = UNCERTAINTY_MEASURE_WITH_UNIT (LENGTH_MEASURE( 1.000000000000000082E-05 ), #358, 'distance_accuracy_value', 'NONE');
#4755 = CIRCLE ( 'NONE', #2115, 12.81044449107000638 ) ;
#4756 = AXIS2_PLACEMENT_3D ( 'NONE', #2868, #5047, #6707 ) ;
#4757 = UNCERTAINTY_MEASURE_WITH_UNIT (LENGTH_MEASURE( 1.000000000000000082E-05 ), #5133, 'distance_accuracy_value', 'NONE');
#4758 = DIRECTION ( 'NONE',  ( 0.9908129796008101620, 0.1171207891658587325, 0.06761922951151554118 ) ) ;
#4759 = CARTESIAN_POINT ( 'NONE',  ( -18.50000000000003553, 27.78003411819415547, -7.035805625097862226 ) ) ;
#4760 = EDGE_CURVE ( 'NONE', #4180, #1173, #5207, .T. ) ;
#4761 = VECTOR ( 'NONE', #4668, 1000.000000000000114 ) ;
#4762 = SURFACE_SIDE_STYLE ('',( #895 ) ) ;
#4763 = ORIENTED_EDGE ( 'NONE', *, *, #4993, .F. ) ;
#4764 =( GEOMETRIC_REPRESENTATION_CONTEXT ( 3 ) GLOBAL_UNCERTAINTY_ASSIGNED_CONTEXT ( ( #1626 ) ) GLOBAL_UNIT_ASSIGNED_CONTEXT ( ( #174, #2890, #5579 ) ) REPRESENTATION_CONTEXT ( 'NONE', 'WORKASPACE' ) );
#4765 = MECHANICAL_DESIGN_GEOMETRIC_PRESENTATION_REPRESENTATION (  '', ( #4418 ), #6141 ) ;
#4766 = EDGE_CURVE ( 'NONE', #1231, #130, #1184, .T. ) ;
#4767 = FACE_OUTER_BOUND ( 'NONE', #598, .T. ) ;
#4768 = CARTESIAN_POINT ( 'NONE',  ( -41.00523323421508337, 39.16974433751042284, -4.584838042987152029 ) ) ;
#4769 = COLOUR_RGB ( '',0.7529411764705882248, 0.7529411764705882248, 0.7529411764705882248 ) ;
#4770 = DIRECTION ( 'NONE',  ( 0.9999999990144823325, 3.844843018221184188E-05, 2.219805077616666418E-05 ) ) ;
#4771 = B_SPLINE_CURVE_WITH_KNOTS ( 'NONE', 3,
 ( #4744, #4780, #2756, #4940, #3154, #1545, #5349, #2260, #6975, #4270, #6473, #2222, #5923, #6940, #1675, #4199, #3887, #6061, #3337, #6403, #1479, #950, #1212 ),
 .UNSPECIFIED., .F., .F.,
 ( 4, 2, 2, 2, 2, 2, 2, 2, 1, 2, 2, 4 ),
 ( 0.000000000000000000, 0.1249999999999978906, 0.1874999999999968359, 0.2499999999999957812, 0.3749999999999936717, 0.4374999999999937272, 0.4999999999999937828, 0.6249999999999918954, 0.6874999999999907851, 0.7187499999999912292, 0.7499999999999915623, 1.000000000000000000 ),
 .UNSPECIFIED. ) ;
#4772 = LINE ( 'NONE', #4301, #1336 ) ;
#4773 = CARTESIAN_POINT ( 'NONE',  ( 36.47824968078703733, 49.79511893197671668, -24.48005005391068778 ) ) ;
#4774 = CARTESIAN_POINT ( 'NONE',  ( 20.68227221777939207, 34.27954936534538888, -7.154276455590318662 ) ) ;
#4775 = CONICAL_SURFACE ( 'NONE', #2024, 7.000000000000004441, 0.7853981633974530530 ) ;
#4776 = DIRECTION ( 'NONE',  ( -5.556931175673090719E-06, -0.4999999998924654077, 0.8660254038286955280 ) ) ;
#4777 = VERTEX_POINT ( 'NONE', #4003 ) ;
#4778 = ORIENTED_EDGE ( 'NONE', *, *, #3404, .F. ) ;
#4779 = DIRECTION ( 'NONE',  ( 1.000000000000000000, 0.000000000000000000, 0.000000000000000000 ) ) ;
#4780 = CARTESIAN_POINT ( 'NONE',  ( -29.57534102329300296, 48.84873749298566281, -23.53363655836887247 ) ) ;
#4781 = VERTEX_POINT ( 'NONE', #62 ) ;
#4782 = VECTOR ( 'NONE', #3929, 1000.000000000000000 ) ;
#4783 = VECTOR ( 'NONE', #2118, 1000.000000000000000 ) ;
#4784 = DIRECTION ( 'NONE',  ( -1.856851103990935349E-05, 0.8660269713776868050, 0.4999972844942277006 ) ) ;
#4785 = ADVANCED_FACE ( 'NONE', ( #131 ), #6030, .T. ) ;
#4786 = MECHANICAL_DESIGN_GEOMETRIC_PRESENTATION_REPRESENTATION (  '', ( #770 ), #5465 ) ;
#4787 = CARTESIAN_POINT ( 'NONE',  ( -28.52570839127462676, 49.79551690286680810, -24.48005005515864951 ) ) ;
#4788 = VECTOR ( 'NONE', #118, 1000.000000000000000 ) ;
#4789 = EDGE_CURVE ( 'NONE', #24, #355, #860, .T. ) ;
#4790 = CARTESIAN_POINT ( 'NONE',  ( -46.30900355266818025, 71.37170516114815655, -11.97336040237425081 ) ) ;
#4791 = ORIENTED_EDGE ( 'NONE', *, *, #2320, .F. ) ;
#4792 = AXIS2_PLACEMENT_3D ( 'NONE', #3642, #5963, #4715 ) ;
#4793 = CARTESIAN_POINT ( 'NONE',  ( -19.52416502074903448, 35.82635092906623697, -19.34217317051371765 ) ) ;
#4794 = PRESENTATION_STYLE_ASSIGNMENT (( #5934 ) ) ;
#4795 = CIRCLE ( 'NONE', #552, 1.650000000000000355 ) ;
#4796 = VERTEX_POINT ( 'NONE', #6083 ) ;
#4797 =( GEOMETRIC_REPRESENTATION_CONTEXT ( 3 ) GLOBAL_UNCERTAINTY_ASSIGNED_CONTEXT ( ( #2535 ) ) GLOBAL_UNIT_ASSIGNED_CONTEXT ( ( #1046, #1467, #6500 ) ) REPRESENTATION_CONTEXT ( 'NONE', 'WORKASPACE' ) );
#4798 = AXIS2_PLACEMENT_3D ( 'NONE', #2932, #4018, #6205 ) ;
#4799 = COLOUR_RGB ( '',0.7529411764705882248, 0.7529411764705882248, 0.7529411764705882248 ) ;
#4800 =( NAMED_UNIT ( * ) PLANE_ANGLE_UNIT ( ) SI_UNIT ( $, .RADIAN. ) );
#4801 = PRESENTATION_STYLE_ASSIGNMENT (( #421 ) ) ;
#4802 = ORIENTED_EDGE ( 'NONE', *, *, #6820, .T. ) ;
#4803 = CARTESIAN_POINT ( 'NONE',  ( 18.50000000000002487, 1.782851187808210280, 30.28552187494406667 ) ) ;
#4804 = CARTESIAN_POINT ( 'NONE',  ( 18.81190856352227314, 31.39034363555450469, -7.637301607106798507 ) ) ;
#4805 = CARTESIAN_POINT ( 'NONE',  ( -24.55675579231887085, 47.13083978083868431, -24.44740418225294576 ) ) ;
#4806 = CARTESIAN_POINT ( 'NONE',  ( 22.04590064860038723, 35.30335029204219666, -6.758120833545340211 ) ) ;
#4807 = CARTESIAN_POINT ( 'NONE',  ( 36.31768148111029149, 40.93459045105350924, -3.565400637598980182 ) ) ;
#4808 = VECTOR ( 'NONE', #969, 999.9999999999998863 ) ;
#4809 = DIRECTION ( 'NONE',  ( 0.9999999944821756914, -9.155771427085269406E-06, 0.0001046509462837127475 ) ) ;
#4810 = ADVANCED_FACE ( 'NONE', ( #5035 ), #1762, .T. ) ;
#4811 = SURFACE_SIDE_STYLE ('',( #4300 ) ) ;
#4812 = CARTESIAN_POINT ( 'NONE',  ( 27.65330073694476809, 48.40971993710382293, -23.50050851422664522 ) ) ;
#4813 = CARTESIAN_POINT ( 'NONE',  ( 48.62138611016939649, 55.11363407749593790, -22.04324956868553187 ) ) ;
#4814 = FILL_AREA_STYLE ('',( #977 ) ) ;
#4815 = ORIENTED_EDGE ( 'NONE', *, *, #2388, .T. ) ;
#4816 = CARTESIAN_POINT ( 'NONE',  ( -40.50007565895970174, 41.73647034171526826, -9.353378701613850765 ) ) ;
#4817 = CARTESIAN_POINT ( 'NONE',  ( -22.33095665784957617, 35.51004036071213221, -6.662604162502645977 ) ) ;
#4818 = PRESENTATION_STYLE_ASSIGNMENT (( #6510 ) ) ;
#4819 = EDGE_LOOP ( 'NONE', ( #74, #3791, #6878, #1622 ) ) ;
#4820 = ORIENTED_EDGE ( 'NONE', *, *, #4024, .T. ) ;
#4821 = CARTESIAN_POINT ( 'NONE',  ( -25.83020948037623299, 48.84921937510532786, -23.53360503188101660 ) ) ;
#4822 = SURFACE_STYLE_FILL_AREA ( #2701 ) ;
#4823 = CARTESIAN_POINT ( 'NONE',  ( -39.40926745949978027, 50.47803919219801827, -24.48005219520280917 ) ) ;
#4824 = CARTESIAN_POINT ( 'NONE',  ( -42.60505094851873764, 74.23799831435006524, -11.47321752401006734 ) ) ;
#4825 = EDGE_CURVE ( 'NONE', #1506, #589, #1234, .T. ) ;
#4826 = LINE ( 'NONE', #2128, #4048 ) ;
#4827 = LINE ( 'NONE', #7022, #5001 ) ;
#4828 = DIRECTION ( 'NONE',  ( 0.7071067811865496822, 8.659560562354959975E-17, -0.7071067811865453523 ) ) ;
#4829 = ORIENTED_EDGE ( 'NONE', *, *, #2919, .F. ) ;
#4830 = UNCERTAINTY_MEASURE_WITH_UNIT (LENGTH_MEASURE( 1.000000000000000082E-05 ), #4277, 'distance_accuracy_value', 'NONE');
#4831 = CARTESIAN_POINT ( 'NONE',  ( -19.64181047660115809, 30.59809355943806608, -8.743853625809386187 ) ) ;
#4832 = CARTESIAN_POINT ( 'NONE',  ( -25.45708744902114873, 37.82664275962572020, -5.360171456847346860 ) ) ;
#4833 = FILL_AREA_STYLE ('',( #6953 ) ) ;
#4834 = ORIENTED_EDGE ( 'NONE', *, *, #6992, .T. ) ;
#4835 = EDGE_CURVE ( 'NONE', #5788, #3115, #2884, .T. ) ;
#4836 = ADVANCED_FACE ( 'NONE', ( #1168 ), #5064, .F. ) ;
#4837 = CARTESIAN_POINT ( 'NONE',  ( 35.86651428099028038, 49.47967668173140510, -24.16457584724809848 ) ) ;
#4838 = CARTESIAN_POINT ( 'NONE',  ( 21.06745109593589405, 34.57496106077762477, -7.053131544061041147 ) ) ;
#4839 = SURFACE_SIDE_STYLE ('',( #1992 ) ) ;
#4840 = EDGE_CURVE ( 'NONE', #4986, #1623, #3615, .T. ) ;
#4841 = VERTEX_POINT ( 'NONE', #1439 ) ;
#4842 = CARTESIAN_POINT ( 'NONE',  ( -29.59278851680290146, 38.73229106616522444, -5.992022003511364936 ) ) ;
#4843 = PRESENTATION_STYLE_ASSIGNMENT (( #3630 ) ) ;
#4844 = FACE_OUTER_BOUND ( 'NONE', #324, .T. ) ;
#4845 = CARTESIAN_POINT ( 'NONE',  ( 20.79912810670030154, 47.90302310333520097, -22.58715144139416253 ) ) ;
#4846 = CARTESIAN_POINT ( 'NONE',  ( 19.72373974410454167, 33.25116893531779994, -7.426704648901584882 ) ) ;
#4847 = EDGE_CURVE ( 'NONE', #4378, #1173, #6303, .T. ) ;
#4848 = PRESENTATION_STYLE_ASSIGNMENT (( #400 ) ) ;
#4849 = ORIENTED_EDGE ( 'NONE', *, *, #2312, .F. ) ;
#4850 = ORIENTED_EDGE ( 'NONE', *, *, #3067, .F. ) ;
#4851 = CARTESIAN_POINT ( 'NONE',  ( -20.89047230014973522, 34.43933989612363433, -7.099768425661246773 ) ) ;
#4852 = ORIENTED_EDGE ( 'NONE', *, *, #4997, .F. ) ;
#4853 = ORIENTED_EDGE ( 'NONE', *, *, #2573, .F. ) ;
#4854 = CARTESIAN_POINT ( 'NONE',  ( -38.53959441255100415, 49.16713932829434697, -23.52077702082903343 ) ) ;
#4855 = CARTESIAN_POINT ( 'NONE',  ( -40.08559718579868303, 50.63112071079736864, -24.34787395144266497 ) ) ;
#4856 =( NAMED_UNIT ( * ) PLANE_ANGLE_UNIT ( ) SI_UNIT ( $, .RADIAN. ) );
#4857 = ORIENTED_EDGE ( 'NONE', *, *, #4481, .T. ) ;
#4858 = CARTESIAN_POINT ( 'NONE',  ( -19.50000000000000000, 34.98238854211788862, -18.96155176644822404 ) ) ;
#4859 = FACE_OUTER_BOUND ( 'NONE', #3886, .T. ) ;
#4860 = UNCERTAINTY_MEASURE_WITH_UNIT (LENGTH_MEASURE( 1.000000000000000082E-05 ), #3149, 'distance_accuracy_value', 'NONE');
#4861 = CARTESIAN_POINT ( 'NONE',  ( 35.86598148916029061, 76.55880526296095923, -8.978606641780656261 ) ) ;
#4862 = VERTEX_POINT ( 'NONE', #6942 ) ;
#4863 = ORIENTED_EDGE ( 'NONE', *, *, #418, .F. ) ;
#4864 = CARTESIAN_POINT ( 'NONE',  ( -29.09048296848549953, 38.70600527259129109, -5.965910787506433444 ) ) ;
#4865 = EDGE_CURVE ( 'NONE', #444, #5859, #1402, .T. ) ;
#4866 = PRESENTATION_LAYER_ASSIGNMENT (  '', '', ( #184 ) ) ;
#4867 = ADVANCED_FACE ( 'NONE', ( #1869 ), #3853, .F. ) ;
#4868 = ORIENTED_EDGE ( 'NONE', *, *, #5504, .T. ) ;
#4869 = FACE_OUTER_BOUND ( 'NONE', #474, .T. ) ;
#4870 = PRESENTATION_LAYER_ASSIGNMENT (  '', '', ( #864 ) ) ;
#4871 = STYLED_ITEM ( 'NONE', ( #6322 ), #5331 ) ;
#4872 = CARTESIAN_POINT ( 'NONE',  ( -24.58708552197438735, 46.53292377277952596, -24.01958181074606102 ) ) ;
#4873 = LINE ( 'NONE', #1610, #4557 ) ;
#4874 = CARTESIAN_POINT ( 'NONE',  ( 18.70528305934439928, 30.98581626337263728, -7.636513327312509425 ) ) ;
#4875 = SURFACE_SIDE_STYLE ('',( #1049 ) ) ;
#4876 =( GEOMETRIC_REPRESENTATION_CONTEXT ( 3 ) GLOBAL_UNCERTAINTY_ASSIGNED_CONTEXT ( ( #3024 ) ) GLOBAL_UNIT_ASSIGNED_CONTEXT ( ( #4966, #4402, #605 ) ) REPRESENTATION_CONTEXT ( 'NONE', 'WORKASPACE' ) );
#4877 = CARTESIAN_POINT ( 'NONE',  ( 39.19360558634021885, 49.35744966661340527, -23.51310069884387133 ) ) ;
#4878 = CARTESIAN_POINT ( 'NONE',  ( 18.58218325211250388, 30.32780672346843076, -7.601455723798671293 ) ) ;
#4879 = ORIENTED_EDGE ( 'NONE', *, *, #450, .F. ) ;
#4880 = PRESENTATION_LAYER_ASSIGNMENT (  '', '', ( #4418 ) ) ;
#4881 = CARTESIAN_POINT ( 'NONE',  ( -19.49996339244697907, 35.64744216563629919, -19.26148922787197648 ) ) ;
#4882 = CARTESIAN_POINT ( 'NONE',  ( -37.24477752055972246, 38.22375426808977750, -5.130478219499432058 ) ) ;
#4883 = VERTEX_POINT ( 'NONE', #2529 ) ;
#4884 = VECTOR ( 'NONE', #4689, 1000.000000000000000 ) ;
#4885 = EDGE_CURVE ( 'NONE', #315, #3213, #4066, .T. ) ;
#4886 = CARTESIAN_POINT ( 'NONE',  ( -48.40541072029274972, 57.82560636927627229, -24.48007523345278713 ) ) ;
#4887 = CARTESIAN_POINT ( 'NONE',  ( 18.49999966985912891, 28.20744374660379350, -7.191381001313748911 ) ) ;
#4888 = CARTESIAN_POINT ( 'NONE',  ( -40.50921089221184701, 50.73842829585876757, -24.25166270711038408 ) ) ;
#4889 = CARTESIAN_POINT ( 'NONE',  ( -19.51767527906980249, 35.70206722875202132, -19.28612190141983618 ) ) ;
#4890 = CARTESIAN_POINT ( 'NONE',  ( -0.01493768657037499933, -45.21714881219698867, 15.02368491557552410 ) ) ;
#4891 =( GEOMETRIC_REPRESENTATION_CONTEXT ( 3 ) GLOBAL_UNCERTAINTY_ASSIGNED_CONTEXT ( ( #6226 ) ) GLOBAL_UNIT_ASSIGNED_CONTEXT ( ( #490, #5979, #3768 ) ) REPRESENTATION_CONTEXT ( 'NONE', 'WORKASPACE' ) );
#4892 = AXIS2_PLACEMENT_3D ( 'NONE', #4726, #1377, #852 ) ;
#4893 = DIRECTION ( 'NONE',  ( 1.832802226030400722E-19, -0.4999972845804243060, 0.8660269715269856006 ) ) ;
#4894 = EDGE_CURVE ( 'NONE', #5408, #1768, #250, .T. ) ;
#4895 = AXIS2_PLACEMENT_3D ( 'NONE', #653, #2841, #124 ) ;
#4896 = VECTOR ( 'NONE', #1399, 1000.000000000000114 ) ;
#4897 = CARTESIAN_POINT ( 'NONE',  ( 21.23852438960923195, 41.58518213967244037, -21.93938660406826102 ) ) ;
#4898 = CARTESIAN_POINT ( 'NONE',  ( -18.54894330177808115, 30.05354129408052444, -7.573267588279856355 ) ) ;
#4899 = ORIENTED_EDGE ( 'NONE', *, *, #725, .F. ) ;
#4900 = ORIENTED_EDGE ( 'NONE', *, *, #3692, .F. ) ;
#4901 = VECTOR ( 'NONE', #5154, 1000.000000000000114 ) ;
#4902 = DIRECTION ( 'NONE',  ( 0.000000000000000000, 0.000000000000000000, 1.000000000000000000 ) ) ;
#4903 = STYLED_ITEM ( 'NONE', ( #707 ), #2903 ) ;
#4904 = CARTESIAN_POINT ( 'NONE',  ( -46.33841684867579147, 46.15404362408892780, -6.802891580002381922 ) ) ;
#4905 = EDGE_LOOP ( 'NONE', ( #872, #6400, #3826, #3129 ) ) ;
#4906 = EDGE_CURVE ( 'NONE', #1864, #6258, #587, .T. ) ;
#4907 = AXIS2_PLACEMENT_3D ( 'NONE', #290, #6842, #5219 ) ;
#4908 = CARTESIAN_POINT ( 'NONE',  ( -24.52852848679905406, 46.79738377890137713, -24.24859230916264963 ) ) ;
#4909 = DIRECTION ( 'NONE',  ( 0.7071067811865520136, 0.2418447626479765522, 0.6644630243886695542 ) ) ;
#4910 = PRESENTATION_STYLE_ASSIGNMENT (( #538 ) ) ;
#4911 = CARTESIAN_POINT ( 'NONE',  ( 18.51732661418703429, 29.67490765152479426, -7.522162368924818487 ) ) ;
#4912 = CARTESIAN_POINT ( 'NONE',  ( -19.50000000000000355, 27.36276798480148997, 0.8386076724324551535 ) ) ;
#4913 = CARTESIAN_POINT ( 'NONE',  ( 18.50000000000002487, -2.813415470905679783, 26.42879621682485691 ) ) ;
#4914 = CYLINDRICAL_SURFACE ( 'NONE', #4558, 28.64999999999999858 ) ;
#4915 = EDGE_LOOP ( 'NONE', ( #1800, #5604, #5920, #2243, #2210, #6765, #2106, #5740 ) ) ;
#4916 = CARTESIAN_POINT ( 'NONE',  ( -35.86651428099028749, 38.22372192002752911, -5.130496896051249145 ) ) ;
#4917 = ORIENTED_EDGE ( 'NONE', *, *, #1307, .T. ) ;
#4918 = ORIENTED_EDGE ( 'NONE', *, *, #5026, .F. ) ;
#4919 = EDGE_CURVE ( 'NONE', #3644, #2083, #5712, .T. ) ;
#4920 = CARTESIAN_POINT ( 'NONE',  ( -23.31087539675575471, 36.20026834449640774, -6.299145391609602740 ) ) ;
#4921 = CARTESIAN_POINT ( 'NONE',  ( -40.53372363233641806, 57.11886664866160856, -29.77203813954225353 ) ) ;
#4922 = CARTESIAN_POINT ( 'NONE',  ( 19.49999999999999289, 28.39032555133784541, -8.285697813869539630 ) ) ;
#4923 = SURFACE_SIDE_STYLE ('',( #4383 ) ) ;
#4924 = DIRECTION ( 'NONE',  ( -1.832802226030400722E-19, 0.4999972845804243060, -0.8660269715269856006 ) ) ;
#4925 = ORIENTED_EDGE ( 'NONE', *, *, #5209, .T. ) ;
#4926 = ORIENTED_EDGE ( 'NONE', *, *, #447, .T. ) ;
#4927 = CARTESIAN_POINT ( 'NONE',  ( 26.39483281401814452, 37.84523212280125648, -6.503807994386941793 ) ) ;
#4928 = SURFACE_SIDE_STYLE ('',( #3424 ) ) ;
#4929 = UNCERTAINTY_MEASURE_WITH_UNIT (LENGTH_MEASURE( 1.000000000000000082E-05 ), #5488, 'distance_accuracy_value', 'NONE');
#4930 = DIRECTION ( 'NONE',  ( -1.000000000000000000, 1.932777453709147494E-16, -0.000000000000000000 ) ) ;
#4931 = CARTESIAN_POINT ( 'NONE',  ( 19.62687823755434380, 36.89873070248053466, -19.82581590389596471 ) ) ;
#4932 = CARTESIAN_POINT ( 'NONE',  ( 47.25359480353027664, 69.51513945474917477, -13.04524199876927781 ) ) ;
#4933 = ORIENTED_EDGE ( 'NONE', *, *, #3692, .T. ) ;
#4934 = ADVANCED_FACE ( 'NONE', ( #805 ), #5206, .F. ) ;
#4935 = ORIENTED_EDGE ( 'NONE', *, *, #2272, .T. ) ;
#4936 = CARTESIAN_POINT ( 'NONE',  ( 10.98506231342959971, -14.71714881219270055, 16.22368491557550030 ) ) ;
#4937 = CARTESIAN_POINT ( 'NONE',  ( -23.31087539675575826, 36.20026834449640774, -6.299145391609595634 ) ) ;
#4938 =( NAMED_UNIT ( * ) SI_UNIT ( $, .STERADIAN. ) SOLID_ANGLE_UNIT ( ) );
#4939 = B_SPLINE_SURFACE_WITH_KNOTS ( 'NONE', 1, 3, ( 
 ( #6744, #227, #6849, #4699, #1924, #3071, #1349, #2408, #361, #3555, #1853, #2544, #6237, #5689, #3691, #5871, #5902, #5301 ),
 ( #967, #3136, #1458, #2575, #2615, #6381, #4804, #6997, #4252, #3662, #6454, #1988, #3479, #2335, #6749, #6174, #1255, #6709 ) ),
 .UNSPECIFIED., .F., .F., .F.,
 ( 2, 2 ),
 ( 4, 2, 2, 2, 2, 2, 2, 2, 4 ),
 ( 0.000000000000000000, 1.000000000000000000 ),
 ( 0.000000000000000000, 0.001094020644925634833, 0.001641030967388452250, 0.001914536128619860958, 0.002188041289851269666, 0.002461546451082678375, 0.002735051612314087083, 0.003282061934776904499, 0.004376082579702539332 ),
 .UNSPECIFIED. ) ;
#4940 = CARTESIAN_POINT ( 'NONE',  ( -29.12747829684556677, 48.80989130199068171, -23.53068546468580635 ) ) ;
#4941 = CARTESIAN_POINT ( 'NONE',  ( 19.49999999999999289, -20.86940764386208258, 16.02368491557549746 ) ) ;
#4942 = DIRECTION ( 'NONE',  ( 0.7071067811865441310, 0.3535514705016796211, -0.6123735442571834886 ) ) ;
#4943 = CARTESIAN_POINT ( 'NONE',  ( 43.02902558587776838, 51.53172334606284011, -23.43067820227616238 ) ) ;
#4944 = CARTESIAN_POINT ( 'NONE',  ( 29.26119650507530423, 50.74189830096537435, -25.42648828272431771 ) ) ;
#4945 = CARTESIAN_POINT ( 'NONE',  ( -19.50780384577427995, 29.37239767003569568, -8.527885663832796226 ) ) ;
#4946 = CARTESIAN_POINT ( 'NONE',  ( -21.22836076507470793, 41.59406486434182426, -21.94340066060516747 ) ) ;
#4947 = DIRECTION ( 'NONE',  ( -3.930489233341649543E-19, 0.8660269715269854895, 0.4999972845804242505 ) ) ;
#4948 = ADVANCED_FACE ( 'NONE', ( #4133 ), #921, .T. ) ;
#4949 = LINE ( 'NONE', #1756, #1680 ) ;
#4950 = ADVANCED_FACE ( 'NONE', ( #378 ), #7092, .F. ) ;
#4951 = ORIENTED_EDGE ( 'NONE', *, *, #2550, .T. ) ;
#4952 = CARTESIAN_POINT ( 'NONE',  ( 19.50000000000000000, 21.89044569159073106, -14.19647426014204328 ) ) ;
#4953 = DIRECTION ( 'NONE',  ( 0.000000000000000000, 0.000000000000000000, 1.000000000000000000 ) ) ;
#4954 = CARTESIAN_POINT ( 'NONE',  ( 27.82210522801443275, 38.57200679470449245, -5.733818638953525948 ) ) ;
#4955 = CARTESIAN_POINT ( 'NONE',  ( -18.77280212513309721, 31.25301613453219929, -7.638929020118550461 ) ) ;
#4956 = CARTESIAN_POINT ( 'NONE',  ( 19.50838589036414561, 35.47747031166608167, -19.18483224323686898 ) ) ;
#4957 = SURFACE_SIDE_STYLE ('',( #2713 ) ) ;
#4958 = ORIENTED_EDGE ( 'NONE', *, *, #4251, .T. ) ;
#4959 = VERTEX_POINT ( 'NONE', #6439 ) ;
#4960 = CARTESIAN_POINT ( 'NONE',  ( -11.01493768657040029, -14.71714881219270055, 36.42368491557549959 ) ) ;
#4961 = CARTESIAN_POINT ( 'NONE',  ( -27.91742420391816637, 38.58644009194888014, -5.758817840593569493 ) ) ;
#4962 = EDGE_CURVE ( 'NONE', #2844, #3054, #26, .T. ) ;
#4963 = CARTESIAN_POINT ( 'NONE',  ( -40.50007565895970174, 56.84929336155443025, -14.58436192511739371 ) ) ;
#4964 = PRESENTATION_LAYER_ASSIGNMENT (  '', '', ( #4457 ) ) ;
#4965 = CARTESIAN_POINT ( 'NONE',  ( -19.49999999999999645, -20.86940764386208258, 13.52368491557550456 ) ) ;
#4966 =( LENGTH_UNIT ( ) NAMED_UNIT ( * ) SI_UNIT ( .MILLI., .METRE. ) );
#4967 = DIRECTION ( 'NONE',  ( -0.000000000000000000, 0.8660253820641239386, 0.5000000376206867880 ) ) ;
#4968 = SURFACE_STYLE_USAGE ( .BOTH. , #3848 ) ;
#4969 = AXIS2_PLACEMENT_3D ( 'NONE', #6336, #3091, #5285 ) ;
#4970 = CARTESIAN_POINT ( 'NONE',  ( 36.31768148111029149, 40.50157774913213160, -3.815400637549905216 ) ) ;
#4971 = EDGE_CURVE ( 'NONE', #947, #2679, #2596, .T. ) ;
#4972 = CYLINDRICAL_SURFACE ( 'NONE', #648, 5.999999999999999112 ) ;
#4973 = CARTESIAN_POINT ( 'NONE',  ( 36.52377205242007818, 54.20544458107022479, -28.86341899356095908 ) ) ;
#4974 = VECTOR ( 'NONE', #4631, 1000.000000000000000 ) ;
#4975 = ORIENTED_EDGE ( 'NONE', *, *, #3348, .T. ) ;
#4976 = CARTESIAN_POINT ( 'NONE',  ( -18.76323451701106393, 37.51364977956062319, -20.94703328450513879 ) ) ;
#4977 = ORIENTED_EDGE ( 'NONE', *, *, #599, .F. ) ;
#4978 = CARTESIAN_POINT ( 'NONE',  ( -20.89046774492037528, 42.34169430106467757, -22.70429778004465149 ) ) ;
#4979 = MECHANICAL_DESIGN_GEOMETRIC_PRESENTATION_REPRESENTATION (  '', ( #2821 ), #4276 ) ;
#4980 = CARTESIAN_POINT ( 'NONE',  ( -42.92465668892647557, 65.30595463987124560, 10.50490456788029370 ) ) ;
#4981 = VECTOR ( 'NONE', #3945, 1000.000000000000114 ) ;
#4982 = CARTESIAN_POINT ( 'NONE',  ( 0.001455524317204001921, 60.37296921668308869, -12.54994715267290495 ) ) ;
#4983 =( NAMED_UNIT ( * ) SI_UNIT ( $, .STERADIAN. ) SOLID_ANGLE_UNIT ( ) );
#4984 = DIRECTION ( 'NONE',  ( 1.000000000000000000, 0.000000000000000000, 0.000000000000000000 ) ) ;
#4985 = FILL_AREA_STYLE_COLOUR ( '', #6831 ) ;
#4986 = VERTEX_POINT ( 'NONE', #3197 ) ;
#4987 = VERTEX_POINT ( 'NONE', #2735 ) ;
#4988 = COLOUR_RGB ( '',0.7529411764705882248, 0.7529411764705882248, 0.7529411764705882248 ) ;
#4989 = SURFACE_STYLE_USAGE ( .BOTH. , #3322 ) ;
#4990 = ORIENTED_EDGE ( 'NONE', *, *, #4919, .T. ) ;
#4991 = COLOUR_RGB ( '',0.7529411764705882248, 0.7529411764705882248, 0.7529411764705882248 ) ;
#4992 =( NAMED_UNIT ( * ) SI_UNIT ( $, .STERADIAN. ) SOLID_ANGLE_UNIT ( ) );
#4993 = EDGE_CURVE ( 'NONE', #172, #24, #4755, .T. ) ;
#4994 = AXIS2_PLACEMENT_3D ( 'NONE', #2929, #4015, #2329 ) ;
#4995 = CARTESIAN_POINT ( 'NONE',  ( 19.62904845015750865, 30.51387861508317556, -8.732350641795449064 ) ) ;
#4996 = DIRECTION ( 'NONE',  ( 0.000000000000000000, -0.000000000000000000, 1.000000000000000000 ) ) ;
#4997 = EDGE_CURVE ( 'NONE', #2557, #4249, #2166, .T. ) ;
#4998 = VECTOR ( 'NONE', #6077, 1000.000000000000000 ) ;
#4999 = PRESENTATION_STYLE_ASSIGNMENT (( #3360 ) ) ;
#5000 = CARTESIAN_POINT ( 'NONE',  ( 20.32374794932878714, 39.71945547252111908, -21.09794229797412157 ) ) ;
#5001 = VECTOR ( 'NONE', #2091, 1000.000000000000227 ) ;
#5002 = PRESENTATION_LAYER_ASSIGNMENT (  '', '', ( #7084 ) ) ;
#5003 = ORIENTED_EDGE ( 'NONE', *, *, #1634, .T. ) ;
#5004 = ORIENTED_EDGE ( 'NONE', *, *, #5273, .F. ) ;
#5005 =( GEOMETRIC_REPRESENTATION_CONTEXT ( 3 ) GLOBAL_UNCERTAINTY_ASSIGNED_CONTEXT ( ( #812 ) ) GLOBAL_UNIT_ASSIGNED_CONTEXT ( ( #5988, #540, #2904 ) ) REPRESENTATION_CONTEXT ( 'NONE', 'WORKASPACE' ) );
#5006 = PLANE ( 'NONE',  #6589 ) ;
#5007 = EDGE_CURVE ( 'NONE', #6348, #245, #1954, .T. ) ;
#5008 = CARTESIAN_POINT ( 'NONE',  ( -21.54897235278889411, 34.11149698531527008, -8.422143037199781190 ) ) ;
#5009 = AXIS2_PLACEMENT_3D ( 'NONE', #5777, #1268, #6256 ) ;
#5010 = AXIS2_PLACEMENT_3D ( 'NONE', #2746, #4930, #35 ) ;
#5011 = CARTESIAN_POINT ( 'NONE',  ( 20.35713861256745716, 32.64524377145587408, -8.732504481794943985 ) ) ;
#5012 = DIRECTION ( 'NONE',  ( 1.000000000000000000, 0.000000000000000000, 0.000000000000000000 ) ) ;
#5013 = CARTESIAN_POINT ( 'NONE',  ( 36.58551019149565775, 76.19284600070399449, -10.34459385860401603 ) ) ;
#5014 = VECTOR ( 'NONE', #4492, 1000.000000000000114 ) ;
#5015 = DIRECTION ( 'NONE',  ( 1.000000000000000000, 0.000000000000000000, 0.000000000000000000 ) ) ;
#5016 = COLOUR_RGB ( '',0.7529411764705882248, 0.7529411764705882248, 0.7529411764705882248 ) ;
#5017 = VECTOR ( 'NONE', #1181, 1000.000000000000000 ) ;
#5018 = CARTESIAN_POINT ( 'NONE',  ( 24.53681378680457570, 46.76098839129427631, -24.21696215197833624 ) ) ;
#5019 = CARTESIAN_POINT ( 'NONE',  ( 43.29101528515254671, 53.31421820316514726, -23.55348012865392349 ) ) ;
#5020 = CARTESIAN_POINT ( 'NONE',  ( 41.53916877972390154, 51.03432949393410212, -23.96899231791726237 ) ) ;
#5021 =( NAMED_UNIT ( * ) PLANE_ANGLE_UNIT ( ) SI_UNIT ( $, .RADIAN. ) );
#5022 = CARTESIAN_POINT ( 'NONE',  ( -19.50000000000000000, 34.98238854211788862, -18.96155176644822404 ) ) ;
#5023 = AXIS2_PLACEMENT_3D ( 'NONE', #4960, #1710, #4397 ) ;
#5024 = AXIS2_PLACEMENT_3D ( 'NONE', #2909, #614, #5089 ) ;
#5025 = CARTESIAN_POINT ( 'NONE',  ( -39.89492895721978982, 42.33917022643613848, -2.754967728584797992 ) ) ;
#5026 = EDGE_CURVE ( 'NONE', #1987, #3488, #4240, .T. ) ;
#5027 = ORIENTED_EDGE ( 'NONE', *, *, #974, .F. ) ;
#5028 = CARTESIAN_POINT ( 'NONE',  ( 12.63506231342960007, -14.71714881219270055, 38.92368491557547827 ) ) ;
#5029 = PRESENTATION_STYLE_ASSIGNMENT (( #5053 ) ) ;
#5030 = SURFACE_STYLE_USAGE ( .BOTH. , #2235 ) ;
#5031 = PRESENTATION_STYLE_ASSIGNMENT (( #1695 ) ) ;
#5032 = ORIENTED_EDGE ( 'NONE', *, *, #4971, .T. ) ;
#5033 = DIRECTION ( 'NONE',  ( 0.000000000000000000, 1.000000000000000000, 0.000000000000000000 ) ) ;
#5034 = VECTOR ( 'NONE', #6854, 1000.000000000000000 ) ;
#5035 = FACE_OUTER_BOUND ( 'NONE', #3096, .T. ) ;
#5036 = DIRECTION ( 'NONE',  ( 0.7071067811865474617, 0.000000000000000000, -0.7071067811865474617 ) ) ;
#5037 = EDGE_CURVE ( 'NONE', #2048, #4239, #4348, .T. ) ;
#5038 = CARTESIAN_POINT ( 'NONE',  ( 20.31764593949263897, 39.70316095369378928, -21.09059347224842540 ) ) ;
#5039 = CARTESIAN_POINT ( 'NONE',  ( 27.31466928340510592, 48.22371595253178356, -23.48645860112349837 ) ) ;
#5040 = VERTEX_POINT ( 'NONE', #1648 ) ;
#5041 = VERTEX_POINT ( 'NONE', #1022 ) ;
#5042 =( NAMED_UNIT ( * ) PLANE_ANGLE_UNIT ( ) SI_UNIT ( $, .RADIAN. ) );
#5043 = SURFACE_SIDE_STYLE ('',( #6570 ) ) ;
#5044 = EDGE_CURVE ( 'NONE', #4053, #6029, #2577, .T. ) ;
#5045 = CARTESIAN_POINT ( 'NONE',  ( 44.15313399491466839, 72.96232499773650204, -12.20972252361055510 ) ) ;
#5046 = CARTESIAN_POINT ( 'NONE',  ( -35.86651428099028749, 48.84873874669833782, -23.53362442514822561 ) ) ;
#5047 = DIRECTION ( 'NONE',  ( 0.000000000000000000, 0.000000000000000000, 1.000000000000000000 ) ) ;
#5048 = CARTESIAN_POINT ( 'NONE',  ( 43.01638252666913331, 51.52722395953476564, -23.43593544158419562 ) ) ;
#5049 = DIRECTION ( 'NONE',  ( 0.000000000000000000, 0.000000000000000000, 1.000000000000000000 ) ) ;
#5050 = DIRECTION ( 'NONE',  ( -1.000000000000000000, 0.000000000000000000, 0.000000000000000000 ) ) ;
#5051 = ORIENTED_EDGE ( 'NONE', *, *, #1222, .T. ) ;
#5052 = CARTESIAN_POINT ( 'NONE',  ( -18.92042501631367557, 38.20792576748903002, -21.19972907847684596 ) ) ;
#5053 = SURFACE_STYLE_USAGE ( .BOTH. , #5554 ) ;
#5054 = CARTESIAN_POINT ( 'NONE',  ( -29.75440252253873297, 48.84873222487523492, -23.53362743373490318 ) ) ;
#5055 = ADVANCED_FACE ( 'NONE', ( #3709 ), #6476, .F. ) ;
#5056 =( NAMED_UNIT ( * ) SI_UNIT ( $, .STERADIAN. ) SOLID_ANGLE_UNIT ( ) );
#5057 = CARTESIAN_POINT ( 'NONE',  ( 18.49999968113188586, 28.20744672055376867, -7.191371090107022468 ) ) ;
#5058 = CARTESIAN_POINT ( 'NONE',  ( -39.89493413160967350, 39.15989828366288350, -4.590522623663545687 ) ) ;
#5059 = ORIENTED_EDGE ( 'NONE', *, *, #1929, .F. ) ;
#5060 = CARTESIAN_POINT ( 'NONE',  ( -0.01493768657037499933, -45.21714881219698867, 16.02368491557549746 ) ) ;
#5061 = PRESENTATION_STYLE_ASSIGNMENT (( #5603 ) ) ;
#5062 = VERTEX_POINT ( 'NONE', #1548 ) ;
#5063 = EDGE_LOOP ( 'NONE', ( #6196, #6451, #4675, #4420 ) ) ;
#5064 = CYLINDRICAL_SURFACE ( 'NONE', #6368, 1.649999999999998579 ) ;
#5065 = SURFACE_SIDE_STYLE ('',( #2425 ) ) ;
#5066 = EDGE_CURVE ( 'NONE', #4466, #6761, #6065, .T. ) ;
#5067 = CARTESIAN_POINT ( 'NONE',  ( 21.13127350338475452, 42.64972330962317670, -22.81641117045047551 ) ) ;
#5068 = CARTESIAN_POINT ( 'NONE',  ( 44.90699879652559190, 73.03416434057082540, -11.01354551962766770 ) ) ;
#5069 = ORIENTED_EDGE ( 'NONE', *, *, #4523, .T. ) ;
#5070 = B_SPLINE_CURVE_WITH_KNOTS ( 'NONE', 3,
 ( #2436, #6233, #4622, #5115 ),
 .UNSPECIFIED., .F., .F.,
 ( 4, 4 ),
 ( 0.000000000000000000, 1.000000000000000000 ),
 .UNSPECIFIED. ) ;
#5071 = SURFACE_STYLE_USAGE ( .BOTH. , #2293 ) ;
#5072 =( NAMED_UNIT ( * ) SI_UNIT ( $, .STERADIAN. ) SOLID_ANGLE_UNIT ( ) );
#5073 = CARTESIAN_POINT ( 'NONE',  ( -39.03134474058293080, 49.32315881153358106, -23.51449574648484742 ) ) ;
#5074 = CARTESIAN_POINT ( 'NONE',  ( 18.49999999999998934, 34.64036839879219798, -19.90124438723412936 ) ) ;
#5075 = CARTESIAN_POINT ( 'NONE',  ( 42.26696529766086030, 39.82532915037729992, -4.205792012997621399 ) ) ;
#5076 = VERTEX_POINT ( 'NONE', #4414 ) ;
#5077 = SURFACE_SIDE_STYLE ('',( #5688 ) ) ;
#5078 = FILL_AREA_STYLE ('',( #267 ) ) ;
#5079 = CARTESIAN_POINT ( 'NONE',  ( 47.36132428006994388, 56.81922456268305410, -20.37518104479123338 ) ) ;
#5080 = ADVANCED_FACE ( 'NONE', ( #2341 ), #1788, .T. ) ;
#5081 = CARTESIAN_POINT ( 'NONE',  ( 24.57206421998837342, 50.74213448948132310, -25.42649936320348658 ) ) ;
#5082 = CARTESIAN_POINT ( 'NONE',  ( -19.50000000000000000, 28.87971169206765154, -8.391328859954189312 ) ) ;
#5083 = DIRECTION ( 'NONE',  ( -1.000000000000000000, 0.000000000000000000, 0.000000000000000000 ) ) ;
#5084 = ORIENTED_EDGE ( 'NONE', *, *, #4516, .F. ) ;
#5085 = VECTOR ( 'NONE', #5680, 1000.000000000000000 ) ;
#5086 = CARTESIAN_POINT ( 'NONE',  ( -47.86651428102061345, 53.04524366226165455, -16.78066534144754129 ) ) ;
#5087 = SURFACE_SIDE_STYLE ('',( #685 ) ) ;
#5088 = VECTOR ( 'NONE', #2390, 1000.000000000000114 ) ;
#5089 = DIRECTION ( 'NONE',  ( -6.816585209484801967E-06, -0.9999999999767670289, 0.000000000000000000 ) ) ;
#5090 = FILL_AREA_STYLE_COLOUR ( '', #5122 ) ;
#5091 = CARTESIAN_POINT ( 'NONE',  ( -39.89493413032781177, 39.82544329237974523, -4.205989712751269316 ) ) ;
#5092 = ORIENTED_EDGE ( 'NONE', *, *, #4997, .T. ) ;
#5093 = ORIENTED_EDGE ( 'NONE', *, *, #2057, .F. ) ;
#5094 = DIRECTION ( 'NONE',  ( 0.000000000000000000, 0.8660269715269843793, 0.4999972845804263044 ) ) ;
#5095 = SURFACE_STYLE_USAGE ( .BOTH. , #3999 ) ;
#5096 = FILL_AREA_STYLE ('',( #1943 ) ) ;
#5097 = ORIENTED_EDGE ( 'NONE', *, *, #350, .F. ) ;
#5098 = VERTEX_POINT ( 'NONE', #2375 ) ;
#5099 =( GEOMETRIC_REPRESENTATION_CONTEXT ( 3 ) GLOBAL_UNCERTAINTY_ASSIGNED_CONTEXT ( ( #729 ) ) GLOBAL_UNIT_ASSIGNED_CONTEXT ( ( #6177, #4087, #4023 ) ) REPRESENTATION_CONTEXT ( 'NONE', 'WORKASPACE' ) );
#5100 = EDGE_CURVE ( 'NONE', #1071, #6712, #6597, .T. ) ;
#5101 = DIRECTION ( 'NONE',  ( -1.832802226030400722E-19, 0.4999972845804243060, -0.8660269715269856006 ) ) ;
#5102 = DIRECTION ( 'NONE',  ( -0.7071067811865512365, 0.7071067811865439090, 0.000000000000000000 ) ) ;
#5103 = CARTESIAN_POINT ( 'NONE',  ( 22.41671248530030169, 63.70551756741828342, -17.55410408586601889 ) ) ;
#5104 = MECHANICAL_DESIGN_GEOMETRIC_PRESENTATION_REPRESENTATION (  '', ( #2009 ), #4538 ) ;
#5105 = CARTESIAN_POINT ( 'NONE',  ( 46.86656279403160141, 67.28999541426470898, -15.48461982153232697 ) ) ;
#5106 = ORIENTED_EDGE ( 'NONE', *, *, #65, .F. ) ;
#5107 = MECHANICAL_DESIGN_GEOMETRIC_PRESENTATION_REPRESENTATION (  '', ( #1894 ), #1670 ) ;
#5108 = EDGE_CURVE ( 'NONE', #6029, #3231, #3901, .T. ) ;
#5109 = STYLED_ITEM ( 'NONE', ( #560 ), #1848 ) ;
#5110 = FILL_AREA_STYLE_COLOUR ( '', #3266 ) ;
#5111 =( GEOMETRIC_REPRESENTATION_CONTEXT ( 3 ) GLOBAL_UNCERTAINTY_ASSIGNED_CONTEXT ( ( #1064 ) ) GLOBAL_UNIT_ASSIGNED_CONTEXT ( ( #1524, #3721, #5330 ) ) REPRESENTATION_CONTEXT ( 'NONE', 'WORKASPACE' ) );
#5112 = CARTESIAN_POINT ( 'NONE',  ( -47.89493413160970192, 48.18909486224828242, -19.58436415601664393 ) ) ;
#5113 =( BOUNDED_CURVE ( )  B_SPLINE_CURVE ( 3, ( #684, #2907, #4980, #53 ),
 .UNSPECIFIED., .F., .F. ) 
 B_SPLINE_CURVE_WITH_KNOTS ( ( 4, 4 ),
 ( 4.438851286092709614E-05, 1.570796326062716020 ),
 .UNSPECIFIED. ) 
 CURVE ( )  GEOMETRIC_REPRESENTATION_ITEM ( )  RATIONAL_B_SPLINE_CURVE ( ( 1.000000000000000000, 0.8047483166536505417, 0.8047483166536505417, 1.000000000000000000 ) ) 
 REPRESENTATION_ITEM ( '' )  );
#5114 = CARTESIAN_POINT ( 'NONE',  ( -25.22272878952626485, 46.35258665190658434, -23.34532322811062954 ) ) ;
#5115 = CARTESIAN_POINT ( 'NONE',  ( -23.96937444769307035, 36.04851662863008244, -7.541457099230229666 ) ) ;
#5116 = ORIENTED_EDGE ( 'NONE', *, *, #1451, .T. ) ;
#5117 = COLOUR_RGB ( '',0.6274509803921568540, 0.6274509803921568540, 0.6274509803921568540 ) ;
#5118 = LINE ( 'NONE', #2407, #2707 ) ;
#5119 = SURFACE_STYLE_FILL_AREA ( #1213 ) ;
#5120 = COLOUR_RGB ( '',0.7529411764705882248, 0.7529411764705882248, 0.7529411764705882248 ) ;
#5121 =( LENGTH_UNIT ( ) NAMED_UNIT ( * ) SI_UNIT ( .MILLI., .METRE. ) );
#5122 = COLOUR_RGB ( '',0.7529411764705882248, 0.7529411764705882248, 0.7529411764705882248 ) ;
#5123 = DIRECTION ( 'NONE',  ( -0.7071067811865521247, 8.659560562354989558E-17, 0.7071067811865430208 ) ) ;
#5124 = CARTESIAN_POINT ( 'NONE',  ( 46.09324651806699791, 56.82831584396510749, -21.52462960099375167 ) ) ;
#5125 = EDGE_CURVE ( 'NONE', #5332, #5388, #5551, .T. ) ;
#5126 =( NAMED_UNIT ( * ) SI_UNIT ( $, .STERADIAN. ) SOLID_ANGLE_UNIT ( ) );
#5127 = EDGE_LOOP ( 'NONE', ( #5881, #3227, #593, #4958, #4532, #5139, #1150, #3194, #7031, #3124 ) ) ;
#5128 = AXIS2_PLACEMENT_3D ( 'NONE', #1679, #6064, #4371 ) ;
#5129 = DIRECTION ( 'NONE',  ( -1.000000000000000000, 1.932777453709147494E-16, -0.000000000000000000 ) ) ;
#5130 = VECTOR ( 'NONE', #767, 1000.000000000000000 ) ;
#5131 = CARTESIAN_POINT ( 'NONE',  ( -24.14842161505969642, 62.33407271851740461, -14.88180706085177540 ) ) ;
#5132 = DIRECTION ( 'NONE',  ( 0.000000000000000000, 0.000000000000000000, 1.000000000000000000 ) ) ;
#5133 =( LENGTH_UNIT ( ) NAMED_UNIT ( * ) SI_UNIT ( .MILLI., .METRE. ) );
#5134 = DIRECTION ( 'NONE',  ( 1.000000000000000000, -0.000000000000000000, -0.000000000000000000 ) ) ;
#5135 = ORIENTED_EDGE ( 'NONE', *, *, #5841, .F. ) ;
#5136 = ORIENTED_EDGE ( 'NONE', *, *, #725, .T. ) ;
#5137 = FILL_AREA_STYLE_COLOUR ( '', #6033 ) ;
#5138 = CARTESIAN_POINT ( 'NONE',  ( -45.02911397661814163, 50.80600857161351769, -4.117009767133849252 ) ) ;
#5139 = ORIENTED_EDGE ( 'NONE', *, *, #6678, .T. ) ;
#5140 = ORIENTED_EDGE ( 'NONE', *, *, #6641, .F. ) ;
#5141 = ADVANCED_FACE ( 'NONE', ( #1261 ), #1885, .F. ) ;
#5142 = EDGE_CURVE ( 'NONE', #4288, #5788, #5855, .T. ) ;
#5143 = VECTOR ( 'NONE', #3563, 1000.000000000000000 ) ;
#5144 = DIRECTION ( 'NONE',  ( -0.000000000000000000, -0.000000000000000000, 1.000000000000000000 ) ) ;
#5145 = FACE_OUTER_BOUND ( 'NONE', #4509, .T. ) ;
#5146 = DIRECTION ( 'NONE',  ( -1.000000000000000000, -1.762524917579880956E-20, 2.014575199285821443E-19 ) ) ;
#5147 =( NAMED_UNIT ( * ) PLANE_ANGLE_UNIT ( ) SI_UNIT ( $, .RADIAN. ) );
#5148 = B_SPLINE_CURVE_WITH_KNOTS ( 'NONE', 3,
 ( #717, #2878, #1294, #2911 ),
 .UNSPECIFIED., .F., .F.,
 ( 4, 4 ),
 ( 0.000000000000000000, 1.000000000000000000 ),
 .UNSPECIFIED. ) ;
#5149 = DIRECTION ( 'NONE',  ( 1.832802226030400722E-19, -0.4999972845804243060, 0.8660269715269856006 ) ) ;
#5150 = FILL_AREA_STYLE ('',( #4582 ) ) ;
#5151 = ORIENTED_EDGE ( 'NONE', *, *, #5378, .F. ) ;
#5152 = UNCERTAINTY_MEASURE_WITH_UNIT (LENGTH_MEASURE( 1.000000000000000082E-05 ), #2384, 'distance_accuracy_value', 'NONE');
#5153 = ORIENTED_EDGE ( 'NONE', *, *, #5066, .F. ) ;
#5154 = DIRECTION ( 'NONE',  ( -0.7525766946921947920, -0.5702796279557788006, -0.3292559256031534209 ) ) ;
#5155 = SURFACE_SIDE_STYLE ('',( #1341 ) ) ;
#5156 = EDGE_CURVE ( 'NONE', #3690, #820, #5627, .T. ) ;
#5157 = CARTESIAN_POINT ( 'NONE',  ( 20.21222705774188100, 39.45870856231673685, -20.98036049990914975 ) ) ;
#5158 = CARTESIAN_POINT ( 'NONE',  ( 15.08506231342959936, -20.86940764386208258, 37.42368491557549248 ) ) ;
#5159 = ORIENTED_EDGE ( 'NONE', *, *, #2245, .T. ) ;
#5160 = LINE ( 'NONE', #1180, #4981 ) ;
#5161 =( BOUNDED_CURVE ( )  B_SPLINE_CURVE ( 3, ( #5268, #2974, #3032, #5162 ),
 .UNSPECIFIED., .F., .T. ) 
 B_SPLINE_CURVE_WITH_KNOTS ( ( 4, 4 ),
 ( 1.057101243764347220, 2.951102560051674484 ),
 .UNSPECIFIED. ) 
 CURVE ( )  GEOMETRIC_REPRESENTATION_ITEM ( )  RATIONAL_B_SPLINE_CURVE ( ( 1.000000000000000000, 0.7227467870349717494, 0.7227467870349717494, 1.000000000000000000 ) ) 
 REPRESENTATION_ITEM ( '' )  );
#5162 = CARTESIAN_POINT ( 'NONE',  ( -45.02904715596553586, 48.09954868489861468, 0.5707606418069918197 ) ) ;
#5163 = CARTESIAN_POINT ( 'NONE',  ( -20.36005090454012745, 32.65313733187502976, -8.732322996128385029 ) ) ;
#5164 = DIRECTION ( 'NONE',  ( 3.633067695312640513E-06, -0.5000000376173869832, 0.8660253820584086215 ) ) ;
#5165 = CARTESIAN_POINT ( 'NONE',  ( 38.40871572384109101, 49.15114806042877404, -23.52143559103349801 ) ) ;
#5166 = CARTESIAN_POINT ( 'NONE',  ( 19.50000000000000355, 27.72449387452086711, -0.6305239947414151835 ) ) ;
#5167 = PLANE ( 'NONE',  #765 ) ;
#5168 = CARTESIAN_POINT ( 'NONE',  ( 20.91617492871870709, 33.46629804100527394, -8.592444968123823301 ) ) ;
#5169 =( NAMED_UNIT ( * ) SI_UNIT ( $, .STERADIAN. ) SOLID_ANGLE_UNIT ( ) );
#5170 = CARTESIAN_POINT ( 'NONE',  ( 20.04650889554081772, 32.00873845351444658, -8.788549791723790250 ) ) ;
#5171 = FILL_AREA_STYLE ('',( #2983 ) ) ;
#5172 = ORIENTED_EDGE ( 'NONE', *, *, #4139, .F. ) ;
#5173 = VERTEX_POINT ( 'NONE', #6134 ) ;
#5174 = SURFACE_STYLE_FILL_AREA ( #916 ) ;
#5175 = PLANE ( 'NONE',  #1459 ) ;
#5176 = CARTESIAN_POINT ( 'NONE',  ( -38.10518046691476712, 54.79327603804132707, -29.05468048433596095 ) ) ;
#5177 = EDGE_CURVE ( 'NONE', #1741, #6027, #713, .T. ) ;
#5178 = EDGE_CURVE ( 'NONE', #6770, #5298, #193, .T. ) ;
#5179 = CARTESIAN_POINT ( 'NONE',  ( -20.07642779557833990, 38.98899908995539221, -20.76852056733072516 ) ) ;
#5180 = ORIENTED_EDGE ( 'NONE', *, *, #4766, .F. ) ;
#5181 = ORIENTED_EDGE ( 'NONE', *, *, #2179, .T. ) ;
#5182 = DIRECTION ( 'NONE',  ( 3.930489233341646173E-19, -0.8660269715269843793, -0.4999972845804261934 ) ) ;
#5183 = FILL_AREA_STYLE ('',( #701 ) ) ;
#5184 = CARTESIAN_POINT ( 'NONE',  ( -35.86651428099028749, 48.84873874669833782, -23.53362442514822561 ) ) ;
#5185 = LINE ( 'NONE', #2969, #4218 ) ;
#5186 = ORIENTED_EDGE ( 'NONE', *, *, #1397, .T. ) ;
#5187 = DIRECTION ( 'NONE',  ( 0.000000000000000000, -0.8660269715269875990, -0.4999972845804208088 ) ) ;
#5188 = AXIS2_PLACEMENT_3D ( 'NONE', #1837, #3017, #5205 ) ;
#5189 = CARTESIAN_POINT ( 'NONE',  ( 24.52366532274830391, 47.04019783287753853, -24.41441321121917696 ) ) ;
#5190 = CARTESIAN_POINT ( 'NONE',  ( -20.45093357073791296, 32.80807200220788644, -8.711578353559580989 ) ) ;
#5191 = FACE_OUTER_BOUND ( 'NONE', #984, .T. ) ;
#5192 = EDGE_CURVE ( 'NONE', #6258, #6379, #612, .T. ) ;
#5193 = CARTESIAN_POINT ( 'NONE',  ( -47.86651428102059924, 51.15028132955593776, -3.918245236944842169 ) ) ;
#5194 = DIRECTION ( 'NONE',  ( 0.000000000000000000, 0.000000000000000000, 1.000000000000000000 ) ) ;
#5195 = CARTESIAN_POINT ( 'NONE',  ( -18.00105809984361116, 36.20023214967435621, -6.299132217771739484 ) ) ;
#5196 = CARTESIAN_POINT ( 'NONE',  ( 20.97720625227276159, 33.53924366197174578, -8.575998149487768174 ) ) ;
#5197 = DIRECTION ( 'NONE',  ( -1.000000000000000000, 0.000000000000000000, 0.000000000000000000 ) ) ;
#5198 = PRESENTATION_STYLE_ASSIGNMENT (( #1893 ) ) ;
#5199 = CARTESIAN_POINT ( 'NONE',  ( -19.64577823319936911, 33.14016995597146575, -7.449058082105045386 ) ) ;
#5200 = CIRCLE ( 'NONE', #3135, 1.649999999999998579 ) ;
#5201 = ORIENTED_EDGE ( 'NONE', *, *, #2137, .F. ) ;
#5202 = ORIENTED_EDGE ( 'NONE', *, *, #6456, .F. ) ;
#5203 = FILL_AREA_STYLE_COLOUR ( '', #1337 ) ;
#5204 = FACE_OUTER_BOUND ( 'NONE', #5775, .T. ) ;
#5205 = DIRECTION ( 'NONE',  ( 1.000000000000000000, 0.000000000000000000, 0.000000000000000000 ) ) ;
#5206 = PLANE ( 'NONE',  #3028 ) ;
#5207 = CIRCLE ( 'NONE', #4405, 2.899999999999999911 ) ;
#5208 = CARTESIAN_POINT ( 'NONE',  ( 18.50000000000003197, 25.67237301456683696, -6.268679719456858201 ) ) ;
#5209 = EDGE_CURVE ( 'NONE', #5245, #1826, #5113, .T. ) ;
#5210 = CARTESIAN_POINT ( 'NONE',  ( -19.67954679829923492, 37.25962339783072963, -19.98856920482919719 ) ) ;
#5211 = LINE ( 'NONE', #2428, #6263 ) ;
#5212 = ORIENTED_EDGE ( 'NONE', *, *, #6495, .F. ) ;
#5213 = ORIENTED_EDGE ( 'NONE', *, *, #4894, .T. ) ;
#5214 = AXIS2_PLACEMENT_3D ( 'NONE', #5437, #1711, #5846 ) ;
#5215 = EDGE_CURVE ( 'NONE', #4288, #423, #1160, .T. ) ;
#5216 = FILL_AREA_STYLE ('',( #5293 ) ) ;
#5217 = FILL_AREA_STYLE ('',( #6917 ) ) ;
#5218 = AXIS2_PLACEMENT_3D ( 'NONE', #4658, #1883, #1383 ) ;
#5219 = DIRECTION ( 'NONE',  ( -1.000000000000000000, 0.000000000000000000, 0.000000000000000000 ) ) ;
#5220 = CARTESIAN_POINT ( 'NONE',  ( -19.50000000000000355, 28.38966691104810280, -8.285582211722047674 ) ) ;
#5221 = COLOUR_RGB ( '',0.7529411764705882248, 0.7529411764705882248, 0.7529411764705882248 ) ;
#5222 = CARTESIAN_POINT ( 'NONE',  ( -47.89493413160970192, 63.24896319754086704, 3.066881416014580974 ) ) ;
#5223 = EDGE_LOOP ( 'NONE', ( #4900, #2299 ) ) ;
#5224 = EDGE_LOOP ( 'NONE', ( #5485, #443, #2944, #2221, #6719, #3372 ) ) ;
#5225 = DIRECTION ( 'NONE',  ( 0.000000000000000000, -0.3420201433256725987, -0.9396926207859069846 ) ) ;
#5226 = MECHANICAL_DESIGN_GEOMETRIC_PRESENTATION_REPRESENTATION (  '', ( #1319 ), #5337 ) ;
#5227 = EDGE_CURVE ( 'NONE', #3054, #947, #1963, .T. ) ;
#5228 = CARTESIAN_POINT ( 'NONE',  ( 40.48888927861808185, 50.73357054457813575, -24.25582581793052483 ) ) ;
#5229 = CIRCLE ( 'NONE', #425, 3.150000000000013678 ) ;
#5230 = DIRECTION ( 'NONE',  ( -1.832802226030400722E-19, 0.4999972845804243060, -0.8660269715269856006 ) ) ;
#5231 = AXIS2_PLACEMENT_3D ( 'NONE', #5943, #1144, #3806 ) ;
#5232 = CARTESIAN_POINT ( 'NONE',  ( 42.42513116561959663, -20.86940764386208258, 28.22368491557550030 ) ) ;
#5233 = STYLED_ITEM ( 'NONE', ( #6839 ), #5519 ) ;
#5234 =( GEOMETRIC_REPRESENTATION_CONTEXT ( 3 ) GLOBAL_UNCERTAINTY_ASSIGNED_CONTEXT ( ( #3466 ) ) GLOBAL_UNIT_ASSIGNED_CONTEXT ( ( #833, #2982, #1862 ) ) REPRESENTATION_CONTEXT ( 'NONE', 'WORKASPACE' ) );
#5235 = CARTESIAN_POINT ( 'NONE',  ( 40.90881137357483510, 50.09979418488450875, -23.48316122075004841 ) ) ;
#5236 = CARTESIAN_POINT ( 'NONE',  ( 24.49196696375784654, 46.94858676400667719, -24.38106950902087533 ) ) ;
#5237 =( LENGTH_UNIT ( ) NAMED_UNIT ( * ) SI_UNIT ( .MILLI., .METRE. ) );
#5238 = CARTESIAN_POINT ( 'NONE',  ( 29.75440252253878270, 49.79514891015949019, -24.48005005400469614 ) ) ;
#5239 = CARTESIAN_POINT ( 'NONE',  ( -18.50000000000002842, -7.217148812191790164, 37.42368491557549959 ) ) ;
#5240 = EDGE_CURVE ( 'NONE', #3093, #6258, #1098, .T. ) ;
#5241 = DIRECTION ( 'NONE',  ( -1.000000000000000000, 0.000000000000000000, 0.000000000000000000 ) ) ;
#5242 = STYLED_ITEM ( 'NONE', ( #4843 ), #2649 ) ;
#5243 = ORIENTED_EDGE ( 'NONE', *, *, #936, .T. ) ;
#5244 = B_SPLINE_CURVE_WITH_KNOTS ( 'NONE', 1,
 ( #6360, #3528 ),
 .UNSPECIFIED., .F., .F.,
 ( 2, 2 ),
 ( 0.000000000000000000, 1.000000000000000000 ),
 .UNSPECIFIED. ) ;
#5245 = VERTEX_POINT ( 'NONE', #1888 ) ;
#5246 = DIRECTION ( 'NONE',  ( 1.000000000000000000, 0.000000000000000000, 0.000000000000000000 ) ) ;
#5247 = FACE_OUTER_BOUND ( 'NONE', #2865, .T. ) ;
#5248 = LINE ( 'NONE', #2491, #1599 ) ;
#5249 = ORIENTED_EDGE ( 'NONE', *, *, #6600, .T. ) ;
#5250 = SURFACE_STYLE_FILL_AREA ( #3601 ) ;
#5251 = VECTOR ( 'NONE', #3950, 1000.000000000000000 ) ;
#5252 = CARTESIAN_POINT ( 'NONE',  ( 19.50000000000000355, 27.43776176121572874, -7.975406447621463002 ) ) ;
#5253 = CARTESIAN_POINT ( 'NONE',  ( -46.89498263348666285, 67.28720105673446028, -15.48623313292240411 ) ) ;
#5254 = CARTESIAN_POINT ( 'NONE',  ( -21.12826865897091366, 41.39829971076620296, -21.85510053832736688 ) ) ;
#5255 =( GEOMETRIC_REPRESENTATION_CONTEXT ( 3 ) GLOBAL_UNCERTAINTY_ASSIGNED_CONTEXT ( ( #3687 ) ) GLOBAL_UNIT_ASSIGNED_CONTEXT ( ( #1746, #2366, #6125 ) ) REPRESENTATION_CONTEXT ( 'NONE', 'WORKASPACE' ) );
#5256 = VERTEX_POINT ( 'NONE', #6354 ) ;
#5257 = ORIENTED_EDGE ( 'NONE', *, *, #4019, .T. ) ;
#5258 = UNCERTAINTY_MEASURE_WITH_UNIT (LENGTH_MEASURE( 1.000000000000000082E-05 ), #3688, 'distance_accuracy_value', 'NONE');
#5259 =( NAMED_UNIT ( * ) SI_UNIT ( $, .STERADIAN. ) SOLID_ANGLE_UNIT ( ) );
#5260 = DIRECTION ( 'NONE',  ( 0.000000000000000000, -0.5000000376206866770, 0.8660253820641238276 ) ) ;
#5261 = EDGE_CURVE ( 'NONE', #4638, #5860, #4598, .T. ) ;
#5262 = AXIS2_PLACEMENT_3D ( 'NONE', #3182, #3693, #7069 ) ;
#5263 = LINE ( 'NONE', #419, #668 ) ;
#5264 = CARTESIAN_POINT ( 'NONE',  ( 15.08506231342959936, -20.86940764386208258, 28.22368491557550030 ) ) ;
#5265 = EDGE_LOOP ( 'NONE', ( #92, #2387, #5869, #2843 ) ) ;
#5266 = DIRECTION ( 'NONE',  ( 0.000000000000000000, 0.4999972845803739019, -0.8660269715270145774 ) ) ;
#5267 = CARTESIAN_POINT ( 'NONE',  ( 25.50000000000000355, 2.082147297200949154, 38.02375028724618744 ) ) ;
#5268 = CARTESIAN_POINT ( 'NONE',  ( -32.88196547340965736, 62.71736191723603326, 9.010444302888656054 ) ) ;
#5269 = DIRECTION ( 'NONE',  ( 0.000000000000000000, 0.000000000000000000, 1.000000000000000000 ) ) ;
#5270 = EDGE_CURVE ( 'NONE', #121, #3421, #335, .T. ) ;
#5271 = CARTESIAN_POINT ( 'NONE',  ( -26.39483257986295683, 37.84537553895382445, -6.504056737241618258 ) ) ;
#5272 = SURFACE_STYLE_USAGE ( .BOTH. , #2479 ) ;
#5273 = EDGE_CURVE ( 'NONE', #2807, #1198, #6578, .T. ) ;
#5274 = FILL_AREA_STYLE ('',( #1573 ) ) ;
#5275 = CARTESIAN_POINT ( 'NONE',  ( 18.49999999999997868, -24.21714881219269699, 12.52368491557550101 ) ) ;
#5276 = CARTESIAN_POINT ( 'NONE',  ( 24.26843290631111572, 46.80131637669734346, -24.48004066686194591 ) ) ;
#5277 = CARTESIAN_POINT ( 'NONE',  ( 21.42506514071895296, 34.00509830799502708, -8.454692586505297314 ) ) ;
#5278 = CARTESIAN_POINT ( 'NONE',  ( 42.26696529766086030, 39.82532915037729992, -4.205792012997621399 ) ) ;
#5279 = VERTEX_POINT ( 'NONE', #3039 ) ;
#5280 = ORIENTED_EDGE ( 'NONE', *, *, #2502, .F. ) ;
#5281 = CARTESIAN_POINT ( 'NONE',  ( -19.50000000000000000, 18.02632336280772662, 10.40742728425718866 ) ) ;
#5282 = FILL_AREA_STYLE ('',( #2050 ) ) ;
#5283 = SURFACE_STYLE_USAGE ( .BOTH. , #3090 ) ;
#5284 = ORIENTED_EDGE ( 'NONE', *, *, #705, .F. ) ;
#5285 = DIRECTION ( 'NONE',  ( -6.442591512363824568E-17, 1.000000000000000000, 0.000000000000000000 ) ) ;
#5286 = DIRECTION ( 'NONE',  ( -1.000000000000000000, 0.000000000000000000, 0.000000000000000000 ) ) ;
#5287 = SURFACE_SIDE_STYLE ('',( #6907 ) ) ;
#5288 = CARTESIAN_POINT ( 'NONE',  ( -29.75441069512988079, 44.77733075341913604, -28.48175303172272876 ) ) ;
#5289 = CARTESIAN_POINT ( 'NONE',  ( -19.81905168334843026, 37.99642808954097006, -20.32086622303189216 ) ) ;
#5290 = SURFACE_STYLE_FILL_AREA ( #1409 ) ;
#5291 = VERTEX_POINT ( 'NONE', #6896 ) ;
#5292 = ORIENTED_EDGE ( 'NONE', *, *, #1175, .F. ) ;
#5293 = FILL_AREA_STYLE_COLOUR ( '', #2799 ) ;
#5294 = EDGE_CURVE ( 'NONE', #4862, #2695, #4704, .T. ) ;
#5295 =( NAMED_UNIT ( * ) SI_UNIT ( $, .STERADIAN. ) SOLID_ANGLE_UNIT ( ) );
#5296 =( NAMED_UNIT ( * ) SI_UNIT ( $, .STERADIAN. ) SOLID_ANGLE_UNIT ( ) );
#5297 = PRESENTATION_STYLE_ASSIGNMENT (( #3583 ) ) ;
#5298 = VERTEX_POINT ( 'NONE', #828 ) ;
#5299 = ORIENTED_EDGE ( 'NONE', *, *, #1991, .F. ) ;
#5300 = SURFACE_STYLE_FILL_AREA ( #6317 ) ;
#5301 = CARTESIAN_POINT ( 'NONE',  ( 19.50000000000000000, 28.87968704595207114, -8.391286171320647469 ) ) ;
#5302 = DIRECTION ( 'NONE',  ( -0.7071067811865414665, 0.000000000000000000, 0.7071067811865536790 ) ) ;
#5303 =( NAMED_UNIT ( * ) PLANE_ANGLE_UNIT ( ) SI_UNIT ( $, .RADIAN. ) );
#5304 = SURFACE_STYLE_FILL_AREA ( #3036 ) ;
#5305 = CARTESIAN_POINT ( 'NONE',  ( 19.56119288091281661, 30.02477459712466512, -8.660233480418972007 ) ) ;
#5306 = EDGE_CURVE ( 'NONE', #6791, #5860, #6016, .T. ) ;
#5307 = FILL_AREA_STYLE ('',( #6430 ) ) ;
#5308 = CARTESIAN_POINT ( 'NONE',  ( 26.50413136611705411, 47.71571972361474678, -23.44815459353655029 ) ) ;
#5309 = CARTESIAN_POINT ( 'NONE',  ( 27.05467544013711390, 47.90272934312741882, -22.58717359994988527 ) ) ;
#5310 = FACE_OUTER_BOUND ( 'NONE', #4096, .T. ) ;
#5311 = ORIENTED_EDGE ( 'NONE', *, *, #1152, .T. ) ;
#5312 = ORIENTED_EDGE ( 'NONE', *, *, #4432, .F. ) ;
#5313 = LINE ( 'NONE', #5281, #2269 ) ;
#5314 = PRESENTATION_STYLE_ASSIGNMENT (( #5283 ) ) ;
#5315 = ORIENTED_EDGE ( 'NONE', *, *, #5178, .T. ) ;
#5316 = ORIENTED_EDGE ( 'NONE', *, *, #4825, .F. ) ;
#5317 =( LENGTH_UNIT ( ) NAMED_UNIT ( * ) SI_UNIT ( .MILLI., .METRE. ) );
#5318 = STYLED_ITEM ( 'NONE', ( #4585 ), #4587 ) ;
#5319 = CARTESIAN_POINT ( 'NONE',  ( -35.89546684842913749, 76.55604535623579920, -8.980200063136519972 ) ) ;
#5320 = CARTESIAN_POINT ( 'NONE',  ( -22.49842161505969784, 62.33407271851740461, -14.88180706085177540 ) ) ;
#5321 = CARTESIAN_POINT ( 'NONE',  ( -19.53430644005252859, 35.98266876260957048, -19.41267381464013653 ) ) ;
#5322 = CARTESIAN_POINT ( 'NONE',  ( 86.49986941064341295, 38.22356071531348221, -5.130292386296972040 ) ) ;
#5323 = EDGE_CURVE ( 'NONE', #7088, #4469, #1549, .T. ) ;
#5324 = UNCERTAINTY_MEASURE_WITH_UNIT (LENGTH_MEASURE( 1.000000000000000082E-05 ), #1146, 'distance_accuracy_value', 'NONE');
#5325 = UNCERTAINTY_MEASURE_WITH_UNIT (LENGTH_MEASURE( 1.000000000000000082E-05 ), #3697, 'distance_accuracy_value', 'NONE');
#5326 =( NAMED_UNIT ( * ) PLANE_ANGLE_UNIT ( ) SI_UNIT ( $, .RADIAN. ) );
#5327 = B_SPLINE_SURFACE_WITH_KNOTS ( 'NONE', 1, 3, ( 
 ( #1040, #7062, #2139, #6530, #4932, #1739, #2922, #5610, #5068, #1871, #6695, #2427, #212, #1767, #1338, #4612, #1843, #3540 ),
 ( #6800, #5105, #253, #3937, #4037, #3463, #171, #2888, #4069, #2992, #698, #6265, #6116, #6730, #3393, #1301, #3501, #5574 ) ),
 .UNSPECIFIED., .F., .F., .F.,
 ( 2, 2 ),
 ( 4, 2, 2, 2, 2, 2, 2, 2, 4 ),
 ( 0.000000000000000000, 1.000000000000000000 ),
 ( 6.283140907863800528, 6.479495999036680942, 6.675851090209560468, 6.872206181382439993, 7.068561272555319519, 7.264916363728199045, 7.461271454901079458, 7.657626546073959872, 7.853981637246839398 ),
 .UNSPECIFIED. ) ;
#5328 = PRESENTATION_LAYER_ASSIGNMENT (  '', '', ( #1100 ) ) ;
#5329 = FACE_OUTER_BOUND ( 'NONE', #4221, .T. ) ;
#5330 =( NAMED_UNIT ( * ) SI_UNIT ( $, .STERADIAN. ) SOLID_ANGLE_UNIT ( ) );
#5331 = ADVANCED_FACE ( 'NONE', ( #2978 ), #3079, .F. ) ;
#5332 = VERTEX_POINT ( 'NONE', #3369 ) ;
#5333 = MECHANICAL_DESIGN_GEOMETRIC_PRESENTATION_REPRESENTATION (  '', ( #864 ), #5099 ) ;
#5334 = CARTESIAN_POINT ( 'NONE',  ( -18.50000000000001421, -7.431945887776403303, 12.52368491557550101 ) ) ;
#5335 = CARTESIAN_POINT ( 'NONE',  ( -21.10996928087656244, 42.23845044358698431, -22.51649567437999977 ) ) ;
#5336 = AXIS2_PLACEMENT_3D ( 'NONE', #5232, #905, #2620 ) ;
#5337 =( GEOMETRIC_REPRESENTATION_CONTEXT ( 3 ) GLOBAL_UNCERTAINTY_ASSIGNED_CONTEXT ( ( #1448 ) ) GLOBAL_UNIT_ASSIGNED_CONTEXT ( ( #7058, #2131, #1594 ) ) REPRESENTATION_CONTEXT ( 'NONE', 'WORKASPACE' ) );
#5338 = STYLED_ITEM ( 'NONE', ( #4078 ), #6262 ) ;
#5339 = PRESENTATION_STYLE_ASSIGNMENT (( #2072 ) ) ;
#5340 = CARTESIAN_POINT ( 'NONE',  ( 18.52544269909844488, 29.79729388859306738, -7.540508691352780346 ) ) ;
#5341 = ADVANCED_FACE ( 'NONE', ( #632 ), #3879, .F. ) ;
#5342 = CARTESIAN_POINT ( 'NONE',  ( 49.66175743297703349, 57.48269023568970937, -23.18524746362304612 ) ) ;
#5343 = FILL_AREA_STYLE_COLOUR ( '', #2721 ) ;
#5344 = VECTOR ( 'NONE', #4009, 1000.000000000000000 ) ;
#5345 = SURFACE_SIDE_STYLE ('',( #2257 ) ) ;
#5346 = ORIENTED_EDGE ( 'NONE', *, *, #1315, .F. ) ;
#5347 = EDGE_LOOP ( 'NONE', ( #4162, #5831, #4138, #1258 ) ) ;
#5348 = DIRECTION ( 'NONE',  ( 1.000000000000000000, -0.000000000000000000, -0.000000000000000000 ) ) ;
#5349 = CARTESIAN_POINT ( 'NONE',  ( -28.76954784814419597, 48.75128733779457946, -23.52626903355454502 ) ) ;
#5350 = EDGE_LOOP ( 'NONE', ( #4829, #1326, #4853, #3465 ) ) ;
#5351 = EDGE_LOOP ( 'NONE', ( #6215, #835, #4918, #699 ) ) ;
#5352 = AXIS2_PLACEMENT_3D ( 'NONE', #5239, #4056, #4127 ) ;
#5353 = CIRCLE ( 'NONE', #6391, 11.99999999999999467 ) ;
#5354 =( NAMED_UNIT ( * ) SI_UNIT ( $, .STERADIAN. ) SOLID_ANGLE_UNIT ( ) );
#5355 = CARTESIAN_POINT ( 'NONE',  ( -45.45174740188300433, 53.69519445882149711, -23.33807083747507960 ) ) ;
#5356 = MECHANICAL_DESIGN_GEOMETRIC_PRESENTATION_REPRESENTATION (  '', ( #4667 ), #5005 ) ;
#5357 = CARTESIAN_POINT ( 'NONE',  ( -35.89542245536085829, 76.19001723770421108, -10.34622703385734610 ) ) ;
#5358 = CARTESIAN_POINT ( 'NONE',  ( 47.86651428099030170, 39.43456400215391255, -4.431367207291295962 ) ) ;
#5359 = ADVANCED_FACE ( 'NONE', ( #2143 ), #1546, .T. ) ;
#5360 = CARTESIAN_POINT ( 'NONE',  ( -39.43966899468575349, 75.70336455077749349, -10.62719405913151149 ) ) ;
#5361 = ORIENTED_EDGE ( 'NONE', *, *, #3220, .T. ) ;
#5362 = DIRECTION ( 'NONE',  ( -1.000000000000000000, 0.000000000000000000, 0.000000000000000000 ) ) ;
#5363 = CARTESIAN_POINT ( 'NONE',  ( 29.59279010568923951, 38.73212681556235992, -5.991737409477534193 ) ) ;
#5364 = CARTESIAN_POINT ( 'NONE',  ( -15.11493768657039993, -20.86940764386208258, 37.42368491557549248 ) ) ;
#5365 = VERTEX_POINT ( 'NONE', #6089 ) ;
#5366 = CIRCLE ( 'NONE', #3892, 1.649999999999998579 ) ;
#5367 = CARTESIAN_POINT ( 'NONE',  ( 28.55001532736566006, 38.66427402352521625, -5.893630151112031257 ) ) ;
#5368 = CONICAL_SURFACE ( 'NONE', #7096, 6.999999999999984901, 0.7853981633974539411 ) ;
#5369 = LINE ( 'NONE', #6047, #1009 ) ;
#5370 = PRESENTATION_LAYER_ASSIGNMENT (  '', '', ( #5480 ) ) ;
#5371 = AXIS2_PLACEMENT_3D ( 'NONE', #6208, #150, #2339 ) ;
#5372 = DIRECTION ( 'NONE',  ( 6.054055702906201236E-17, -0.9396926207859068736, 0.3420201433256725432 ) ) ;
#5373 = SURFACE_SIDE_STYLE ('',( #1986 ) ) ;
#5374 = ORIENTED_EDGE ( 'NONE', *, *, #4121, .F. ) ;
#5375 = ORIENTED_EDGE ( 'NONE', *, *, #5026, .T. ) ;
#5376 = CYLINDRICAL_SURFACE ( 'NONE', #2625, 12.00000000000000355 ) ;
#5377 = MECHANICAL_DESIGN_GEOMETRIC_PRESENTATION_REPRESENTATION (  '', ( #1244 ), #1355 ) ;
#5378 = EDGE_CURVE ( 'NONE', #819, #5291, #1466, .T. ) ;
#5379 = EDGE_CURVE ( 'NONE', #4064, #2070, #6543, .T. ) ;
#5380 = LINE ( 'NONE', #1075, #3786 ) ;
#5381 = AXIS2_PLACEMENT_3D ( 'NONE', #5695, #6812, #4560 ) ;
#5382 = ORIENTED_EDGE ( 'NONE', *, *, #2777, .T. ) ;
#5383 = CARTESIAN_POINT ( 'NONE',  ( -44.79507959575789044, 41.59827628230058139, -3.182734623770412163 ) ) ;
#5384 =( LENGTH_UNIT ( ) NAMED_UNIT ( * ) SI_UNIT ( .MILLI., .METRE. ) );
#5385 = CARTESIAN_POINT ( 'NONE',  ( 43.34677055335091467, 51.80148370736171870, -23.41448399199838093 ) ) ;
#5386 = CARTESIAN_POINT ( 'NONE',  ( 19.24905051895658303, 32.49210166491827323, -7.557466649822982774 ) ) ;
#5387 = FILL_AREA_STYLE_COLOUR ( '', #7074 ) ;
#5388 = VERTEX_POINT ( 'NONE', #4364 ) ;
#5389 = CARTESIAN_POINT ( 'NONE',  ( -22.25718122063848625, 35.45685957666072596, -6.687860612065241739 ) ) ;
#5390 = CARTESIAN_POINT ( 'NONE',  ( -36.31477043246970027, 40.93479225585357284, -3.565750178312177887 ) ) ;
#5391 = SURFACE_STYLE_FILL_AREA ( #6642 ) ;
#5392 = ORIENTED_EDGE ( 'NONE', *, *, #5653, .T. ) ;
#5393 = CARTESIAN_POINT ( 'NONE',  ( -18.50000000000000711, -2.835679229062512352, 10.38041057369471076 ) ) ;
#5394 = CARTESIAN_POINT ( 'NONE',  ( -23.18121365309702853, 49.79577880811289958, -24.48005005597993033 ) ) ;
#5395 = CARTESIAN_POINT ( 'NONE',  ( 43.04225255781938841, 51.53643940549415703, -23.42516867931865931 ) ) ;
#5396 = LINE ( 'NONE', #2126, #4188 ) ;
#5397 = DIRECTION ( 'NONE',  ( 0.000000000000000000, 1.000000000000000000, 0.000000000000000000 ) ) ;
#5398 = VERTEX_POINT ( 'NONE', #572 ) ;
#5399 = FILL_AREA_STYLE_COLOUR ( '', #5534 ) ;
#5400 = CARTESIAN_POINT ( 'NONE',  ( 28.10084175786132832, 38.53319782730675058, -6.106599238053896705 ) ) ;
#5401 = B_SPLINE_CURVE_WITH_KNOTS ( 'NONE', 3,
 ( #2247, #4427, #2885, #6861, #3040, #6627, #623, #2811, #4995, #97, #4259, #5305, #3142, #501, #3219, #6462 ),
 .UNSPECIFIED., .F., .F.,
 ( 4, 2, 2, 2, 2, 2, 2, 4 ),
 ( 0.000000000000000000, 0.1250000000000007494, 0.2500000000000014988, 0.5000000000000021094, 0.6250000000000008882, 0.6875000000000002220, 0.7499999999999995559, 1.000000000000000000 ),
 .UNSPECIFIED. ) ;
#5402 = LINE ( 'NONE', #6377, #5823 ) ;
#5403 = CARTESIAN_POINT ( 'NONE',  ( -18.64521880135463405, 30.70276635483343597, -7.626549485683425722 ) ) ;
#5404 = EDGE_LOOP ( 'NONE', ( #3846, #914, #3741, #4879 ) ) ;
#5405 = CYLINDRICAL_SURFACE ( 'NONE', #1200, 1.650000000000000355 ) ;
#5406 = CARTESIAN_POINT ( 'NONE',  ( -28.43833379432112807, 38.65412216790509348, -5.876046623150840809 ) ) ;
#5407 = FILL_AREA_STYLE_COLOUR ( '', #3323 ) ;
#5408 = VERTEX_POINT ( 'NONE', #6568 ) ;
#5409 = EDGE_CURVE ( 'NONE', #202, #3394, #4398, .T. ) ;
#5410 = CARTESIAN_POINT ( 'NONE',  ( -12.66493768657040064, -14.71714881219270055, 38.92368491557547827 ) ) ;
#5411 = FACE_BOUND ( 'NONE', #190, .T. ) ;
#5412 = CARTESIAN_POINT ( 'NONE',  ( -39.89640720707468802, 76.18986340611914443, -10.34631584792127690 ) ) ;
#5413 = LINE ( 'NONE', #940, #5570 ) ;
#5414 = CARTESIAN_POINT ( 'NONE',  ( 22.88431055117924018, 47.90292518326594262, -22.58715882757940463 ) ) ;
#5415 = CARTESIAN_POINT ( 'NONE',  ( 18.64344269474696247, 30.69861114159002824, -7.626978234619980590 ) ) ;
#5416 = ORIENTED_EDGE ( 'NONE', *, *, #1774, .T. ) ;
#5417 = CARTESIAN_POINT ( 'NONE',  ( 21.54897235278889411, 42.03196272863101512, -22.14089146304971933 ) ) ;
#5418 = FACE_OUTER_BOUND ( 'NONE', #2382, .T. ) ;
#5419 = EDGE_LOOP ( 'NONE', ( #6052, #2780, #2429, #5136 ) ) ;
#5420 = ADVANCED_FACE ( 'NONE', ( #71 ), #2255, .F. ) ;
#5421 = ORIENTED_EDGE ( 'NONE', *, *, #3365, .T. ) ;
#5422 = CARTESIAN_POINT ( 'NONE',  ( 19.33075992425234446, 39.52989418216665740, -21.68088623205959564 ) ) ;
#5423 = CARTESIAN_POINT ( 'NONE',  ( -21.91022191296089616, 48.84940709930098990, -23.53359745724452168 ) ) ;
#5424 = CARTESIAN_POINT ( 'NONE',  ( 19.49999999999999645, 27.90818978748190560, -8.146640339546559417 ) ) ;
#5425 = CIRCLE ( 'NONE', #1076, 2.000000000000016431 ) ;
#5426 = CARTESIAN_POINT ( 'NONE',  ( -41.57784432738757374, 51.04606855677300103, -23.95745225023472003 ) ) ;
#5427 = DIRECTION ( 'NONE',  ( 2.706087425401230462E-16, 0.4999972845804243060, -0.8660269715269856006 ) ) ;
#5428 = VERTEX_POINT ( 'NONE', #4546 ) ;
#5429 =( NAMED_UNIT ( * ) PLANE_ANGLE_UNIT ( ) SI_UNIT ( $, .RADIAN. ) );
#5430 = CARTESIAN_POINT ( 'NONE',  ( -19.50920209833135388, 35.50103892008853990, -19.19546153791941379 ) ) ;
#5431 = VERTEX_POINT ( 'NONE', #3548 ) ;
#5432 = CARTESIAN_POINT ( 'NONE',  ( 27.15771294201221409, 38.45556091684902356, -5.532128482409840231 ) ) ;
#5433 = CARTESIAN_POINT ( 'NONE',  ( 19.51551000030971394, 35.66059564658133496, -19.26741845639499218 ) ) ;
#5434 = CARTESIAN_POINT ( 'NONE',  ( -18.86306021396720212, 31.56796365797130832, -7.635067400753369427 ) ) ;
#5435 = ORIENTED_EDGE ( 'NONE', *, *, #4380, .T. ) ;
#5436 = CARTESIAN_POINT ( 'NONE',  ( -21.54897235278889767, 5.992657591753669521, 40.28146810999789551 ) ) ;
#5437 = CARTESIAN_POINT ( 'NONE',  ( -22.49842161505969784, 62.33407271851740461, -14.88180706085177540 ) ) ;
#5438 = VECTOR ( 'NONE', #6553, 1000.000000000000114 ) ;
#5439 = EDGE_CURVE ( 'NONE', #3858, #2994, #2997, .T. ) ;
#5440 = CARTESIAN_POINT ( 'NONE',  ( 18.49999999999998934, 27.36276798480148997, 0.8386076724324551535 ) ) ;
#5441 = COLOUR_RGB ( '',0.7529411764705882248, 0.7529411764705882248, 0.7529411764705882248 ) ;
#5442 = SURFACE_STYLE_FILL_AREA ( #3253 ) ;
#5443 = CARTESIAN_POINT ( 'NONE',  ( -19.50000000000000355, 27.43801397486848970, -7.975498245883748005 ) ) ;
#5444 = ADVANCED_FACE ( 'NONE', ( #6229 ), #6248, .F. ) ;
#5445 = CARTESIAN_POINT ( 'NONE',  ( 44.02799330833388325, 51.06144441095202069, -22.34890931875366604 ) ) ;
#5446 = CARTESIAN_POINT ( 'NONE',  ( -19.50000000000000000, 34.98238854211788862, -18.96155176644822404 ) ) ;
#5447 = ORIENTED_EDGE ( 'NONE', *, *, #4840, .T. ) ;
#5448 =( GEOMETRIC_REPRESENTATION_CONTEXT ( 3 ) GLOBAL_UNCERTAINTY_ASSIGNED_CONTEXT ( ( #2209 ) ) GLOBAL_UNIT_ASSIGNED_CONTEXT ( ( #2015, #1947, #3538 ) ) REPRESENTATION_CONTEXT ( 'NONE', 'WORKASPACE' ) );
#5449 = CARTESIAN_POINT ( 'NONE',  ( -20.93780104584077151, 41.10260514265821996, -21.72175359922390925 ) ) ;
#5450 = ORIENTED_EDGE ( 'NONE', *, *, #79, .F. ) ;
#5451 = B_SPLINE_SURFACE_WITH_KNOTS ( 'NONE', 1, 3, ( 
 ( #5616, #5684, #1880, #4696, #2404, #2927, #6806, #1248, #2999, #5074 ),
 ( #177, #2361, #4549, #6201, #5157, #3582, #2469, #1281, #4044, #6316 ) ),
 .UNSPECIFIED., .F., .F., .F.,
 ( 2, 2 ),
 ( 4, 2, 2, 2, 4 ),
 ( 0.000000000000000000, 1.000000000000000000 ),
 ( 3.860422653211417199, 4.073414235004735318, 4.286405816798054325, 4.499397398591373332, 4.712388980384691450 ),
 .UNSPECIFIED. ) ;
#5452 = VECTOR ( 'NONE', #4828, 1000.000000000000000 ) ;
#5453 = DIRECTION ( 'NONE',  ( -0.7071067811865445751, 0.5416752204197067266, 0.4545194776720423713 ) ) ;
#5454 = CARTESIAN_POINT ( 'NONE',  ( -24.45220539323315734, 50.74215051692479506, -25.42650265471533544 ) ) ;
#5455 =( GEOMETRIC_REPRESENTATION_CONTEXT ( 3 ) GLOBAL_UNCERTAINTY_ASSIGNED_CONTEXT ( ( #562 ) ) GLOBAL_UNIT_ASSIGNED_CONTEXT ( ( #3637, #5739, #6252 ) ) REPRESENTATION_CONTEXT ( 'NONE', 'WORKASPACE' ) );
#5456 = CARTESIAN_POINT ( 'NONE',  ( -41.91336977143423326, 51.15239479155154356, -23.84890588049816529 ) ) ;
#5457 = CARTESIAN_POINT ( 'NONE',  ( -19.08835225239958078, 32.14675677286462019, -7.594669303737338950 ) ) ;
#5458 = VECTOR ( 'NONE', #1360, 1000.000000000000114 ) ;
#5459 = B_SPLINE_CURVE_WITH_KNOTS ( 'NONE', 3,
 ( #2465, #3325, #520, #1660, #7104, #2212, #5897, #1096, #5432, #2136, #7059, #6045, #4954, #2675, #1140, #3719, #1596, #5367, #3281, #2745, #459, #2708, #5499, #595 ),
 .UNSPECIFIED., .F., .F.,
 ( 4, 1, 1, 1, 2, 2, 1, 1, 1, 2, 2, 1, 1, 2, 2, 4 ),
 ( 0.000000000000000000, 0.1250000000000083267, 0.1875000000000124900, 0.2187500000000151268, 0.2343750000000159039, 0.2500000000000166533, 0.3750000000000213163, 0.4375000000000237588, 0.4687500000000245914, 0.4843750000000245914, 0.5000000000000245359, 0.6250000000000216493, 0.6875000000000200950, 0.7187500000000192069, 0.7500000000000182077, 1.000000000000000000 ),
 .UNSPECIFIED. ) ;
#5460 = CARTESIAN_POINT ( 'NONE',  ( -39.40926745949978027, 50.47803919219801827, -24.48005219520280917 ) ) ;
#5461 = ORIENTED_EDGE ( 'NONE', *, *, #5749, .F. ) ;
#5462 = ORIENTED_EDGE ( 'NONE', *, *, #5624, .F. ) ;
#5463 = CARTESIAN_POINT ( 'NONE',  ( 29.21437544657719698, 38.71294644891857928, -6.002813767373292642 ) ) ;
#5464 = VECTOR ( 'NONE', #7030, 1000.000000000000000 ) ;
#5465 =( GEOMETRIC_REPRESENTATION_CONTEXT ( 3 ) GLOBAL_UNCERTAINTY_ASSIGNED_CONTEXT ( ( #1555 ) ) GLOBAL_UNIT_ASSIGNED_CONTEXT ( ( #537, #6572, #3298 ) ) REPRESENTATION_CONTEXT ( 'NONE', 'WORKASPACE' ) );
#5466 = DIRECTION ( 'NONE',  ( -3.930489233341646173E-19, 0.8660269715269843793, 0.4999972845804261934 ) ) ;
#5467 = MECHANICAL_DESIGN_GEOMETRIC_PRESENTATION_REPRESENTATION (  '', ( #6966 ), #3880 ) ;
#5468 = CARTESIAN_POINT ( 'NONE',  ( 21.39163210167389551, 41.81703632663867154, -22.04397225411108607 ) ) ;
#5469 = CARTESIAN_POINT ( 'NONE',  ( -18.72685731845523804, 31.08040654837130745, -7.638945009312304357 ) ) ;
#5470 = EDGE_LOOP ( 'NONE', ( #4990, #2635, #6444, #4173 ) ) ;
#5471 = VERTEX_POINT ( 'NONE', #6199 ) ;
#5472 = PRESENTATION_LAYER_ASSIGNMENT (  '', '', ( #4330 ) ) ;
#5473 = ADVANCED_FACE ( 'NONE', ( #1279 ), #3468, .F. ) ;
#5474 = CARTESIAN_POINT ( 'NONE',  ( -27.75443669168125282, 38.56237251564250812, -5.717131579797939622 ) ) ;
#5475 = MECHANICAL_DESIGN_GEOMETRIC_PRESENTATION_REPRESENTATION (  '', ( #2038 ), #5586 ) ;
#5476 =( GEOMETRIC_REPRESENTATION_CONTEXT ( 3 ) GLOBAL_UNCERTAINTY_ASSIGNED_CONTEXT ( ( #6417 ) ) GLOBAL_UNIT_ASSIGNED_CONTEXT ( ( #1733, #6043, #4992 ) ) REPRESENTATION_CONTEXT ( 'NONE', 'WORKASPACE' ) );
#5477 = CARTESIAN_POINT ( 'NONE',  ( -25.80330130665942434, 37.43822056668341958, -6.739122924274178139 ) ) ;
#5478 = ORIENTED_EDGE ( 'NONE', *, *, #640, .F. ) ;
#5479 = DIRECTION ( 'NONE',  ( 0.000000000000000000, 0.000000000000000000, -1.000000000000000000 ) ) ;
#5480 = STYLED_ITEM ( 'NONE', ( #3072 ), #4463 ) ;
#5481 =( GEOMETRIC_REPRESENTATION_CONTEXT ( 3 ) GLOBAL_UNCERTAINTY_ASSIGNED_CONTEXT ( ( #6988 ) ) GLOBAL_UNIT_ASSIGNED_CONTEXT ( ( #1263, #3906, #4983 ) ) REPRESENTATION_CONTEXT ( 'NONE', 'WORKASPACE' ) );
#5482 = ADVANCED_FACE ( 'NONE', ( #3614 ), #1983, .T. ) ;
#5483 = CONICAL_SURFACE ( 'NONE', #2636, 3.399999991770999319, 0.7853981633974476129 ) ;
#5484 = CARTESIAN_POINT ( 'NONE',  ( 48.40543235486690321, 57.82565156061151868, -24.48007523359462212 ) ) ;
#5485 = ORIENTED_EDGE ( 'NONE', *, *, #54, .F. ) ;
#5486 = CARTESIAN_POINT ( 'NONE',  ( -20.89046774492037528, 42.34169430106467757, -22.70429778004465149 ) ) ;
#5487 = ORIENTED_EDGE ( 'NONE', *, *, #2165, .F. ) ;
#5488 =( LENGTH_UNIT ( ) NAMED_UNIT ( * ) SI_UNIT ( .MILLI., .METRE. ) );
#5489 = CARTESIAN_POINT ( 'NONE',  ( -46.49211815146106375, 56.06424178372559197, -24.48006971070536153 ) ) ;
#5490 = CARTESIAN_POINT ( 'NONE',  ( -39.73464668494850827, 50.54823486283974887, -24.42030590502852050 ) ) ;
#5491 = FACE_OUTER_BOUND ( 'NONE', #4011, .T. ) ;
#5492 = ORIENTED_EDGE ( 'NONE', *, *, #3733, .T. ) ;
#5493 = VERTEX_POINT ( 'NONE', #930 ) ;
#5494 = DIRECTION ( 'NONE',  ( 0.000000000000000000, 0.000000000000000000, -1.000000000000000000 ) ) ;
#5495 =( LENGTH_UNIT ( ) NAMED_UNIT ( * ) SI_UNIT ( .MILLI., .METRE. ) );
#5496 = UNCERTAINTY_MEASURE_WITH_UNIT (LENGTH_MEASURE( 1.000000000000000082E-05 ), #3588, 'distance_accuracy_value', 'NONE');
#5497 = DIRECTION ( 'NONE',  ( -0.000000000000000000, 1.000000000000000000, 0.000000000000000000 ) ) ;
#5498 = EDGE_CURVE ( 'NONE', #4469, #3840, #1823, .T. ) ;
#5499 = CARTESIAN_POINT ( 'NONE',  ( 29.44305025678583121, 38.72371480398808075, -5.996584592586673423 ) ) ;
#5500 = CARTESIAN_POINT ( 'NONE',  ( 20.24046662717577405, 39.49156564870779107, -20.99516339734946158 ) ) ;
#5501 = FACE_OUTER_BOUND ( 'NONE', #4401, .T. ) ;
#5502 = ORIENTED_EDGE ( 'NONE', *, *, #2219, .F. ) ;
#5503 = ORIENTED_EDGE ( 'NONE', *, *, #6809, .T. ) ;
#5504 = EDGE_CURVE ( 'NONE', #3213, #315, #1568, .T. ) ;
#5505 = FILL_AREA_STYLE ('',( #70 ) ) ;
#5506 = CARTESIAN_POINT ( 'NONE',  ( -28.66539340289994087, 38.67577337791534831, -5.913547615171824923 ) ) ;
#5507 = PLANE ( 'NONE',  #2933 ) ;
#5508 = EDGE_LOOP ( 'NONE', ( #3162, #1303, #6273, #1644 ) ) ;
#5509 = CARTESIAN_POINT ( 'NONE',  ( 25.14479114084447176, 37.58983255463452622, -5.496569200829449109 ) ) ;
#5510 = SURFACE_STYLE_FILL_AREA ( #2789 ) ;
#5511 = LINE ( 'NONE', #3405, #3497 ) ;
#5512 = CARTESIAN_POINT ( 'NONE',  ( 42.53564139752356965, 51.35940010053852234, -23.62704751508952228 ) ) ;
#5513 = CARTESIAN_POINT ( 'NONE',  ( 40.13098419046153253, 51.87831163214497110, -25.47980164612872045 ) ) ;
#5514 = CARTESIAN_POINT ( 'NONE',  ( -19.71956553118459254, 30.95822102437446688, -8.773177536855465419 ) ) ;
#5515 = EDGE_CURVE ( 'NONE', #1276, #3086, #1224, .T. ) ;
#5516 = ORIENTED_EDGE ( 'NONE', *, *, #664, .F. ) ;
#5517 = LINE ( 'NONE', #2732, #3888 ) ;
#5518 = EDGE_LOOP ( 'NONE', ( #6900, #4197, #1481, #4791 ) ) ;
#5519 = ADVANCED_FACE ( 'NONE', ( #6884 ), #3579, .T. ) ;
#5520 = PRESENTATION_STYLE_ASSIGNMENT (( #3312 ) ) ;
#5521 = CARTESIAN_POINT ( 'NONE',  ( 19.18506231342960078, -24.21714881219269699, 12.52368491557550101 ) ) ;
#5522 = CARTESIAN_POINT ( 'NONE',  ( -40.50007565895970174, 56.84930821376442367, -14.58438765045850971 ) ) ;
#5523 = DIRECTION ( 'NONE',  ( 0.000000000000000000, 0.000000000000000000, 1.000000000000000000 ) ) ;
#5524 = ORIENTED_EDGE ( 'NONE', *, *, #5894, .F. ) ;
#5525 = PRESENTATION_LAYER_ASSIGNMENT (  '', '', ( #6220 ) ) ;
#5526 = ORIENTED_EDGE ( 'NONE', *, *, #1391, .F. ) ;
#5527 = CARTESIAN_POINT ( 'NONE',  ( -26.05856758730185518, 48.68324590209301306, -24.48004656763993836 ) ) ;
#5528 = B_SPLINE_CURVE_WITH_KNOTS ( 'NONE', 3,
 ( #6930, #5733, #4055, #4090, #3008, #5660, #298, #4669, #2552, #5699, #3590, #6862, #1935, #4599, #4632, #272 ),
 .UNSPECIFIED., .F., .F.,
 ( 4, 2, 2, 2, 2, 2, 2, 4 ),
 ( 0.000000000000000000, 0.1249999999999998890, 0.2499999999999997780, 0.3749999999999996669, 0.4999999999999995559, 0.6249999999999994449, 0.7499999999999993339, 1.000000000000000000 ),
 .UNSPECIFIED. ) ;
#5529 = CARTESIAN_POINT ( 'NONE',  ( 35.86651428099028749, 49.86604455283541881, -1.295665701950209359 ) ) ;
#5530 = EDGE_CURVE ( 'NONE', #3544, #4345, #2223, .T. ) ;
#5531 = CONICAL_SURFACE ( 'NONE', #5188, 1.650000000000000355, 0.7853981633974547183 ) ;
#5532 = SURFACE_STYLE_USAGE ( .BOTH. , #3357 ) ;
#5533 = CARTESIAN_POINT ( 'NONE',  ( -18.50000000000000711, -7.431945887776402415, 6.523684915575501009 ) ) ;
#5534 = COLOUR_RGB ( '',0.7529411764705882248, 0.7529411764705882248, 0.7529411764705882248 ) ;
#5535 = CARTESIAN_POINT ( 'NONE',  ( -18.99144711311178213, 31.91417277353181348, -7.614045578949200532 ) ) ;
#5536 = CARTESIAN_POINT ( 'NONE',  ( 19.50840565880877264, 35.47805837299426912, -19.18509746366835955 ) ) ;
#5537 = CARTESIAN_POINT ( 'NONE',  ( -18.55956531833458811, 30.14688944937202564, -7.583441976558859210 ) ) ;
#5538 =( LENGTH_UNIT ( ) NAMED_UNIT ( * ) SI_UNIT ( .MILLI., .METRE. ) );
#5539 = SURFACE_STYLE_FILL_AREA ( #1178 ) ;
#5540 = EDGE_CURVE ( 'NONE', #5601, #468, #3921, .T. ) ;
#5541 = VECTOR ( 'NONE', #417, 1000.000000000000114 ) ;
#5542 = FACE_OUTER_BOUND ( 'NONE', #1495, .T. ) ;
#5543 = CARTESIAN_POINT ( 'NONE',  ( -15.11493768657039993, -20.86940764386208258, 13.22368491557550030 ) ) ;
#5544 = VERTEX_POINT ( 'NONE', #4941 ) ;
#5545 = CARTESIAN_POINT ( 'NONE',  ( 39.40928696330612269, 50.47804436047828602, -24.48005263035212309 ) ) ;
#5546 = VECTOR ( 'NONE', #6367, 1000.000000000000114 ) ;
#5547 = FILL_AREA_STYLE_COLOUR ( '', #6398 ) ;
#5548 = DIRECTION ( 'NONE',  ( 1.000000000000000000, 0.000000000000000000, 0.000000000000000000 ) ) ;
#5549 = CARTESIAN_POINT ( 'NONE',  ( 42.20349596336008346, 51.24744194882411819, -23.74872998363054322 ) ) ;
#5550 = CARTESIAN_POINT ( 'NONE',  ( 35.86651428099024486, 54.16655387495273999, -28.85148243190855055 ) ) ;
#5551 = CIRCLE ( 'NONE', #3622, 28.65000000000000213 ) ;
#5552 = FACE_OUTER_BOUND ( 'NONE', #6983, .T. ) ;
#5553 = ORIENTED_EDGE ( 'NONE', *, *, #1437, .T. ) ;
#5554 = SURFACE_SIDE_STYLE ('',( #87 ) ) ;
#5555 = ADVANCED_FACE ( 'NONE', ( #1637 ), #4298, .F. ) ;
#5556 = VECTOR ( 'NONE', #2614, 1000.000000000000000 ) ;
#5557 = CYLINDRICAL_SURFACE ( 'NONE', #5024, 10.00000000000000355 ) ;
#5558 =( LENGTH_UNIT ( ) NAMED_UNIT ( * ) SI_UNIT ( .MILLI., .METRE. ) );
#5559 = MECHANICAL_DESIGN_GEOMETRIC_PRESENTATION_REPRESENTATION (  '', ( #746 ), #5448 ) ;
#5560 = PRESENTATION_STYLE_ASSIGNMENT (( #126 ) ) ;
#5561 = ORIENTED_EDGE ( 'NONE', *, *, #2165, .T. ) ;
#5562 = ORIENTED_EDGE ( 'NONE', *, *, #5125, .T. ) ;
#5563 = CARTESIAN_POINT ( 'NONE',  ( 32.88455701042350654, 62.71665018826581672, 9.010455493167729202 ) ) ;
#5564 =( NAMED_UNIT ( * ) PLANE_ANGLE_UNIT ( ) SI_UNIT ( $, .RADIAN. ) );
#5565 = EDGE_LOOP ( 'NONE', ( #2194, #4385 ) ) ;
#5566 = MECHANICAL_DESIGN_GEOMETRIC_PRESENTATION_REPRESENTATION (  '', ( #5800 ), #6497 ) ;
#5567 = CARTESIAN_POINT ( 'NONE',  ( 21.68705810021668157, 35.05016237602738727, -6.890470205471840082 ) ) ;
#5568 =( NAMED_UNIT ( * ) PLANE_ANGLE_UNIT ( ) SI_UNIT ( $, .RADIAN. ) );
#5569 = EDGE_CURVE ( 'NONE', #1219, #1865, #4873, .T. ) ;
#5570 = VECTOR ( 'NONE', #397, 1000.000000000000000 ) ;
#5571 = ADVANCED_FACE ( 'NONE', ( #2828, #3782, #5411 ), #6019, .T. ) ;
#5572 = CARTESIAN_POINT ( 'NONE',  ( 16.08506231342959936, -20.86940764386208258, 40.42368491557549959 ) ) ;
#5573 = CARTESIAN_POINT ( 'NONE',  ( 19.60148496733984658, 36.70106084386022616, -19.73665504138003257 ) ) ;
#5574 = CARTESIAN_POINT ( 'NONE',  ( 35.86602588851668827, 76.19277635274563920, -10.34463406958034959 ) ) ;
#5575 = COLOUR_RGB ( '',0.7529411764705882248, 0.7529411764705882248, 0.7529411764705882248 ) ;
#5576 = ORIENTED_EDGE ( 'NONE', *, *, #5294, .T. ) ;
#5577 = CIRCLE ( 'NONE', #5352, 3.000000000000002665 ) ;
#5578 = CARTESIAN_POINT ( 'NONE',  ( -40.50007565895970174, 55.05075409583498214, -15.62270723505794479 ) ) ;
#5579 =( NAMED_UNIT ( * ) SI_UNIT ( $, .STERADIAN. ) SOLID_ANGLE_UNIT ( ) );
#5580 =( GEOMETRIC_REPRESENTATION_CONTEXT ( 3 ) GLOBAL_UNCERTAINTY_ASSIGNED_CONTEXT ( ( #6914 ) ) GLOBAL_UNIT_ASSIGNED_CONTEXT ( ( #5121, #1821, #786 ) ) REPRESENTATION_CONTEXT ( 'NONE', 'WORKASPACE' ) );
#5581 =( LENGTH_UNIT ( ) NAMED_UNIT ( * ) SI_UNIT ( .MILLI., .METRE. ) );
#5582 = DIRECTION ( 'NONE',  ( -1.000000000000000000, 0.000000000000000000, 0.000000000000000000 ) ) ;
#5583 = EDGE_LOOP ( 'NONE', ( #4863, #5315, #5249, #5213 ) ) ;
#5584 = CARTESIAN_POINT ( 'NONE',  ( 15.08506231342959936, -20.86940764386208258, 13.22368491557550030 ) ) ;
#5585 = PRESENTATION_STYLE_ASSIGNMENT (( #2409 ) ) ;
#5586 =( GEOMETRIC_REPRESENTATION_CONTEXT ( 3 ) GLOBAL_UNCERTAINTY_ASSIGNED_CONTEXT ( ( #4754 ) ) GLOBAL_UNIT_ASSIGNED_CONTEXT ( ( #358, #4800, #5296 ) ) REPRESENTATION_CONTEXT ( 'NONE', 'WORKASPACE' ) );
#5587 = ADVANCED_FACE ( 'NONE', ( #14, #3890 ), #2109, .T. ) ;
#5588 = CIRCLE ( 'NONE', #6638, 6.999999999999985789 ) ;
#5589 = CARTESIAN_POINT ( 'NONE',  ( 43.96596992189455477, 52.17314964717500914, -23.05757586537645665 ) ) ;
#5590 = CARTESIAN_POINT ( 'NONE',  ( 41.57474325199972043, 58.25973439017315769, -30.10778519450132507 ) ) ;
#5591 = AXIS2_PLACEMENT_3D ( 'NONE', #6557, #2740, #1621 ) ;
#5592 = PLANE ( 'NONE',  #1661 ) ;
#5593 = ORIENTED_EDGE ( 'NONE', *, *, #4182, .T. ) ;
#5594 = ADVANCED_FACE ( 'NONE', ( #6797 ), #4474, .F. ) ;
#5595 = DIRECTION ( 'NONE',  ( 3.930489233341645210E-19, -0.8660269715269843793, -0.4999972845804261934 ) ) ;
#5596 = COLOUR_RGB ( '',0.7529411764705882248, 0.7529411764705882248, 0.7529411764705882248 ) ;
#5597 = CARTESIAN_POINT ( 'NONE',  ( 25.80330130564415470, 37.43808083876823645, -6.738880908450088469 ) ) ;
#5598 = CARTESIAN_POINT ( 'NONE',  ( 22.41671248530030169, 63.70551756741828342, -17.55410408586601889 ) ) ;
#5599 =( NAMED_UNIT ( * ) SI_UNIT ( $, .STERADIAN. ) SOLID_ANGLE_UNIT ( ) );
#5600 = VERTEX_POINT ( 'NONE', #1170 ) ;
#5601 = VERTEX_POINT ( 'NONE', #2393 ) ;
#5602 = CARTESIAN_POINT ( 'NONE',  ( -40.50007565895970174, 51.45374474075870097, -17.69951767142424615 ) ) ;
#5603 = SURFACE_STYLE_USAGE ( .BOTH. , #4928 ) ;
#5604 = ORIENTED_EDGE ( 'NONE', *, *, #6875, .T. ) ;
#5605 = CARTESIAN_POINT ( 'NONE',  ( -21.54897235278889411, 34.11149698531527008, -8.422143037199777638 ) ) ;
#5606 = CARTESIAN_POINT ( 'NONE',  ( -25.62477833601675670, 46.87189490340645648, -23.39126139039252905 ) ) ;
#5607 = CARTESIAN_POINT ( 'NONE',  ( 19.50000000000000000, 15.10605689489778136, -9.445994082552108040 ) ) ;
#5608 = CARTESIAN_POINT ( 'NONE',  ( 35.86598148507855655, 65.30876458987376054, 10.50703246060305496 ) ) ;
#5609 = ADVANCED_FACE ( 'NONE', ( #252 ), #1737, .T. ) ;
#5610 = CARTESIAN_POINT ( 'NONE',  ( 45.40766915264824632, 72.50584948846501732, -11.31856621704478982 ) ) ;
#5611 = ORIENTED_EDGE ( 'NONE', *, *, #714, .T. ) ;
#5612 = EDGE_LOOP ( 'NONE', ( #5243, #3492, #689, #2590 ) ) ;
#5613 =( LENGTH_UNIT ( ) NAMED_UNIT ( * ) SI_UNIT ( .MILLI., .METRE. ) );
#5614 = DIRECTION ( 'NONE',  ( 1.000000000000000000, 0.000000000000000000, 0.000000000000000000 ) ) ;
#5615 = CARTESIAN_POINT ( 'NONE',  ( -39.79703961412422331, 49.59539745409769296, -23.50349782331030113 ) ) ;
#5616 = CARTESIAN_POINT ( 'NONE',  ( 20.89046774492037173, 42.34169430106470600, -22.70429778004466570 ) ) ;
#5617 = FILL_AREA_STYLE ('',( #675 ) ) ;
#5618 = VERTEX_POINT ( 'NONE', #3935 ) ;
#5619 = CARTESIAN_POINT ( 'NONE',  ( 43.13589842916010042, 73.84315137983885791, -11.70118085722176282 ) ) ;
#5620 = FACE_OUTER_BOUND ( 'NONE', #480, .T. ) ;
#5621 = CARTESIAN_POINT ( 'NONE',  ( 41.73041914008515363, 52.28633243635766803, -24.14692595558518917 ) ) ;
#5622 = DIRECTION ( 'NONE',  ( 0.7071067811865521247, 0.000000000000000000, 0.7071067811865430208 ) ) ;
#5623 = CARTESIAN_POINT ( 'NONE',  ( -47.89493321689970173, 66.16372278780366400, -14.98016941356527454 ) ) ;
#5624 = EDGE_CURVE ( 'NONE', #5279, #6912, #6114, .T. ) ;
#5625 = VERTEX_POINT ( 'NONE', #2853 ) ;
#5626 = PRESENTATION_STYLE_ASSIGNMENT (( #6652 ) ) ;
#5627 = LINE ( 'NONE', #4494, #1999 ) ;
#5628 = LINE ( 'NONE', #6655, #4782 ) ;
#5629 = CARTESIAN_POINT ( 'NONE',  ( -36.31477043246970027, 42.18458176673725291, -5.730464782836095949 ) ) ;
#5630 = AXIS2_PLACEMENT_3D ( 'NONE', #6192, #1736, #724 ) ;
#5631 = EDGE_CURVE ( 'NONE', #4697, #4883, #133, .T. ) ;
#5632 = FACE_BOUND ( 'NONE', #1455, .T. ) ;
#5633 = ORIENTED_EDGE ( 'NONE', *, *, #5515, .T. ) ;
#5634 = ORIENTED_EDGE ( 'NONE', *, *, #6424, .F. ) ;
#5635 = DIRECTION ( 'NONE',  ( 0.000000000000000000, 0.8660254039654095015, 0.4999999996865494012 ) ) ;
#5636 = CARTESIAN_POINT ( 'NONE',  ( -25.80330130665942434, 37.43822056668341958, -6.739122924274178139 ) ) ;
#5637 = CARTESIAN_POINT ( 'NONE',  ( -30.97967063017765810, 54.18113224978738884, -28.86585703856662732 ) ) ;
#5638 = DIRECTION ( 'NONE',  ( -1.832802226030400963E-19, 0.4999972845804243615, -0.8660269715269856006 ) ) ;
#5639 = PRESENTATION_STYLE_ASSIGNMENT (( #6307 ) ) ;
#5640 = LINE ( 'NONE', #1807, #5344 ) ;
#5641 = VERTEX_POINT ( 'NONE', #5607 ) ;
#5642 = ORIENTED_EDGE ( 'NONE', *, *, #790, .F. ) ;
#5643 = CIRCLE ( 'NONE', #6108, 2.899999999999999911 ) ;
#5644 = DIRECTION ( 'NONE',  ( 4.141217998419101137E-17, -0.6427876096865349220, 0.7660444431189815662 ) ) ;
#5645 = CARTESIAN_POINT ( 'NONE',  ( 27.50026534679131274, 38.72398834675388457, -5.996450974034263304 ) ) ;
#5646 = SURFACE_STYLE_FILL_AREA ( #5183 ) ;
#5647 = EDGE_CURVE ( 'NONE', #692, #4466, #2887, .T. ) ;
#5648 = CARTESIAN_POINT ( 'NONE',  ( 38.27234308723357969, 50.02718755932419725, -24.48005078156039716 ) ) ;
#5649 = CARTESIAN_POINT ( 'NONE',  ( -29.24839678889543748, 49.79519984957077128, -24.48005005416440483 ) ) ;
#5650 = ORIENTED_EDGE ( 'NONE', *, *, #3604, .F. ) ;
#5651 = FACE_OUTER_BOUND ( 'NONE', #2047, .T. ) ;
#5652 =( NAMED_UNIT ( * ) SI_UNIT ( $, .STERADIAN. ) SOLID_ANGLE_UNIT ( ) );
#5653 = EDGE_CURVE ( 'NONE', #2993, #4249, #1002, .T. ) ;
#5654 = CARTESIAN_POINT ( 'NONE',  ( 41.40982119208428003, 52.08793167014380288, -24.26147186192190830 ) ) ;
#5655 = ADVANCED_FACE ( 'NONE', ( #6906 ), #191, .F. ) ;
#5656 = DIRECTION ( 'NONE',  ( -0.7071067811865475727, -0.5416752204197042841, -0.4545194776720408725 ) ) ;
#5657 = AXIS2_PLACEMENT_3D ( 'NONE', #1616, #6515, #481 ) ;
#5658 = MECHANICAL_DESIGN_GEOMETRIC_PRESENTATION_REPRESENTATION (  '', ( #6009 ), #2804 ) ;
#5659 = CARTESIAN_POINT ( 'NONE',  ( 35.86651428099028749, 48.84873222487524203, -23.53362743373490318 ) ) ;
#5660 = CARTESIAN_POINT ( 'NONE',  ( -45.78246972440139473, 70.88462982442617033, -13.40927170509774768 ) ) ;
#5661 = PRESENTATION_STYLE_ASSIGNMENT (( #2980 ) ) ;
#5662 = PRESENTATION_LAYER_ASSIGNMENT (  '', '', ( #4871 ) ) ;
#5663 = CARTESIAN_POINT ( 'NONE',  ( 18.50000000002633627, 27.77978190454139451, -7.035713826835582552 ) ) ;
#5664 = EDGE_LOOP ( 'NONE', ( #6433, #3354, #6937, #7089, #5257, #439, #2216, #3964 ) ) ;
#5665 = CARTESIAN_POINT ( 'NONE',  ( -19.50000000000000000, 4.440000435503916876, 39.38504757399492462 ) ) ;
#5666 = CARTESIAN_POINT ( 'NONE',  ( -38.40537600423049014, 54.98193889584192107, -29.11287591423490895 ) ) ;
#5667 = ORIENTED_EDGE ( 'NONE', *, *, #1260, .T. ) ;
#5668 = MECHANICAL_DESIGN_GEOMETRIC_PRESENTATION_REPRESENTATION (  '', ( #1997 ), #3735 ) ;
#5669 = CARTESIAN_POINT ( 'NONE',  ( -20.85480200155120301, 33.39106199097146543, -8.609052017633997522 ) ) ;
#5670 = EDGE_CURVE ( 'NONE', #1431, #934, #2340, .T. ) ;
#5671 = PRESENTATION_STYLE_ASSIGNMENT (( #6727 ) ) ;
#5672 = STYLED_ITEM ( 'NONE', ( #6658 ), #5940 ) ;
#5673 = DIRECTION ( 'NONE',  ( 0.000000000000000000, 0.8660254039654086133, 0.4999999996865508445 ) ) ;
#5674 = STYLED_ITEM ( 'NONE', ( #286 ), #1638 ) ;
#5675 = CARTESIAN_POINT ( 'NONE',  ( 28.50689044944830286, 48.69124902629052798, -23.52174180637864609 ) ) ;
#5676 = VERTEX_POINT ( 'NONE', #5784 ) ;
#5677 = ORIENTED_EDGE ( 'NONE', *, *, #3517, .T. ) ;
#5678 = VECTOR ( 'NONE', #635, 1000.000000000000000 ) ;
#5679 = UNCERTAINTY_MEASURE_WITH_UNIT (LENGTH_MEASURE( 1.000000000000000082E-05 ), #364, 'distance_accuracy_value', 'NONE');
#5680 = DIRECTION ( 'NONE',  ( 0.000000000000000000, 0.000000000000000000, 1.000000000000000000 ) ) ;
#5681 = DIRECTION ( 'NONE',  ( 1.000000000000000000, 0.000000000000000000, 0.000000000000000000 ) ) ;
#5682 = VECTOR ( 'NONE', #5494, 1000.000000000000000 ) ;
#5683 = CARTESIAN_POINT ( 'NONE',  ( -39.34064026794465718, 49.42352132484090532, -23.51043672245675964 ) ) ;
#5684 = CARTESIAN_POINT ( 'NONE',  ( 20.51642089258715274, 41.86331162495128666, -22.53018072535077110 ) ) ;
#5685 = FILL_AREA_STYLE_COLOUR ( '', #1113 ) ;
#5686 = ORIENTED_EDGE ( 'NONE', *, *, #4746, .T. ) ;
#5687 = VECTOR ( 'NONE', #2512, 1000.000000000000000 ) ;
#5688 = SURFACE_STYLE_FILL_AREA ( #637 ) ;
#5689 = CARTESIAN_POINT ( 'NONE',  ( 19.57960247038142754, 30.18578910890283495, -8.687559876530020375 ) ) ;
#5690 = PRESENTATION_LAYER_ASSIGNMENT (  '', '', ( #6966 ) ) ;
#5691 = CARTESIAN_POINT ( 'NONE',  ( -35.86651428099028749, 49.79514891015949019, -24.48005005400469614 ) ) ;
#5692 = MECHANICAL_DESIGN_GEOMETRIC_PRESENTATION_REPRESENTATION (  '', ( #6624 ), #321 ) ;
#5693 = STYLED_ITEM ( 'NONE', ( #1264 ), #2439 ) ;
#5694 = CARTESIAN_POINT ( 'NONE',  ( -11.01493768657040029, -14.71714881219270055, 14.02368491557550634 ) ) ;
#5695 = CARTESIAN_POINT ( 'NONE',  ( -11.01493768657040029, -14.71714881219270055, 14.02368491557550634 ) ) ;
#5696 = DIRECTION ( 'NONE',  ( 0.000000000000000000, 0.000000000000000000, -1.000000000000000000 ) ) ;
#5697 = VECTOR ( 'NONE', #389, 1000.000000000000000 ) ;
#5698 = CARTESIAN_POINT ( 'NONE',  ( 41.16314547861157536, 50.23855845920682128, -23.47755612552603566 ) ) ;
#5699 = CARTESIAN_POINT ( 'NONE',  ( -43.16476573035605213, 73.84013181117335023, -11.70292419337987688 ) ) ;
#5700 = DIRECTION ( 'NONE',  ( 0.7071067811865536790, 0.7071067811865414665, 0.000000000000000000 ) ) ;
#5701 = STYLED_ITEM ( 'NONE', ( #5520 ), #3157 ) ;
#5702 = FACE_OUTER_BOUND ( 'NONE', #6954, .T. ) ;
#5703 = CARTESIAN_POINT ( 'NONE',  ( 20.30605855704051166, 32.55210722957684055, -8.743395457918190061 ) ) ;
#5704 = ORIENTED_EDGE ( 'NONE', *, *, #5108, .F. ) ;
#5705 = ORIENTED_EDGE ( 'NONE', *, *, #774, .F. ) ;
#5706 = CARTESIAN_POINT ( 'NONE',  ( 18.49999999999998934, 34.64036839879219798, -19.90124438723412936 ) ) ;
#5707 = PRESENTATION_STYLE_ASSIGNMENT (( #5095 ) ) ;
#5708 = CARTESIAN_POINT ( 'NONE',  ( -41.55672693260438422, 46.08736246762568101, -6.841389963604131097 ) ) ;
#5709 = ORIENTED_EDGE ( 'NONE', *, *, #6931, .T. ) ;
#5710 = VECTOR ( 'NONE', #2782, 1000.000000000000000 ) ;
#5711 = VECTOR ( 'NONE', #4600, 1000.000000000000227 ) ;
#5712 = LINE ( 'NONE', #4681, #3849 ) ;
#5713 = DIRECTION ( 'NONE',  ( 1.000000000000000000, -1.932777453709147494E-16, 0.000000000000000000 ) ) ;
#5714 = VECTOR ( 'NONE', #2619, 1000.000000000000000 ) ;
#5715 = DIRECTION ( 'NONE',  ( -1.832802226030400722E-19, 0.4999972845804243060, -0.8660269715269856006 ) ) ;
#5716 = CARTESIAN_POINT ( 'NONE',  ( -18.50000098719504393, 29.09066840656378261, -7.413833456073444239 ) ) ;
#5717 = DIRECTION ( 'NONE',  ( -4.439634266178531230E-05, 0.8660254031119256624, 0.4999999991937912891 ) ) ;
#5718 = EDGE_LOOP ( 'NONE', ( #4362, #6347, #3001, #4729 ) ) ;
#5719 = ORIENTED_EDGE ( 'NONE', *, *, #2298, .F. ) ;
#5720 = CARTESIAN_POINT ( 'NONE',  ( -18.50000000000001421, 21.54842554826505108, -15.13616688092796636 ) ) ;
#5721 = PRESENTATION_STYLE_ASSIGNMENT (( #2061 ) ) ;
#5722 = CARTESIAN_POINT ( 'NONE',  ( -38.40825569077389190, 49.15475431558130737, -23.52128591079933173 ) ) ;
#5723 = LINE ( 'NONE', #4179, #5697 ) ;
#5724 = CARTESIAN_POINT ( 'NONE',  ( -12.50763432185666346, 39.82532795488938859, -4.205789942357891498 ) ) ;
#5725 = VERTEX_POINT ( 'NONE', #6876 ) ;
#5726 = EDGE_CURVE ( 'NONE', #5641, #6531, #2589, .T. ) ;
#5727 = VERTEX_POINT ( 'NONE', #3060 ) ;
#5728 = DIRECTION ( 'NONE',  ( -1.832802226030400481E-19, 0.4999972845804242505, -0.8660269715269854895 ) ) ;
#5729 = SURFACE_STYLE_USAGE ( .BOTH. , #1884 ) ;
#5730 = DIRECTION ( 'NONE',  ( -1.000000000000000000, 0.000000000000000000, 0.000000000000000000 ) ) ;
#5731 = DIRECTION ( 'NONE',  ( 0.000000000000000000, 0.000000000000000000, 1.000000000000000000 ) ) ;
#5732 = CARTESIAN_POINT ( 'NONE',  ( 42.51971067697029838, 51.09653631261009821, -23.44293372925243091 ) ) ;
#5733 = CARTESIAN_POINT ( 'NONE',  ( -46.89498260058544332, 67.28677811890028693, -15.48647731442667386 ) ) ;
#5734 = EDGE_CURVE ( 'NONE', #3644, #5773, #351, .T. ) ;
#5735 = DIRECTION ( 'NONE',  ( 1.000000000000000000, 0.000000000000000000, 0.000000000000000000 ) ) ;
#5736 = PLANE ( 'NONE',  #1147 ) ;
#5737 = DIRECTION ( 'NONE',  ( -1.000000000000000000, 0.000000000000000000, 0.000000000000000000 ) ) ;
#5738 = CARTESIAN_POINT ( 'NONE',  ( 20.12827592755220607, 33.74437207924337656, -7.310175237199041831 ) ) ;
#5739 =( NAMED_UNIT ( * ) PLANE_ANGLE_UNIT ( ) SI_UNIT ( $, .RADIAN. ) );
#5740 = ORIENTED_EDGE ( 'NONE', *, *, #5323, .F. ) ;
#5741 = ADVANCED_FACE ( 'NONE', ( #1978, #2530, #844 ), #408, .F. ) ;
#5742 = ORIENTED_EDGE ( 'NONE', *, *, #1397, .F. ) ;
#5743 = CARTESIAN_POINT ( 'NONE',  ( 23.15761198937970988, 35.43328127596834776, -7.896422510554693908 ) ) ;
#5744 = PLANE ( 'NONE',  #2148 ) ;
#5745 = CARTESIAN_POINT ( 'NONE',  ( -36.52192197443582700, 54.21966374801954913, -28.87774256352390623 ) ) ;
#5746 = CARTESIAN_POINT ( 'NONE',  ( -39.03633889418160408, 76.28545332760435826, -9.136419806656776998 ) ) ;
#5747 = CARTESIAN_POINT ( 'NONE',  ( -42.84100375501996893, 50.10202928222309282, -22.42127376437065323 ) ) ;
#5748 = DIRECTION ( 'NONE',  ( 1.000000000000000000, 0.000000000000000000, 0.000000000000000000 ) ) ;
#5749 = EDGE_CURVE ( 'NONE', #6027, #6994, #3019, .T. ) ;
#5750 = CARTESIAN_POINT ( 'NONE',  ( 18.49999999999997868, -24.21714881219269699, 12.52368491557550101 ) ) ;
#5751 = CARTESIAN_POINT ( 'NONE',  ( -19.74230077399625571, 37.62272948368259051, -20.15232177781167167 ) ) ;
#5752 = SURFACE_STYLE_FILL_AREA ( #5150 ) ;
#5753 = ORIENTED_EDGE ( 'NONE', *, *, #181, .F. ) ;
#5754 = UNCERTAINTY_MEASURE_WITH_UNIT (LENGTH_MEASURE( 1.000000000000000082E-05 ), #2376, 'distance_accuracy_value', 'NONE');
#5755 = PRESENTATION_STYLE_ASSIGNMENT (( #317 ) ) ;
#5756 = CARTESIAN_POINT ( 'NONE',  ( 20.35713861256745716, 32.64524377145587408, -8.732504481794943985 ) ) ;
#5757 = CARTESIAN_POINT ( 'NONE',  ( -41.90139919867777252, 50.68330018390163616, -23.45960882925901458 ) ) ;
#5758 = CARTESIAN_POINT ( 'NONE',  ( -39.40926745949978027, 50.47803919219801827, -24.48005219520280917 ) ) ;
#5759 = ORIENTED_EDGE ( 'NONE', *, *, #3130, .F. ) ;
#5760 = ORIENTED_EDGE ( 'NONE', *, *, #2646, .F. ) ;
#5761 = SURFACE_STYLE_USAGE ( .BOTH. , #3585 ) ;
#5762 = SURFACE_SIDE_STYLE ('',( #2576 ) ) ;
#5763 = VECTOR ( 'NONE', #4191, 1000.000000000000000 ) ;
#5764 = DIRECTION ( 'NONE',  ( 1.152086818049829929E-07, -0.4999999996502241251, 0.8660254039863741760 ) ) ;
#5765 = CARTESIAN_POINT ( 'NONE',  ( 39.49355614621192245, 49.48175779948930142, -23.50808889771224486 ) ) ;
#5766 = CARTESIAN_POINT ( 'NONE',  ( 39.60684106952866301, 50.66356199600927823, -24.48005277690837644 ) ) ;
#5767 = CARTESIAN_POINT ( 'NONE',  ( 26.07666705821824138, 48.63006354073241511, -24.48004640088697670 ) ) ;
#5768 =( GEOMETRIC_REPRESENTATION_CONTEXT ( 3 ) GLOBAL_UNCERTAINTY_ASSIGNED_CONTEXT ( ( #6772 ) ) GLOBAL_UNIT_ASSIGNED_CONTEXT ( ( #4063, #3533, #758 ) ) REPRESENTATION_CONTEXT ( 'NONE', 'WORKASPACE' ) );
#5769 = LINE ( 'NONE', #370, #1928 ) ;
#5770 = SURFACE_STYLE_FILL_AREA ( #1322 ) ;
#5771 = CARTESIAN_POINT ( 'NONE',  ( 43.24083052490863111, 74.47704299784962245, -10.18049605262681823 ) ) ;
#5772 = AXIS2_PLACEMENT_3D ( 'NONE', #2995, #2536, #287 ) ;
#5773 = VERTEX_POINT ( 'NONE', #3605 ) ;
#5774 =( GEOMETRIC_REPRESENTATION_CONTEXT ( 3 ) GLOBAL_UNCERTAINTY_ASSIGNED_CONTEXT ( ( #6990 ) ) GLOBAL_UNIT_ASSIGNED_CONTEXT ( ( #5384, #6544, #6646 ) ) REPRESENTATION_CONTEXT ( 'NONE', 'WORKASPACE' ) );
#5775 = EDGE_LOOP ( 'NONE', ( #1382, #1507, #5151, #1056 ) ) ;
#5776 = DIRECTION ( 'NONE',  ( 0.000000000000000000, 0.4999972845804262489, -0.8660269715269843793 ) ) ;
#5777 = CARTESIAN_POINT ( 'NONE',  ( -19.50000000000000000, 1.782851187808210280, 30.28552187494406667 ) ) ;
#5778 = CARTESIAN_POINT ( 'NONE',  ( -35.86651428099028038, 54.18084088252125241, -28.86576716266995390 ) ) ;
#5779 = ORIENTED_EDGE ( 'NONE', *, *, #4481, .F. ) ;
#5780 = EDGE_CURVE ( 'NONE', #5398, #4129, #5396, .T. ) ;
#5781 = CARTESIAN_POINT ( 'NONE',  ( -40.50007565895970174, 69.29227316070843301, -7.400438494828118330 ) ) ;
#5782 = VECTOR ( 'NONE', #840, 1000.000000000000000 ) ;
#5783 = CARTESIAN_POINT ( 'NONE',  ( -35.86651428099028038, 47.90232032443031329, -22.58719879626292126 ) ) ;
#5784 = CARTESIAN_POINT ( 'NONE',  ( -45.02904715596553586, 48.09954868489861468, 0.5707606418069918197 ) ) ;
#5785 = CARTESIAN_POINT ( 'NONE',  ( -41.90904597684355082, 75.18235569466335733, -9.773294894632243768 ) ) ;
#5786 = CARTESIAN_POINT ( 'NONE',  ( -20.62200824669814025, 40.43901102392528912, -21.42247463852237033 ) ) ;
#5787 = ORIENTED_EDGE ( 'NONE', *, *, #1877, .T. ) ;
#5788 = VERTEX_POINT ( 'NONE', #452 ) ;
#5789 = AXIS2_PLACEMENT_3D ( 'NONE', #6773, #258, #5614 ) ;
#5790 = DIRECTION ( 'NONE',  ( -1.000000000000000000, 0.000000000000000000, 0.000000000000000000 ) ) ;
#5791 = EDGE_CURVE ( 'NONE', #7015, #6087, #2170, .T. ) ;
#5792 = AXIS2_PLACEMENT_3D ( 'NONE', #4803, #466, #771 ) ;
#5793 = LINE ( 'NONE', #3132, #1343 ) ;
#5794 =( GEOMETRIC_REPRESENTATION_CONTEXT ( 3 ) GLOBAL_UNCERTAINTY_ASSIGNED_CONTEXT ( ( #6002 ) ) GLOBAL_UNIT_ASSIGNED_CONTEXT ( ( #3420, #4419, #5599 ) ) REPRESENTATION_CONTEXT ( 'NONE', 'WORKASPACE' ) );
#5795 = CARTESIAN_POINT ( 'NONE',  ( -20.89047230014973522, 34.43933989612363433, -7.099768425661246773 ) ) ;
#5796 = ORIENTED_EDGE ( 'NONE', *, *, #7079, .F. ) ;
#5797 = ORIENTED_EDGE ( 'NONE', *, *, #4835, .T. ) ;
#5798 = CARTESIAN_POINT ( 'NONE',  ( 0.001455525513216000561, 63.96667144280706907, 6.845339491846996083 ) ) ;
#5799 =( LENGTH_UNIT ( ) NAMED_UNIT ( * ) SI_UNIT ( .MILLI., .METRE. ) );
#5800 = STYLED_ITEM ( 'NONE', ( #1920 ), #6231 ) ;
#5801 = DIRECTION ( 'NONE',  ( -0.9999999999135543716, 1.309878412122930892E-05, 1.145995116580944518E-06 ) ) ;
#5802 = CARTESIAN_POINT ( 'NONE',  ( 40.74304243839723938, 50.80189435205459603, -24.19294806108526075 ) ) ;
#5803 = VECTOR ( 'NONE', #1469, 1000.000000000000000 ) ;
#5804 = B_SPLINE_CURVE_WITH_KNOTS ( 'NONE', 3,
 ( #5046, #3513, #4485, #5691 ),
 .UNSPECIFIED., .F., .F.,
 ( 4, 4 ),
 ( 0.000000000000000000, 1.000000000000000000 ),
 .UNSPECIFIED. ) ;
#5805 = STYLED_ITEM ( 'NONE', ( #5297 ), #6301 ) ;
#5806 = FILL_AREA_STYLE_COLOUR ( '', #2249 ) ;
#5807 = PRESENTATION_LAYER_ASSIGNMENT (  '', '', ( #770 ) ) ;
#5808 = EDGE_CURVE ( 'NONE', #3962, #1868, #6369, .T. ) ;
#5809 =( GEOMETRIC_REPRESENTATION_CONTEXT ( 3 ) GLOBAL_UNCERTAINTY_ASSIGNED_CONTEXT ( ( #3612 ) ) GLOBAL_UNIT_ASSIGNED_CONTEXT ( ( #5558, #4462, #6140 ) ) REPRESENTATION_CONTEXT ( 'NONE', 'WORKASPACE' ) );
#5810 = DIRECTION ( 'NONE',  ( -0.9999999999736894907, 6.816585209423153215E-06, -2.481034115569307600E-06 ) ) ;
#5811 = DIRECTION ( 'NONE',  ( 0.7071067811865451302, 0.000000000000000000, 0.7071067811865500152 ) ) ;
#5812 = CIRCLE ( 'NONE', #2496, 6.000000000000001776 ) ;
#5813 = CARTESIAN_POINT ( 'NONE',  ( 20.39362249156221196, 32.71043641324445161, -8.724545639569182498 ) ) ;
#5814 = CYLINDRICAL_SURFACE ( 'NONE', #645, 2.899999999999999911 ) ;
#5815 = PRESENTATION_LAYER_ASSIGNMENT (  '', '', ( #1803 ) ) ;
#5816 = VERTEX_POINT ( 'NONE', #1514 ) ;
#5817 = ORIENTED_EDGE ( 'NONE', *, *, #167, .F. ) ;
#5818 = FACE_OUTER_BOUND ( 'NONE', #2653, .T. ) ;
#5819 = CARTESIAN_POINT ( 'NONE',  ( 25.79292014691245072, 38.03852868930581366, -5.237510207982572830 ) ) ;
#5820 = EDGE_CURVE ( 'NONE', #4288, #6633, #3713, .T. ) ;
#5821 = FACE_OUTER_BOUND ( 'NONE', #5945, .T. ) ;
#5822 = DIRECTION ( 'NONE',  ( 0.7071067811865439090, 0.7071067811865512365, 0.000000000000000000 ) ) ;
#5823 = VECTOR ( 'NONE', #3659, 1000.000000000000000 ) ;
#5824 = VECTOR ( 'NONE', #6680, 1000.000000000000000 ) ;
#5825 = SURFACE_STYLE_USAGE ( .BOTH. , #1441 ) ;
#5826 = DIRECTION ( 'NONE',  ( 0.000000000000000000, 0.000000000000000000, 1.000000000000000000 ) ) ;
#5827 = CARTESIAN_POINT ( 'NONE',  ( -45.02904715596553586, 48.09954868489861468, 0.5707606418069918197 ) ) ;
#5828 = CARTESIAN_POINT ( 'NONE',  ( -19.81241324589498731, 37.96563981520102971, -20.30698114648069108 ) ) ;
#5829 = AXIS2_PLACEMENT_3D ( 'NONE', #5267, #5843, #6455 ) ;
#5830 = FILL_AREA_STYLE_COLOUR ( '', #4186 ) ;
#5831 = ORIENTED_EDGE ( 'NONE', *, *, #1605, .F. ) ;
#5832 = MECHANICAL_DESIGN_GEOMETRIC_PRESENTATION_REPRESENTATION (  '', ( #112 ), #4458 ) ;
#5833 = UNCERTAINTY_MEASURE_WITH_UNIT (LENGTH_MEASURE( 1.000000000000000082E-05 ), #1376, 'distance_accuracy_value', 'NONE');
#5834 = FILL_AREA_STYLE ('',( #3656 ) ) ;
#5835 = SURFACE_STYLE_FILL_AREA ( #5217 ) ;
#5836 = EDGE_CURVE ( 'NONE', #5839, #2172, #7095, .T. ) ;
#5837 = CIRCLE ( 'NONE', #240, 6.000000000000000000 ) ;
#5838 = SURFACE_STYLE_FILL_AREA ( #4833 ) ;
#5839 = VERTEX_POINT ( 'NONE', #5888 ) ;
#5840 = ORIENTED_EDGE ( 'NONE', *, *, #6010, .F. ) ;
#5841 = EDGE_CURVE ( 'NONE', #6189, #6617, #6949, .T. ) ;
#5842 = CARTESIAN_POINT ( 'NONE',  ( 28.75509673952459977, -20.86940764386208258, 16.02368491557549746 ) ) ;
#5843 = DIRECTION ( 'NONE',  ( 0.000000000000000000, -0.4999972845804263599, 0.8660269715269844903 ) ) ;
#5844 = B_SPLINE_CURVE_WITH_KNOTS ( 'NONE', 1,
 ( #6006, #4861 ),
 .UNSPECIFIED., .F., .F.,
 ( 2, 2 ),
 ( 0.000000000000000000, 1.000000000000000000 ),
 .UNSPECIFIED. ) ;
#5845 = CARTESIAN_POINT ( 'NONE',  ( 23.31061583902723200, 36.19995054512880017, -6.299029722099321660 ) ) ;
#5846 = DIRECTION ( 'NONE',  ( -1.000000000000000000, 0.000000000000000000, 0.000000000000000000 ) ) ;
#5847 = PLANE ( 'NONE',  #6279 ) ;
#5848 = CARTESIAN_POINT ( 'NONE',  ( 18.63730097819722786, 30.66281496943445006, -7.624690235560153795 ) ) ;
#5849 = DIRECTION ( 'NONE',  ( 0.000000000000000000, 1.000000000000000000, -8.876905287225069526E-16 ) ) ;
#5850 = EDGE_CURVE ( 'NONE', #4796, #475, #879, .T. ) ;
#5851 = CARTESIAN_POINT ( 'NONE',  ( 42.25887145562033709, 50.90475322677720271, -23.45066704241781608 ) ) ;
#5852 = CARTESIAN_POINT ( 'NONE',  ( 20.97058977517270151, 33.53312212710553553, -8.577816263085740189 ) ) ;
#5853 = FILL_AREA_STYLE ('',( #3566 ) ) ;
#5854 = ORIENTED_EDGE ( 'NONE', *, *, #64, .T. ) ;
#5855 =( BOUNDED_CURVE ( )  B_SPLINE_CURVE ( 3, ( #2310, #5086, #4025, #1727 ),
 .UNSPECIFIED., .F., .F. ) 
 B_SPLINE_CURVE_WITH_KNOTS ( ( 4, 4 ),
 ( 4.712388980384688786, 5.886752667638081249 ),
 .UNSPECIFIED. ) 
 CURVE ( )  GEOMETRIC_REPRESENTATION_ITEM ( )  RATIONAL_B_SPLINE_CURVE ( ( 1.000000000000000000, 0.8883368598145837680, 0.8883368598145837680, 1.000000000000000000 ) ) 
 REPRESENTATION_ITEM ( '' )  );
#5856 = ORIENTED_EDGE ( 'NONE', *, *, #6590, .F. ) ;
#5857 =( NAMED_UNIT ( * ) PLANE_ANGLE_UNIT ( ) SI_UNIT ( $, .RADIAN. ) );
#5858 = FACE_OUTER_BOUND ( 'NONE', #7063, .T. ) ;
#5859 = VERTEX_POINT ( 'NONE', #3160 ) ;
#5860 = VERTEX_POINT ( 'NONE', #2640 ) ;
#5861 = DIRECTION ( 'NONE',  ( -1.000000000000000000, 0.000000000000000000, 0.000000000000000000 ) ) ;
#5862 = CARTESIAN_POINT ( 'NONE',  ( -39.00675871267252148, 76.22356241130214016, -9.172157906719267118 ) ) ;
#5863 = EDGE_LOOP ( 'NONE', ( #7056, #1347, #1365, #2704, #2116, #61, #3832, #391, #6731, #6080 ) ) ;
#5864 = CARTESIAN_POINT ( 'NONE',  ( -19.63683334494380617, 36.97151246249903522, -19.85864149639886378 ) ) ;
#5865 = DIRECTION ( 'NONE',  ( -1.832802226030400722E-19, 0.4999972845804243060, -0.8660269715269856006 ) ) ;
#5866 = CARTESIAN_POINT ( 'NONE',  ( 3.349998365731812755E-13, 14.18189424716742941, -42.68227895591078891 ) ) ;
#5867 = SURFACE_SIDE_STYLE ('',( #5838 ) ) ;
#5868 = ORIENTED_EDGE ( 'NONE', *, *, #2744, .T. ) ;
#5869 = ORIENTED_EDGE ( 'NONE', *, *, #6075, .T. ) ;
#5870 = DIRECTION ( 'NONE',  ( 6.442591512363824568E-17, -1.000000000000000000, 0.000000000000000000 ) ) ;
#5871 = CARTESIAN_POINT ( 'NONE',  ( 19.51373759717942846, 29.53416898036379834, -8.568234497994403398 ) ) ;
#5872 = EDGE_CURVE ( 'NONE', #4469, #7032, #6881, .T. ) ;
#5873 = CARTESIAN_POINT ( 'NONE',  ( 21.90102567512287379, 35.19745840157663963, -6.805205190837376961 ) ) ;
#5874 = CARTESIAN_POINT ( 'NONE',  ( 22.41671248530030169, 62.20552571367776551, -14.95602317128418157 ) ) ;
#5875 = CARTESIAN_POINT ( 'NONE',  ( -46.20119907141775428, 43.23691573366811269, -2.236672545997590689 ) ) ;
#5876 = ADVANCED_FACE ( 'NONE', ( #556 ), #1089, .F. ) ;
#5877 = DIRECTION ( 'NONE',  ( 1.664878005862084560E-19, -0.4999972845804250277, 0.8660269715269851565 ) ) ;
#5878 = CARTESIAN_POINT ( 'NONE',  ( 25.22272878952629682, 46.35258665190659855, -23.34532322811062954 ) ) ;
#5879 = CARTESIAN_POINT ( 'NONE',  ( 22.05677347779632669, 48.84939356538392730, -23.53360074866393248 ) ) ;
#5880 = B_SPLINE_CURVE_WITH_KNOTS ( 'NONE', 1,
 ( #2402, #2967 ),
 .UNSPECIFIED., .F., .F.,
 ( 2, 2 ),
 ( 0.000000000000000000, 1.000000000000000000 ),
 .UNSPECIFIED. ) ;
#5881 = ORIENTED_EDGE ( 'NONE', *, *, #6803, .F. ) ;
#5882 = LINE ( 'NONE', #4816, #6393 ) ;
#5883 = CARTESIAN_POINT ( 'NONE',  ( 19.50000000000000355, 27.72449387452086711, -0.6305239947414151835 ) ) ;
#5884 = ORIENTED_EDGE ( 'NONE', *, *, #3438, .T. ) ;
#5885 = CARTESIAN_POINT ( 'NONE',  ( -22.77771949418090713, 47.90293496804211060, -22.58715243341937295 ) ) ;
#5886 =( GEOMETRIC_REPRESENTATION_CONTEXT ( 3 ) GLOBAL_UNCERTAINTY_ASSIGNED_CONTEXT ( ( #3610 ) ) GLOBAL_UNIT_ASSIGNED_CONTEXT ( ( #5613, #2862, #4544 ) ) REPRESENTATION_CONTEXT ( 'NONE', 'WORKASPACE' ) );
#5887 = SURFACE_SIDE_STYLE ('',( #1414 ) ) ;
#5888 = CARTESIAN_POINT ( 'NONE',  ( 47.86651484004629964, 54.91642686211902458, 4.507090480087184048 ) ) ;
#5889 = CARTESIAN_POINT ( 'NONE',  ( -0.01493768657037499933, -45.21714881219698867, 16.22368491557550030 ) ) ;
#5890 = EDGE_LOOP ( 'NONE', ( #6669, #2159, #5450, #2345 ) ) ;
#5891 = CARTESIAN_POINT ( 'NONE',  ( -20.22754607542990257, 39.45642194962402272, -20.97931321330263899 ) ) ;
#5892 = FACE_OUTER_BOUND ( 'NONE', #179, .T. ) ;
#5893 = UNCERTAINTY_MEASURE_WITH_UNIT (LENGTH_MEASURE( 1.000000000000000082E-05 ), #5799, 'distance_accuracy_value', 'NONE');
#5894 = EDGE_CURVE ( 'NONE', #2525, #4959, #2861, .T. ) ;
#5895 =( GEOMETRIC_REPRESENTATION_CONTEXT ( 3 ) GLOBAL_UNCERTAINTY_ASSIGNED_CONTEXT ( ( #6913 ) ) GLOBAL_UNIT_ASSIGNED_CONTEXT ( ( #6191, #6766, #1270 ) ) REPRESENTATION_CONTEXT ( 'NONE', 'WORKASPACE' ) );
#5896 = UNCERTAINTY_MEASURE_WITH_UNIT (LENGTH_MEASURE( 1.000000000000000082E-05 ), #5995, 'distance_accuracy_value', 'NONE');
#5897 = CARTESIAN_POINT ( 'NONE',  ( 26.97116554906461516, 38.41668759432091917, -5.464797919486881206 ) ) ;
#5898 = CARTESIAN_POINT ( 'NONE',  ( -25.14480225572210159, 37.58997228254972356, -5.496811216653545884 ) ) ;
#5899 = VERTEX_POINT ( 'NONE', #2842 ) ;
#5900 = ORIENTED_EDGE ( 'NONE', *, *, #3259, .F. ) ;
#5901 = DIRECTION ( 'NONE',  ( 3.633067695312640513E-06, 0.5000000376173869832, -0.8660253820584086215 ) ) ;
#5902 = CARTESIAN_POINT ( 'NONE',  ( 19.50001179510856986, 29.20722157852184608, -8.488845786124802117 ) ) ;
#5903 = CARTESIAN_POINT ( 'NONE',  ( 36.31768148117719619, 40.93459045084553338, -3.565400637719675636 ) ) ;
#5904 = AXIS2_PLACEMENT_3D ( 'NONE', #377, #983, #3706 ) ;
#5905 = AXIS2_PLACEMENT_3D ( 'NONE', #2203, #989, #1060 ) ;
#5906 = SURFACE_SIDE_STYLE ('',( #7068 ) ) ;
#5907 = CARTESIAN_POINT ( 'NONE',  ( 9.335062313429599357, -14.71714881219270055, 36.42368491557549959 ) ) ;
#5908 = ORIENTED_EDGE ( 'NONE', *, *, #7036, .T. ) ;
#5909 = VECTOR ( 'NONE', #4281, 999.9999999999998863 ) ;
#5910 =( NAMED_UNIT ( * ) PLANE_ANGLE_UNIT ( ) SI_UNIT ( $, .RADIAN. ) );
#5911 = PLANE ( 'NONE',  #779 ) ;
#5912 = CARTESIAN_POINT ( 'NONE',  ( 19.49999146346641865, 32.91937497661947987, -7.489859645500976271 ) ) ;
#5913 = DIRECTION ( 'NONE',  ( -0.000000000000000000, -0.000000000000000000, -1.000000000000000000 ) ) ;
#5914 = CARTESIAN_POINT ( 'NONE',  ( 50.91808251108715666, 57.13972891076789296, -21.89041969365146656 ) ) ;
#5915 =( NAMED_UNIT ( * ) SI_UNIT ( $, .STERADIAN. ) SOLID_ANGLE_UNIT ( ) );
#5916 = VECTOR ( 'NONE', #7098, 999.9999999999998863 ) ;
#5917 = ADVANCED_FACE ( 'NONE', ( #5632, #6213, #4464 ), #56, .T. ) ;
#5918 = AXIS2_PLACEMENT_3D ( 'NONE', #6221, #5638, #5146 ) ;
#5919 = DIRECTION ( 'NONE',  ( 0.7071067811865472397, -0.5416752204197043952, -0.4545194776720410390 ) ) ;
#5920 = ORIENTED_EDGE ( 'NONE', *, *, #6311, .T. ) ;
#5921 = EDGE_LOOP ( 'NONE', ( #4975, #874, #6822, #2119 ) ) ;
#5922 = CARTESIAN_POINT ( 'NONE',  ( -39.89789699040379389, 38.82783556197848185, -4.781904877560445577 ) ) ;
#5923 = CARTESIAN_POINT ( 'NONE',  ( -27.72689325978324604, 48.42345256257035402, -23.50152807153425627 ) ) ;
#5924 = ORIENTED_EDGE ( 'NONE', *, *, #3111, .F. ) ;
#5925 = ORIENTED_EDGE ( 'NONE', *, *, #2658, .T. ) ;
#5926 = MECHANICAL_DESIGN_GEOMETRIC_PRESENTATION_REPRESENTATION (  '', ( #5693 ), #5809 ) ;
#5927 = MECHANICAL_DESIGN_GEOMETRIC_PRESENTATION_REPRESENTATION (  '', ( #4563 ), #4325 ) ;
#5928 = DIRECTION ( 'NONE',  ( -6.442591512363824568E-17, 1.000000000000000000, 0.000000000000000000 ) ) ;
#5929 = CARTESIAN_POINT ( 'NONE',  ( -36.53954019906581152, 48.84870651620957460, -23.53362572564238064 ) ) ;
#5930 =( GEOMETRIC_REPRESENTATION_CONTEXT ( 3 ) GLOBAL_UNCERTAINTY_ASSIGNED_CONTEXT ( ( #3097 ) ) GLOBAL_UNIT_ASSIGNED_CONTEXT ( ( #3913, #3561, #3358 ) ) REPRESENTATION_CONTEXT ( 'NONE', 'WORKASPACE' ) );
#5931 = CARTESIAN_POINT ( 'NONE',  ( 19.86750311237819488, 33.50258429102916580, -7.388065421619123718 ) ) ;
#5932 = ORIENTED_EDGE ( 'NONE', *, *, #985, .F. ) ;
#5933 = CARTESIAN_POINT ( 'NONE',  ( -25.25190953616352019, 48.03037678292384527, -24.48004452057298863 ) ) ;
#5934 = SURFACE_STYLE_USAGE ( .BOTH. , #414 ) ;
#5935 = UNCERTAINTY_MEASURE_WITH_UNIT (LENGTH_MEASURE( 1.000000000000000082E-05 ), #1833, 'distance_accuracy_value', 'NONE');
#5936 = AXIS2_PLACEMENT_3D ( 'NONE', #1310, #4653, #780 ) ;
#5937 = AXIS2_PLACEMENT_3D ( 'NONE', #2484, #2910, #5197 ) ;
#5938 = LINE ( 'NONE', #2776, #2694 ) ;
#5939 =( GEOMETRIC_REPRESENTATION_CONTEXT ( 3 ) GLOBAL_UNCERTAINTY_ASSIGNED_CONTEXT ( ( #6341 ) ) GLOBAL_UNIT_ASSIGNED_CONTEXT ( ( #6810, #1252, #2031 ) ) REPRESENTATION_CONTEXT ( 'NONE', 'WORKASPACE' ) );
#5940 = ADVANCED_FACE ( 'NONE', ( #6106 ), #200, .F. ) ;
#5941 = VECTOR ( 'NONE', #4043, 1000.000000000000000 ) ;
#5942 = CARTESIAN_POINT ( 'NONE',  ( 19.50808916749651800, 35.46865824035005943, -19.18085794649756437 ) ) ;
#5943 = CARTESIAN_POINT ( 'NONE',  ( 22.41671248530030169, 63.70551756741828342, -17.55410408586601889 ) ) ;
#5944 = ORIENTED_EDGE ( 'NONE', *, *, #5749, .T. ) ;
#5945 = EDGE_LOOP ( 'NONE', ( #2917, #1688, #3013, #604, #1364, #6691 ) ) ;
#5946 =( NAMED_UNIT ( * ) SI_UNIT ( $, .STERADIAN. ) SOLID_ANGLE_UNIT ( ) );
#5947 =( NAMED_UNIT ( * ) PLANE_ANGLE_UNIT ( ) SI_UNIT ( $, .RADIAN. ) );
#5948 = VECTOR ( 'NONE', #5764, 1000.000000000000114 ) ;
#5949 = EDGE_CURVE ( 'NONE', #2924, #315, #870, .T. ) ;
#5950 = PLANE ( 'NONE',  #2972 ) ;
#5951 =( GEOMETRIC_REPRESENTATION_CONTEXT ( 3 ) GLOBAL_UNCERTAINTY_ASSIGNED_CONTEXT ( ( #2020 ) ) GLOBAL_UNIT_ASSIGNED_CONTEXT ( ( #2394, #3020, #6264 ) ) REPRESENTATION_CONTEXT ( 'NONE', 'WORKASPACE' ) );
#5952 = CARTESIAN_POINT ( 'NONE',  ( -46.76377960204032291, 44.14648571924778508, -1.711535872570658867 ) ) ;
#5953 = CARTESIAN_POINT ( 'NONE',  ( -24.51003052495348200, 46.87318631609342390, -24.31509141472257340 ) ) ;
#5954 = CARTESIAN_POINT ( 'NONE',  ( 26.14877248565779411, 38.22372839877210282, -5.130582822537762766 ) ) ;
#5955 = FILL_AREA_STYLE ('',( #6503 ) ) ;
#5956 = CARTESIAN_POINT ( 'NONE',  ( 23.31441884889234828, 49.79576402743262520, -24.48005005593370953 ) ) ;
#5957 = CARTESIAN_POINT ( 'NONE',  ( 18.49999999999998224, -2.835679229062512352, 10.38041057369471076 ) ) ;
#5958 = FACE_OUTER_BOUND ( 'NONE', #6112, .T. ) ;
#5959 = DIRECTION ( 'NONE',  ( 0.000000000000000000, 0.000000000000000000, 1.000000000000000000 ) ) ;
#5960 = ORIENTED_EDGE ( 'NONE', *, *, #6724, .F. ) ;
#5961 = ORIENTED_EDGE ( 'NONE', *, *, #3621, .T. ) ;
#5962 = PLANE ( 'NONE',  #3171 ) ;
#5963 = DIRECTION ( 'NONE',  ( -0.000000000000000000, 1.000000000000000000, 0.000000000000000000 ) ) ;
#5964 = ORIENTED_EDGE ( 'NONE', *, *, #6739, .F. ) ;
#5965 = DIRECTION ( 'NONE',  ( 0.000000000000000000, -0.7660444431189816772, -0.6427876096865350330 ) ) ;
#5966 = CARTESIAN_POINT ( 'NONE',  ( -35.86651428099028038, 50.74157559133684714, -25.42647568291442539 ) ) ;
#5967 = CARTESIAN_POINT ( 'NONE',  ( 43.78751507288600209, 52.01796718552731136, -23.14717562156123520 ) ) ;
#5968 = CARTESIAN_POINT ( 'NONE',  ( -40.27462277591084217, 50.67834142792970908, -24.30577836911158229 ) ) ;
#5969 = CYLINDRICAL_SURFACE ( 'NONE', #6288, 12.81044449106999750 ) ;
#5970 = ORIENTED_EDGE ( 'NONE', *, *, #1027, .T. ) ;
#5971 = CARTESIAN_POINT ( 'NONE',  ( -19.51141018820739603, 35.56057682517209173, -19.22231230711485139 ) ) ;
#5972 = CARTESIAN_POINT ( 'NONE',  ( 18.50000000000002487, -7.217148812191790164, 37.42368491557549959 ) ) ;
#5973 = ORIENTED_EDGE ( 'NONE', *, *, #912, .F. ) ;
#5974 = ORIENTED_EDGE ( 'NONE', *, *, #4760, .F. ) ;
#5975 = PRESENTATION_STYLE_ASSIGNMENT (( #6003 ) ) ;
#5976 = DIRECTION ( 'NONE',  ( 0.000000000000000000, 0.000000000000000000, -1.000000000000000000 ) ) ;
#5977 = EDGE_CURVE ( 'NONE', #5245, #3379, #2419, .T. ) ;
#5978 = CARTESIAN_POINT ( 'NONE',  ( 19.99977584506148176, 38.72560574266368860, -20.64973063577451384 ) ) ;
#5979 =( NAMED_UNIT ( * ) PLANE_ANGLE_UNIT ( ) SI_UNIT ( $, .RADIAN. ) );
#5980 = ORIENTED_EDGE ( 'NONE', *, *, #7, .F. ) ;
#5981 = CARTESIAN_POINT ( 'NONE',  ( -26.72948503060422354, 38.36656444637617369, -5.377982089320788361 ) ) ;
#5982 = DIRECTION ( 'NONE',  ( -1.000000000000000000, 0.000000000000000000, 0.000000000000000000 ) ) ;
#5983 = VERTEX_POINT ( 'NONE', #6328 ) ;
#5984 = DIRECTION ( 'NONE',  ( -0.9999999999736893797, 6.816585209533907008E-06, -2.481034115609617474E-06 ) ) ;
#5985 = EDGE_CURVE ( 'NONE', #410, #5493, #310, .T. ) ;
#5986 = CARTESIAN_POINT ( 'NONE',  ( 24.49196696375784654, 46.94858676400667719, -24.38106950902087533 ) ) ;
#5987 = CARTESIAN_POINT ( 'NONE',  ( 18.53775025849204638, 29.93812737112925504, -7.558997524762951059 ) ) ;
#5988 =( LENGTH_UNIT ( ) NAMED_UNIT ( * ) SI_UNIT ( .MILLI., .METRE. ) );
#5989 = CARTESIAN_POINT ( 'NONE',  ( 23.96790980579194397, 48.84930204216930605, -23.53360444162307630 ) ) ;
#5990 = CARTESIAN_POINT ( 'NONE',  ( 19.95996434415580723, 33.55254209962105705, -7.358619710468460084 ) ) ;
#5991 = VERTEX_POINT ( 'NONE', #4095 ) ;
#5992 = CARTESIAN_POINT ( 'NONE',  ( -18.49995729118816001, 35.36690798284266180, -20.16568316984464815 ) ) ;
#5993 = DIRECTION ( 'NONE',  ( -0.7071067811865482389, -0.7071067811865469066, -0.000000000000000000 ) ) ;
#5994 = CARTESIAN_POINT ( 'NONE',  ( -27.65821081005462290, 50.74198903412567319, -25.42649507898379824 ) ) ;
#5995 =( LENGTH_UNIT ( ) NAMED_UNIT ( * ) SI_UNIT ( .MILLI., .METRE. ) );
#5996 = VECTOR ( 'NONE', #3522, 1000.000000000000000 ) ;
#5997 = CARTESIAN_POINT ( 'NONE',  ( 19.49999146346641865, 32.91937497661947987, -7.489859645500976271 ) ) ;
#5998 = LINE ( 'NONE', #4747, #3663 ) ;
#5999 = VERTEX_POINT ( 'NONE', #2002 ) ;
#6000 = VERTEX_POINT ( 'NONE', #6396 ) ;
#6001 = CARTESIAN_POINT ( 'NONE',  ( -22.49842161505969784, 62.33407271851740461, -14.88180706085177540 ) ) ;
#6002 = UNCERTAINTY_MEASURE_WITH_UNIT (LENGTH_MEASURE( 1.000000000000000082E-05 ), #3420, 'distance_accuracy_value', 'NONE');
#6003 = SURFACE_STYLE_USAGE ( .BOTH. , #6527 ) ;
#6004 = DIRECTION ( 'NONE',  ( 6.442591512363824568E-17, -1.000000000000000000, 0.000000000000000000 ) ) ;
#6005 = CARTESIAN_POINT ( 'NONE',  ( 19.63408541396266926, 36.95167589442483091, -19.84969525451963790 ) ) ;
#6006 = CARTESIAN_POINT ( 'NONE',  ( 35.86602588851668827, 76.19277635274131910, -10.34463406958283826 ) ) ;
#6007 = ORIENTED_EDGE ( 'NONE', *, *, #1199, .F. ) ;
#6008 = PRESENTATION_LAYER_ASSIGNMENT (  '', '', ( #3723 ) ) ;
#6009 = STYLED_ITEM ( 'NONE', ( #823 ), #963 ) ;
#6010 = EDGE_CURVE ( 'NONE', #5600, #1586, #5244, .T. ) ;
#6011 = DIRECTION ( 'NONE',  ( -1.000000000000000000, 0.000000000000000000, 0.000000000000000000 ) ) ;
#6012 = CARTESIAN_POINT ( 'NONE',  ( -27.53430156682898655, 38.52641042537136684, -5.654843418550796308 ) ) ;
#6013 = COLOUR_RGB ( '',0.7529411764705882248, 0.7529411764705882248, 0.7529411764705882248 ) ;
#6014 = CARTESIAN_POINT ( 'NONE',  ( -40.50007565895970174, 69.29223675315279252, -7.400451221293381288 ) ) ;
#6015 = CARTESIAN_POINT ( 'NONE',  ( -24.13953007385537575, 46.62976051017142964, -24.48004012894962145 ) ) ;
#6016 = B_SPLINE_CURVE_WITH_KNOTS ( 'NONE', 3,
 ( #4153, #3482, #5193, #1424 ),
 .UNSPECIFIED., .F., .F.,
 ( 4, 4 ),
 ( 0.9538941144838221087, 1.000000000000000000 ),
 .UNSPECIFIED. ) ;
#6017 =( LENGTH_UNIT ( ) NAMED_UNIT ( * ) SI_UNIT ( .MILLI., .METRE. ) );
#6018 = AXIS2_PLACEMENT_3D ( 'NONE', #3956, #3451, #2838 ) ;
#6019 = PLANE ( 'NONE',  #3881 ) ;
#6020 = MECHANICAL_DESIGN_GEOMETRIC_PRESENTATION_REPRESENTATION (  '', ( #2004 ), #4305 ) ;
#6021 = CARTESIAN_POINT ( 'NONE',  ( -19.50000000000000000, -2.069634785943524680, 11.02319818338125046 ) ) ;
#6022 = CIRCLE ( 'NONE', #875, 17.00000000000000000 ) ;
#6023 = CARTESIAN_POINT ( 'NONE',  ( 33.23745382299881612, 54.16671045959247976, -28.85153049177636575 ) ) ;
#6024 = FILL_AREA_STYLE ('',( #3224 ) ) ;
#6025 = ADVANCED_FACE ( 'NONE', ( #1363 ), #5814, .F. ) ;
#6026 = EDGE_CURVE ( 'NONE', #6801, #6689, #3454, .T. ) ;
#6027 = VERTEX_POINT ( 'NONE', #2448 ) ;
#6028 = VERTEX_POINT ( 'NONE', #2556 ) ;
#6029 = VERTEX_POINT ( 'NONE', #4740 ) ;
#6030 = B_SPLINE_SURFACE_WITH_KNOTS ( 'NONE', 1, 3, ( 
 ( #2246, #5567, #2850, #6692 ),
 ( #3934, #4033, #693, #4426 ) ),
 .UNSPECIFIED., .F., .F., .F.,
 ( 2, 2 ),
 ( 4, 4 ),
 ( 0.000000000000000000, 1.000000000000000000 ),
 ( 4.518664650833281726, 4.712387253441214341 ),
 .UNSPECIFIED. ) ;
#6031 = CARTESIAN_POINT ( 'NONE',  ( 20.17716318292791655, 41.32581408597241079, -22.33454762017111506 ) ) ;
#6032 = CARTESIAN_POINT ( 'NONE',  ( -30.97264368784651367, 49.79539699158942767, -24.48005005478263030 ) ) ;
#6033 = COLOUR_RGB ( '',0.7529411764705882248, 0.7529411764705882248, 0.7529411764705882248 ) ;
#6034 = CARTESIAN_POINT ( 'NONE',  ( 47.86651428099029459, 59.06076909161021860, -19.08103416308660982 ) ) ;
#6035 = EDGE_CURVE ( 'NONE', #5291, #6910, #2943, .T. ) ;
#6036 = CARTESIAN_POINT ( 'NONE',  ( -41.42517167199260086, 50.99914887033252597, -24.00412005439224927 ) ) ;
#6037 = PRESENTATION_LAYER_ASSIGNMENT (  '', '', ( #2023 ) ) ;
#6038 = DIRECTION ( 'NONE',  ( 1.000000000000000000, 6.442591512363824568E-17, -0.000000000000000000 ) ) ;
#6039 = ORIENTED_EDGE ( 'NONE', *, *, #2388, .F. ) ;
#6040 = ORIENTED_EDGE ( 'NONE', *, *, #1877, .F. ) ;
#6041 = DIRECTION ( 'NONE',  ( -1.832802226030400722E-19, 0.4999972845804243060, -0.8660269715269856006 ) ) ;
#6042 = VERTEX_POINT ( 'NONE', #6934 ) ;
#6043 =( NAMED_UNIT ( * ) PLANE_ANGLE_UNIT ( ) SI_UNIT ( $, .RADIAN. ) );
#6044 = MECHANICAL_DESIGN_GEOMETRIC_PRESENTATION_REPRESENTATION (  '', ( #5233 ), #6158 ) ;
#6045 = CARTESIAN_POINT ( 'NONE',  ( 27.76770975213330317, 38.56363409700549738, -5.719316702597330604 ) ) ;
#6046 = VECTOR ( 'NONE', #1757, 1000.000000000000000 ) ;
#6047 = CARTESIAN_POINT ( 'NONE',  ( -18.50000000000002842, -20.86940764386208258, 40.42368491557549959 ) ) ;
#6048 = VECTOR ( 'NONE', #3599, 999.9999999999998863 ) ;
#6049 = CARTESIAN_POINT ( 'NONE',  ( 20.01532289481795956, 38.78048408695426730, -20.67448208082942429 ) ) ;
#6050 = CARTESIAN_POINT ( 'NONE',  ( -18.50000487819740869, 29.34434523192297917, -7.468580342261309291 ) ) ;
#6051 = ORIENTED_EDGE ( 'NONE', *, *, #5037, .F. ) ;
#6052 = ORIENTED_EDGE ( 'NONE', *, *, #4825, .T. ) ;
#6053 = PRODUCT_DEFINITION_FORMATION_WITH_SPECIFIED_SOURCE ( '‰ª', '', #6999, .NOT_KNOWN. ) ;
#6054 = SURFACE_SIDE_STYLE ('',( #1566 ) ) ;
#6055 = CARTESIAN_POINT ( 'NONE',  ( -23.15750023510408795, 35.43332163304447135, -7.896687982611635626 ) ) ;
#6056 = MECHANICAL_DESIGN_GEOMETRIC_PRESENTATION_REPRESENTATION (  '', ( #102 ), #5951 ) ;
#6057 = AXIS2_PLACEMENT_3D ( 'NONE', #581, #2760, #3412 ) ;
#6058 = CARTESIAN_POINT ( 'NONE',  ( 24.59123841159546586, 47.22051139659073726, -24.48004198124524677 ) ) ;
#6059 = DIRECTION ( 'NONE',  ( 0.000000000000000000, 0.4999972845804243060, -0.8660269715269854895 ) ) ;
#6060 = EDGE_LOOP ( 'NONE', ( #5944, #402, #6007, #2420 ) ) ;
#6061 = CARTESIAN_POINT ( 'NONE',  ( -26.83158429618775997, 47.93137059241405495, -23.46440351100615729 ) ) ;
#6062 = VECTOR ( 'NONE', #1667, 1000.000000000000114 ) ;
#6063 = STYLED_ITEM ( 'NONE', ( #3044 ), #3483 ) ;
#6064 = DIRECTION ( 'NONE',  ( -1.000000000000000000, -0.000000000000000000, -0.000000000000000000 ) ) ;
#6065 = B_SPLINE_CURVE_WITH_KNOTS ( 'NONE', 3,
 ( #4311, #1587, #6031, #3232, #5422, #3265, #4567, #2234 ),
 .UNSPECIFIED., .F., .F.,
 ( 4, 2, 2, 4 ),
 ( 0.000000000000000000, 0.2499999999999994449, 0.4999999999999988898, 1.000000000000000000 ),
 .UNSPECIFIED. ) ;
#6066 = DIRECTION ( 'NONE',  ( -0.000000000000000000, 1.000000000000000000, 0.000000000000000000 ) ) ;
#6067 = CARTESIAN_POINT ( 'NONE',  ( 43.04225255781938841, 51.53643940549415703, -23.42516867931865931 ) ) ;
#6068 = VECTOR ( 'NONE', #2684, 1000.000000000000000 ) ;
#6069 = CARTESIAN_POINT ( 'NONE',  ( 27.69815241004632611, 50.74197703047068586, -25.42649197621737400 ) ) ;
#6070 = DIRECTION ( 'NONE',  ( -3.930489233341645210E-19, 0.8660269715269843793, 0.4999972845804261934 ) ) ;
#6071 = CARTESIAN_POINT ( 'NONE',  ( 21.54897235278889411, 34.11140000979975184, -8.421975069463544017 ) ) ;
#6072 = ORIENTED_EDGE ( 'NONE', *, *, #1420, .F. ) ;
#6073 = CARTESIAN_POINT ( 'NONE',  ( -18.50000000000001421, 34.64036839879219087, -19.90124438723412581 ) ) ;
#6074 = CARTESIAN_POINT ( 'NONE',  ( -0.01493768657037499933, -45.21714881219698867, 12.52368491557550101 ) ) ;
#6075 = EDGE_CURVE ( 'NONE', #4180, #475, #242, .T. ) ;
#6076 = FACE_BOUND ( 'NONE', #1656, .T. ) ;
#6077 = DIRECTION ( 'NONE',  ( 0.000000000000000000, 0.000000000000000000, 1.000000000000000000 ) ) ;
#6078 = CARTESIAN_POINT ( 'NONE',  ( -11.01493768657040029, -14.71714881219270055, 36.42368491557549959 ) ) ;
#6079 = DIRECTION ( 'NONE',  ( -4.336808689942019662E-19, 0.9961946980917455452, 0.08715574274765795770 ) ) ;
#6080 = ORIENTED_EDGE ( 'NONE', *, *, #3105, .T. ) ;
#6081 = CARTESIAN_POINT ( 'NONE',  ( -16.93563507171881710, -20.86940764386208258, 36.42368491557549959 ) ) ;
#6082 = CARTESIAN_POINT ( 'NONE',  ( 42.42513116561959663, -20.86940764386208258, 28.22368491557550030 ) ) ;
#6083 = CARTESIAN_POINT ( 'NONE',  ( -18.59842161505426006, 63.83406457226209341, -17.47988797543120398 ) ) ;
#6084 = ADVANCED_FACE ( 'NONE', ( #1863 ), #799, .F. ) ;
#6085 = CARTESIAN_POINT ( 'NONE',  ( -36.31477043246970027, 40.93479225585357284, -3.565750178312177887 ) ) ;
#6086 = CARTESIAN_POINT ( 'NONE',  ( 20.28526166867391467, 39.61569048517934277, -21.05114409025035371 ) ) ;
#6087 = VERTEX_POINT ( 'NONE', #6640 ) ;
#6088 = CARTESIAN_POINT ( 'NONE',  ( 22.41671248530030169, 60.70553385993728313, -12.35794225670233359 ) ) ;
#6089 = CARTESIAN_POINT ( 'NONE',  ( 12.63506231342960007, -14.71714881219270055, 14.02368491557550634 ) ) ;
#6090 = CARTESIAN_POINT ( 'NONE',  ( -40.50007565895970174, 65.14458161102245981, -9.795075400776619645 ) ) ;
#6091 = CARTESIAN_POINT ( 'NONE',  ( -45.03787619095954398, 44.54974094419806363, -7.729136163324787034 ) ) ;
#6092 = LINE ( 'NONE', #5543, #5678 ) ;
#6093 = CARTESIAN_POINT ( 'NONE',  ( -0.01420992450536619905, -4.217148812191790164, 13.56849653541440048 ) ) ;
#6094 = EDGE_CURVE ( 'NONE', #4477, #1071, #6608, .T. ) ;
#6095 = DIRECTION ( 'NONE',  ( 6.054055702906201236E-17, -0.9396926207859068736, 0.3420201433256726542 ) ) ;
#6096 = CARTESIAN_POINT ( 'NONE',  ( 24.67841778150753740, 46.03502303289170072, -23.59788625977400400 ) ) ;
#6097 = CARTESIAN_POINT ( 'NONE',  ( 39.98418064546271466, 51.51423719057288508, -24.59269212571863150 ) ) ;
#6098 = CARTESIAN_POINT ( 'NONE',  ( -9.364937686570399933, -14.71714881219270055, 16.22368491557550030 ) ) ;
#6099 = SURFACE_STYLE_USAGE ( .BOTH. , #3343 ) ;
#6100 = CARTESIAN_POINT ( 'NONE',  ( -19.69261755718032703, 30.83720619259069551, -8.763876151197969477 ) ) ;
#6101 = DIRECTION ( 'NONE',  ( 0.000000000000000000, 0.000000000000000000, 1.000000000000000000 ) ) ;
#6102 = ORIENTED_EDGE ( 'NONE', *, *, #2137, .T. ) ;
#6103 = ADVANCED_FACE ( 'NONE', ( #3335 ), #5507, .F. ) ;
#6104 = DIRECTION ( 'NONE',  ( -5.556931175673090719E-06, -0.4999999998924654077, 0.8660254038286955280 ) ) ;
#6105 = CARTESIAN_POINT ( 'NONE',  ( -19.50000000000000000, -21.99419480485619616, 34.76836416677966923 ) ) ;
#6106 = FACE_OUTER_BOUND ( 'NONE', #6148, .T. ) ;
#6107 = EDGE_LOOP ( 'NONE', ( #2938, #3279, #6203, #6879, #2914, #6511 ) ) ;
#6108 = AXIS2_PLACEMENT_3D ( 'NONE', #5320, #6984, #5362 ) ;
#6109 = EDGE_LOOP ( 'NONE', ( #6111, #3645, #1632, #2147 ) ) ;
#6110 = LINE ( 'NONE', #1197, #6163 ) ;
#6111 = ORIENTED_EDGE ( 'NONE', *, *, #6459, .T. ) ;
#6112 = EDGE_LOOP ( 'NONE', ( #2027, #6936, #3230, #704 ) ) ;
#6113 = DIRECTION ( 'NONE',  ( -1.856851103990935349E-05, 0.8660269713776868050, 0.4999972844942277006 ) ) ;
#6114 = LINE ( 'NONE', #5572, #3270 ) ;
#6115 = CARTESIAN_POINT ( 'NONE',  ( 19.65953611365015163, 37.13539766765262584, -19.93255340871796477 ) ) ;
#6116 = CARTESIAN_POINT ( 'NONE',  ( 40.74087084099488010, 75.22916161852647576, -10.90097326724037607 ) ) ;
#6117 = EDGE_LOOP ( 'NONE', ( #6923, #2686, #3218, #3212, #4690, #5202, #6723 ) ) ;
#6118 = EDGE_CURVE ( 'NONE', #5388, #915, #6092, .T. ) ;
#6119 = ORIENTED_EDGE ( 'NONE', *, *, #1099, .T. ) ;
#6120 = CARTESIAN_POINT ( 'NONE',  ( -40.50007565895970174, 53.25222968267349444, -16.66107827013871656 ) ) ;
#6121 = FILL_AREA_STYLE ('',( #4438 ) ) ;
#6122 =( GEOMETRIC_REPRESENTATION_CONTEXT ( 3 ) GLOBAL_UNCERTAINTY_ASSIGNED_CONTEXT ( ( #5324 ) ) GLOBAL_UNIT_ASSIGNED_CONTEXT ( ( #1146, #2142, #4363 ) ) REPRESENTATION_CONTEXT ( 'NONE', 'WORKASPACE' ) );
#6123 = FACE_OUTER_BOUND ( 'NONE', #3997, .T. ) ;
#6124 = SURFACE_STYLE_USAGE ( .BOTH. , #5077 ) ;
#6125 =( NAMED_UNIT ( * ) SI_UNIT ( $, .STERADIAN. ) SOLID_ANGLE_UNIT ( ) );
#6126 = PRESENTATION_LAYER_ASSIGNMENT (  '', '', ( #6594 ) ) ;
#6127 = DIRECTION ( 'NONE',  ( 1.000000000000000000, 0.000000000000000000, 0.000000000000000000 ) ) ;
#6128 = CARTESIAN_POINT ( 'NONE',  ( 46.86651428099031591, 60.36601513122526086, -19.48215275506670707 ) ) ;
#6129 = CARTESIAN_POINT ( 'NONE',  ( 42.67981253297286059, 51.40904839017161265, -23.57162771051125105 ) ) ;
#6130 = CARTESIAN_POINT ( 'NONE',  ( 34.55198405199453759, 54.16663216727260988, -28.85150646184245815 ) ) ;
#6131 = CYLINDRICAL_SURFACE ( 'NONE', #6388, 2.899999999999999911 ) ;
#6132 = AXIS2_PLACEMENT_3D ( 'NONE', #6612, #6104, #2767 ) ;
#6133 = CARTESIAN_POINT ( 'NONE',  ( -19.33093156742425478, 39.53053600433388226, -21.68111983622414840 ) ) ;
#6134 = CARTESIAN_POINT ( 'NONE',  ( -19.50000000000000000, 22.36218277268801558, -5.130037262547145538 ) ) ;
#6135 = VECTOR ( 'NONE', #5901, 999.9999999999998863 ) ;
#6136 = SURFACE_STYLE_USAGE ( .BOTH. , #5087 ) ;
#6137 = B_SPLINE_CURVE_WITH_KNOTS ( 'NONE', 3,
 ( #5357, #3711, #4314, #3797 ),
 .UNSPECIFIED., .F., .F.,
 ( 4, 4 ),
 ( 0.000000000000000000, 1.000000000000000000 ),
 .UNSPECIFIED. ) ;
#6138 = DIRECTION ( 'NONE',  ( 1.000000000000000000, 0.000000000000000000, 0.000000000000000000 ) ) ;
#6139 = FILL_AREA_STYLE ('',( #3316 ) ) ;
#6140 =( NAMED_UNIT ( * ) SI_UNIT ( $, .STERADIAN. ) SOLID_ANGLE_UNIT ( ) );
#6141 =( GEOMETRIC_REPRESENTATION_CONTEXT ( 3 ) GLOBAL_UNCERTAINTY_ASSIGNED_CONTEXT ( ( #4282 ) ) GLOBAL_UNIT_ASSIGNED_CONTEXT ( ( #157, #3486, #654 ) ) REPRESENTATION_CONTEXT ( 'NONE', 'WORKASPACE' ) );
#6142 = FILL_AREA_STYLE ('',( #2238 ) ) ;
#6143 = EDGE_CURVE ( 'NONE', #6379, #6633, #2297, .T. ) ;
#6144 = ORIENTED_EDGE ( 'NONE', *, *, #4360, .T. ) ;
#6145 = ORIENTED_EDGE ( 'NONE', *, *, #640, .T. ) ;
#6146 = CARTESIAN_POINT ( 'NONE',  ( -47.89493413160970192, 50.80600850595634910, -4.117009805039876014 ) ) ;
#6147 = CYLINDRICAL_SURFACE ( 'NONE', #3631, 1.650000000000000355 ) ;
#6148 = EDGE_LOOP ( 'NONE', ( #5435, #243, #2858, #5884, #5159, #2663, #511, #3455, #5097, #2283, #1396, #2239, #2308, #3103, #6145, #4422, #683, #6217, #507 ) ) ;
#6149 =( GEOMETRIC_REPRESENTATION_CONTEXT ( 3 ) GLOBAL_UNCERTAINTY_ASSIGNED_CONTEXT ( ( #256 ) ) GLOBAL_UNIT_ASSIGNED_CONTEXT ( ( #1950, #6909, #4214 ) ) REPRESENTATION_CONTEXT ( 'NONE', 'WORKASPACE' ) );
#6150 = DIRECTION ( 'NONE',  ( 1.242365399525730464E-16, 0.6427876096865349220, -0.7660444431189815662 ) ) ;
#6151 = DIRECTION ( 'NONE',  ( 0.000000000000000000, 0.000000000000000000, 1.000000000000000000 ) ) ;
#6152 = LINE ( 'NONE', #1703, #601 ) ;
#6153 = MECHANICAL_DESIGN_GEOMETRIC_PRESENTATION_REPRESENTATION (  '', ( #4316 ), #6838 ) ;
#6154 = CARTESIAN_POINT ( 'NONE',  ( -80.50007565895975858, 27.21779965117880096, -17.73573712606409458 ) ) ;
#6155 = CARTESIAN_POINT ( 'NONE',  ( -35.86651428099028749, -22.20158753224317394, 38.45455606778830315 ) ) ;
#6156 = PRESENTATION_LAYER_ASSIGNMENT (  '', '', ( #542 ) ) ;
#6157 = CARTESIAN_POINT ( 'NONE',  ( 29.03682161282587515, 48.80990303236829675, -23.53068478183670820 ) ) ;
#6158 =( GEOMETRIC_REPRESENTATION_CONTEXT ( 3 ) GLOBAL_UNCERTAINTY_ASSIGNED_CONTEXT ( ( #7024 ) ) GLOBAL_UNIT_ASSIGNED_CONTEXT ( ( #1914, #1413, #5295 ) ) REPRESENTATION_CONTEXT ( 'NONE', 'WORKASPACE' ) );
#6159 = ORIENTED_EDGE ( 'NONE', *, *, #6569, .T. ) ;
#6160 = PRESENTATION_LAYER_ASSIGNMENT (  '', '', ( #3059 ) ) ;
#6161 = DIRECTION ( 'NONE',  ( 0.7071067811865493491, -0.5416752204197030629, -0.4545194776720394292 ) ) ;
#6162 = PRESENTATION_STYLE_ASSIGNMENT (( #3505 ) ) ;
#6163 = VECTOR ( 'NONE', #2845, 1000.000000000000000 ) ;
#6164 = FILL_AREA_STYLE_COLOUR ( '', #5117 ) ;
#6165 = MECHANICAL_DESIGN_GEOMETRIC_PRESENTATION_REPRESENTATION (  '', ( #6634 ), #3176 ) ;
#6166 =( LENGTH_UNIT ( ) NAMED_UNIT ( * ) SI_UNIT ( .MILLI., .METRE. ) );
#6167 = ORIENTED_EDGE ( 'NONE', *, *, #4701, .F. ) ;
#6168 = STYLED_ITEM ( 'NONE', ( #148 ), #192 ) ;
#6169 = PRESENTATION_LAYER_ASSIGNMENT (  '', '', ( #102 ) ) ;
#6170 = EDGE_CURVE ( 'NONE', #1987, #6836, #3944, .T. ) ;
#6171 = CARTESIAN_POINT ( 'NONE',  ( 42.42513116561959663, -20.86940764386208258, 28.22368491557550030 ) ) ;
#6172 = LINE ( 'NONE', #3924, #318 ) ;
#6173 = CARTESIAN_POINT ( 'NONE',  ( 37.17175543697930351, 54.35991244813465073, -28.91082916941901360 ) ) ;
#6174 = CARTESIAN_POINT ( 'NONE',  ( 18.51602573007469132, 29.74837067443381855, -7.538411844235053394 ) ) ;
#6175 = FACE_OUTER_BOUND ( 'NONE', #3364, .T. ) ;
#6176 = MECHANICAL_DESIGN_GEOMETRIC_PRESENTATION_REPRESENTATION (  '', ( #6637 ), #5255 ) ;
#6177 =( LENGTH_UNIT ( ) NAMED_UNIT ( * ) SI_UNIT ( .MILLI., .METRE. ) );
#6178 = ORIENTED_EDGE ( 'NONE', *, *, #4885, .F. ) ;
#6179 =( NAMED_UNIT ( * ) PLANE_ANGLE_UNIT ( ) SI_UNIT ( $, .RADIAN. ) );
#6180 = FACE_OUTER_BOUND ( 'NONE', #628, .T. ) ;
#6181 = DIRECTION ( 'NONE',  ( -1.000000000000000000, 0.000000000000000000, 0.000000000000000000 ) ) ;
#6182 = SURFACE_SIDE_STYLE ('',( #6686 ) ) ;
#6183 = SURFACE_SIDE_STYLE ('',( #716 ) ) ;
#6184 = SURFACE_STYLE_USAGE ( .BOTH. , #1832 ) ;
#6185 = FILL_AREA_STYLE ('',( #4985 ) ) ;
#6186 = EDGE_LOOP ( 'NONE', ( #1658, #3155, #2763, #4201 ) ) ;
#6187 = LINE ( 'NONE', #6146, #4555 ) ;
#6188 = CARTESIAN_POINT ( 'NONE',  ( 19.49999999999999289, -9.717148812196722218, 53.22368491557553938 ) ) ;
#6189 = VERTEX_POINT ( 'NONE', #6432 ) ;
#6190 = ADVANCED_FACE ( 'NONE', ( #2629 ), #3702, .T. ) ;
#6191 =( LENGTH_UNIT ( ) NAMED_UNIT ( * ) SI_UNIT ( .MILLI., .METRE. ) );
#6192 = CARTESIAN_POINT ( 'NONE',  ( -11.01493768657040029, -14.71714881219270055, 16.22368491557550030 ) ) ;
#6193 = FILL_AREA_STYLE_COLOUR ( '', #1917 ) ;
#6194 = CARTESIAN_POINT ( 'NONE',  ( 26.63497755813108725, 47.79301604986977026, -23.45397003148391946 ) ) ;
#6195 = VERTEX_POINT ( 'NONE', #3442 ) ;
#6196 = ORIENTED_EDGE ( 'NONE', *, *, #6094, .T. ) ;
#6197 = UNCERTAINTY_MEASURE_WITH_UNIT (LENGTH_MEASURE( 1.000000000000000082E-05 ), #2683, 'distance_accuracy_value', 'NONE');
#6198 = EDGE_CURVE ( 'NONE', #130, #6348, #5070, .T. ) ;
#6199 = CARTESIAN_POINT ( 'NONE',  ( 24.06671248530030027, 60.70553385993630258, -12.35794225670289670 ) ) ;
#6200 = DIRECTION ( 'NONE',  ( 1.832802226030400722E-19, -0.4999972845804243060, 0.8660269715269856006 ) ) ;
#6201 = CARTESIAN_POINT ( 'NONE',  ( 20.42970759093401156, 40.03491792626125800, -21.24022943041099509 ) ) ;
#6202 = CARTESIAN_POINT ( 'NONE',  ( 22.41671248530030169, 63.45551892101769198, -17.12109059297851843 ) ) ;
#6203 = ORIENTED_EDGE ( 'NONE', *, *, #5530, .T. ) ;
#6204 = FILL_AREA_STYLE_COLOUR ( '', #4075 ) ;
#6205 = DIRECTION ( 'NONE',  ( -0.9999999999135543716, 1.309878412122930892E-05, 1.145995116580944518E-06 ) ) ;
#6206 = CARTESIAN_POINT ( 'NONE',  ( 42.29469468701241652, 52.58266914372878631, -23.97583711669393836 ) ) ;
#6207 = CARTESIAN_POINT ( 'NONE',  ( 32.88455706717109450, 71.46680702631888948, -6.144963286393061885 ) ) ;
#6208 = CARTESIAN_POINT ( 'NONE',  ( 19.50000000000000355, 27.36276798480148997, 0.8386076724324551535 ) ) ;
#6209 = CARTESIAN_POINT ( 'NONE',  ( -47.89493321689953120, 66.16372324481612566, -14.98017020513407971 ) ) ;
#6210 = CARTESIAN_POINT ( 'NONE',  ( -47.85167390815868060, 50.80602332287249823, -4.117035550689698731 ) ) ;
#6211 =( LENGTH_UNIT ( ) NAMED_UNIT ( * ) SI_UNIT ( .MILLI., .METRE. ) );
#6212 = PRESENTATION_STYLE_ASSIGNMENT (( #197 ) ) ;
#6213 = FACE_BOUND ( 'NONE', #6869, .T. ) ;
#6214 = ORIENTED_EDGE ( 'NONE', *, *, #3661, .F. ) ;
#6215 = ORIENTED_EDGE ( 'NONE', *, *, #5177, .F. ) ;
#6216 =( NAMED_UNIT ( * ) PLANE_ANGLE_UNIT ( ) SI_UNIT ( $, .RADIAN. ) );
#6217 = ORIENTED_EDGE ( 'NONE', *, *, #450, .T. ) ;
#6218 = CARTESIAN_POINT ( 'NONE',  ( -20.54579667681522182, 32.95985044382372564, -8.688797685148898609 ) ) ;
#6219 =( NAMED_UNIT ( * ) SI_UNIT ( $, .STERADIAN. ) SOLID_ANGLE_UNIT ( ) );
#6220 = STYLED_ITEM ( 'NONE', ( #1789 ), #515 ) ;
#6221 = CARTESIAN_POINT ( 'NONE',  ( 3.349998365731812755E-13, 14.18189424716742941, -42.68227895591078891 ) ) ;
#6222 = SURFACE_SIDE_STYLE ('',( #4008 ) ) ;
#6223 = CARTESIAN_POINT ( 'NONE',  ( 26.08377186858857044, 47.33914359486864498, -23.41972477573438383 ) ) ;
#6224 = CARTESIAN_POINT ( 'NONE',  ( 35.86651428099029459, 30.19365837947501419, 47.32818170823070858 ) ) ;
#6225 = ORIENTED_EDGE ( 'NONE', *, *, #6931, .F. ) ;
#6226 = UNCERTAINTY_MEASURE_WITH_UNIT (LENGTH_MEASURE( 1.000000000000000082E-05 ), #490, 'distance_accuracy_value', 'NONE');
#6227 = ORIENTED_EDGE ( 'NONE', *, *, #3733, .F. ) ;
#6228 = DIRECTION ( 'NONE',  ( 1.000000000000000000, 0.000000000000000000, 0.000000000000000000 ) ) ;
#6229 = FACE_OUTER_BOUND ( 'NONE', #3331, .T. ) ;
#6230 = CARTESIAN_POINT ( 'NONE',  ( -41.48542328852759908, 50.42482106154727717, -23.47003160539800248 ) ) ;
#6231 = ADVANCED_FACE ( 'NONE', ( #292 ), #3046, .F. ) ;
#6232 = CARTESIAN_POINT ( 'NONE',  ( -28.06178826712246277, 48.57371140779309826, -23.51287976192057627 ) ) ;
#6233 = CARTESIAN_POINT ( 'NONE',  ( -22.34537676406219120, 34.78337692771619771, -8.192166371999656249 ) ) ;
#6234 = ORIENTED_EDGE ( 'NONE', *, *, #4657, .T. ) ;
#6235 = EDGE_CURVE ( 'NONE', #6493, #3133, #465, .T. ) ;
#6236 = SURFACE_STYLE_FILL_AREA ( #4047 ) ;
#6237 = CARTESIAN_POINT ( 'NONE',  ( 19.61626502108758885, 30.42937952896273757, -8.720856960946870018 ) ) ;
#6238 = CARTESIAN_POINT ( 'NONE',  ( -21.54897235278889411, 42.03196272863158356, -22.14089146305068567 ) ) ;
#6239 = EDGE_CURVE ( 'NONE', #1163, #4959, #2766, .T. ) ;
#6240 =( NAMED_UNIT ( * ) PLANE_ANGLE_UNIT ( ) SI_UNIT ( $, .RADIAN. ) );
#6241 = SURFACE_STYLE_USAGE ( .BOTH. , #2936 ) ;
#6242 = DIRECTION ( 'NONE',  ( -1.000000000000000000, 0.000000000000000000, 0.000000000000000000 ) ) ;
#6243 = STYLED_ITEM ( 'NONE', ( #6726 ), #4836 ) ;
#6244 = CARTESIAN_POINT ( 'NONE',  ( -36.31477043246970027, 40.50177955480658909, -3.815750177757907036 ) ) ;
#6245 = CARTESIAN_POINT ( 'NONE',  ( 19.18506231342960078, -7.431945887776403303, 12.52368491557550101 ) ) ;
#6246 = LINE ( 'NONE', #4156, #5803 ) ;
#6247 = EDGE_CURVE ( 'NONE', #4959, #158, #3268, .T. ) ;
#6248 = CONICAL_SURFACE ( 'NONE', #4535, 1.650000000000000355, 0.7853981633974547183 ) ;
#6249 = CARTESIAN_POINT ( 'NONE',  ( 21.30857070104123707, 33.89515343375075673, -8.486135644758592278 ) ) ;
#6250 = FILL_AREA_STYLE ('',( #6292 ) ) ;
#6251 = CARTESIAN_POINT ( 'NONE',  ( 20.89566862411658121, 33.44328224783078696, -8.598047369012805419 ) ) ;
#6252 =( NAMED_UNIT ( * ) SI_UNIT ( $, .STERADIAN. ) SOLID_ANGLE_UNIT ( ) );
#6253 = ORIENTED_EDGE ( 'NONE', *, *, #4182, .F. ) ;
#6254 = ORIENTED_EDGE ( 'NONE', *, *, #4360, .F. ) ;
#6255 = LINE ( 'NONE', #2489, #430 ) ;
#6256 = DIRECTION ( 'NONE',  ( 0.000000000000000000, 0.000000000000000000, 1.000000000000000000 ) ) ;
#6257 = CARTESIAN_POINT ( 'NONE',  ( -29.07096351778347199, 54.18124605223592027, -28.86589214236274969 ) ) ;
#6258 = VERTEX_POINT ( 'NONE', #1773 ) ;
#6259 = COLOUR_RGB ( '',0.7529411764705882248, 0.7529411764705882248, 0.7529411764705882248 ) ;
#6260 = CARTESIAN_POINT ( 'NONE',  ( -47.58262412224826221, 68.88381314136667299, -13.40973220937357624 ) ) ;
#6261 = AXIS2_PLACEMENT_3D ( 'NONE', #4068, #880, #5286 ) ;
#6262 = ADVANCED_FACE ( 'NONE', ( #1851 ), #4045, .T. ) ;
#6263 = VECTOR ( 'NONE', #4107, 1000.000000000000000 ) ;
#6264 =( NAMED_UNIT ( * ) SI_UNIT ( $, .STERADIAN. ) SOLID_ANGLE_UNIT ( ) );
#6265 = CARTESIAN_POINT ( 'NONE',  ( 41.37888653535998884, 74.93384516066139156, -11.07147306906998629 ) ) ;
#6266 = ORIENTED_EDGE ( 'NONE', *, *, #5808, .F. ) ;
#6267 = COLOUR_RGB ( '',0.9254901960784314152, 0.9254901960784314152, 0.9254901960784314152 ) ;
#6268 = CARTESIAN_POINT ( 'NONE',  ( 32.88479490607029732, 52.87300994797190867, 0.4404574202298769392 ) ) ;
#6269 = CARTESIAN_POINT ( 'NONE',  ( 23.96912600382698244, 36.04819882926248198, -7.541341429719940592 ) ) ;
#6270 = PRESENTATION_LAYER_ASSIGNMENT (  '', '', ( #6732 ) ) ;
#6271 = LINE ( 'NONE', #4621, #2503 ) ;
#6272 = ORIENTED_EDGE ( 'NONE', *, *, #1084, .F. ) ;
#6273 = ORIENTED_EDGE ( 'NONE', *, *, #6532, .T. ) ;
#6274 = COLOUR_RGB ( '',0.7529411764705882248, 0.7529411764705882248, 0.7529411764705882248 ) ;
#6275 = FILL_AREA_STYLE_COLOUR ( '', #2134 ) ;
#6276 = CIRCLE ( 'NONE', #1007, 3.150000000000041656 ) ;
#6277 = CARTESIAN_POINT ( 'NONE',  ( 24.77477034492131480, 46.11586966790812880, -23.56929985151457174 ) ) ;
#6278 = EDGE_CURVE ( 'NONE', #6493, #5279, #6920, .T. ) ;
#6279 = AXIS2_PLACEMENT_3D ( 'NONE', #48, #2790, #2188 ) ;
#6280 = LINE ( 'NONE', #4020, #2291 ) ;
#6281 = SURFACE_SIDE_STYLE ('',( #1855 ) ) ;
#6282 = CARTESIAN_POINT ( 'NONE',  ( 47.86651428099029459, 44.96684745884011392, -1.237301865190374217 ) ) ;
#6283 =( GEOMETRIC_REPRESENTATION_CONTEXT ( 3 ) GLOBAL_UNCERTAINTY_ASSIGNED_CONTEXT ( ( #1037 ) ) GLOBAL_UNIT_ASSIGNED_CONTEXT ( ( #6321, #2937, #5126 ) ) REPRESENTATION_CONTEXT ( 'NONE', 'WORKASPACE' ) );
#6284 = AXIS2_PLACEMENT_3D ( 'NONE', #6891, #3623, #5801 ) ;
#6285 = CARTESIAN_POINT ( 'NONE',  ( 36.50628219996717405, 48.86315753202580936, -23.53305000055540575 ) ) ;
#6286 = ADVANCED_FACE ( 'NONE', ( #2571 ), #2652, .F. ) ;
#6287 = CARTESIAN_POINT ( 'NONE',  ( 16.30430202796327066, -20.86940764386208258, 15.68044433431246887 ) ) ;
#6288 = AXIS2_PLACEMENT_3D ( 'NONE', #4352, #5427, #1654 ) ;
#6289 =( NAMED_UNIT ( * ) SI_UNIT ( $, .STERADIAN. ) SOLID_ANGLE_UNIT ( ) );
#6290 = PRESENTATION_LAYER_ASSIGNMENT (  '', '', ( #2730 ) ) ;
#6291 = FACE_OUTER_BOUND ( 'NONE', #6060, .T. ) ;
#6292 = FILL_AREA_STYLE_COLOUR ( '', #6979 ) ;
#6293 = CARTESIAN_POINT ( 'NONE',  ( 19.69278113063819902, 30.83792342122381314, -8.763851015760055319 ) ) ;
#6294 = DIRECTION ( 'NONE',  ( -1.832802226030400722E-19, 0.4999972845804243060, -0.8660269715269856006 ) ) ;
#6295 = ORIENTED_EDGE ( 'NONE', *, *, #2970, .F. ) ;
#6296 = EDGE_LOOP ( 'NONE', ( #3473, #6792, #6178, #6995 ) ) ;
#6297 = CARTESIAN_POINT ( 'NONE',  ( -22.76496820186567049, 35.81949203941718451, -6.508113807069819678 ) ) ;
#6298 = DIRECTION ( 'NONE',  ( -0.000000000000000000, 0.000000000000000000, 1.000000000000000000 ) ) ;
#6299 = CARTESIAN_POINT ( 'NONE',  ( -25.39842161505969997, 62.33407271851643827, -14.88180706085233140 ) ) ;
#6300 = ORIENTED_EDGE ( 'NONE', *, *, #5044, .T. ) ;
#6301 = ADVANCED_FACE ( 'NONE', ( #932 ), #6887, .F. ) ;
#6302 = COLOUR_RGB ( '',0.7529411764705882248, 0.7529411764705882248, 0.7529411764705882248 ) ;
#6303 = LINE ( 'NONE', #2423, #5546 ) ;
#6304 = VECTOR ( 'NONE', #5123, 1000.000000000000000 ) ;
#6305 = CARTESIAN_POINT ( 'NONE',  ( -19.59842161505526903, 63.33406728768116523, -16.61386100390334875 ) ) ;
#6306 = DIRECTION ( 'NONE',  ( 1.000000000000000000, 0.000000000000000000, 0.000000000000000000 ) ) ;
#6307 = SURFACE_STYLE_USAGE ( .BOTH. , #845 ) ;
#6308 = DIRECTION ( 'NONE',  ( 0.000000000000000000, 0.8660269715269854895, 0.4999972845804243060 ) ) ;
#6309 = LINE ( 'NONE', #4613, #4884 ) ;
#6310 = UNCERTAINTY_MEASURE_WITH_UNIT (LENGTH_MEASURE( 1.000000000000000082E-05 ), #4031, 'distance_accuracy_value', 'NONE');
#6311 = EDGE_CURVE ( 'NONE', #3939, #6422, #42, .T. ) ;
#6312 = CARTESIAN_POINT ( 'NONE',  ( -47.86651428099028749, 48.61630358898631243, 0.8690983336546914684 ) ) ;
#6313 = B_SPLINE_CURVE_WITH_KNOTS ( 'NONE', 3,
 ( #6502, #4261, #3734, #4911, #5340, #5987, #3186, #3669, #6965, #433, #503, #5848, #2112, #3256, #4874, #3818, #4229, #7078, #7040, #5912 ),
 .UNSPECIFIED., .F., .F.,
 ( 4, 2, 1, 1, 2, 2, 2, 1, 1, 2, 2, 4 ),
 ( 0.000000000000000000, 0.1249999999999968636, 0.1874999999999953371, 0.2187499999999933387, 0.2343749999999924505, 0.2499999999999915623, 0.3749999999999861222, 0.4374999999999833467, 0.4687499999999832911, 0.4843749999999829581, 0.4999999999999826250, 1.000000000000000000 ),
 .UNSPECIFIED. ) ;
#6314 = CARTESIAN_POINT ( 'NONE',  ( 19.49999146346641865, 32.91937497661947987, -7.489859645500976271 ) ) ;
#6315 = LINE ( 'NONE', #1815, #4683 ) ;
#6316 = CARTESIAN_POINT ( 'NONE',  ( 19.50000000000000355, 34.98238854211788151, -18.96155176644819917 ) ) ;
#6317 = FILL_AREA_STYLE ('',( #3104 ) ) ;
#6318 = FILL_AREA_STYLE ('',( #3003 ) ) ;
#6319 = SURFACE_STYLE_FILL_AREA ( #2514 ) ;
#6320 = ADVANCED_FACE ( 'NONE', ( #5501 ), #1600, .F. ) ;
#6321 =( LENGTH_UNIT ( ) NAMED_UNIT ( * ) SI_UNIT ( .MILLI., .METRE. ) );
#6322 = PRESENTATION_STYLE_ASSIGNMENT (( #5272 ) ) ;
#6323 = DIRECTION ( 'NONE',  ( -1.000000000000000000, 0.000000000000000000, 0.000000000000000000 ) ) ;
#6324 = CARTESIAN_POINT ( 'NONE',  ( 40.13739771198454065, 51.27237677660740189, -24.48005468584322131 ) ) ;
#6325 = CARTESIAN_POINT ( 'NONE',  ( 29.24839678889546590, 49.79519984957076417, -24.48005005416440838 ) ) ;
#6326 = CARTESIAN_POINT ( 'NONE',  ( 21.14454063024331631, 33.72612314348260298, -8.530608099200179595 ) ) ;
#6327 = B_SPLINE_CURVE_WITH_KNOTS ( 'NONE', 3,
 ( #4193, #6466, #2075, #1080 ),
 .UNSPECIFIED., .F., .F.,
 ( 4, 4 ),
 ( 0.000000000000000000, 0.002077243117279790365 ),
 .UNSPECIFIED. ) ;
#6328 = CARTESIAN_POINT ( 'NONE',  ( -9.364937686570399933, -14.71714881219270055, 38.92368491557547827 ) ) ;
#6329 = CARTESIAN_POINT ( 'NONE',  ( -20.12643488444978601, 33.74248095740875186, -7.310850490483262298 ) ) ;
#6330 = EDGE_LOOP ( 'NONE', ( #3207, #5970, #2290, #4741 ) ) ;
#6331 = ORIENTED_EDGE ( 'NONE', *, *, #5977, .T. ) ;
#6332 = CARTESIAN_POINT ( 'NONE',  ( -22.70644427181619207, 35.77810155778184509, -6.529525841342105785 ) ) ;
#6333 = CARTESIAN_POINT ( 'NONE',  ( -40.50007565895970174, 45.41047477604134741, -7.232191254224838772 ) ) ;
#6334 = VERTEX_POINT ( 'NONE', #3246 ) ;
#6335 = B_SPLINE_CURVE_WITH_KNOTS ( 'NONE', 3,
 ( #1554, #5933, #5527, #3423, #1796, #4606 ),
 .UNSPECIFIED., .F., .F.,
 ( 4, 2, 4 ),
 ( 0.000000000000000000, 0.5000000000000000000, 1.000000000000000000 ),
 .UNSPECIFIED. ) ;
#6336 = CARTESIAN_POINT ( 'NONE',  ( -19.50000000000000000, -1.256305344910945834E-15, 13.52368491557550456 ) ) ;
#6337 = CARTESIAN_POINT ( 'NONE',  ( 19.50000000000000355, 28.38956381434080001, -8.285533455702392303 ) ) ;
#6338 = CARTESIAN_POINT ( 'NONE',  ( -46.82403197471004574, 67.91065577928358721, -15.12628398747747660 ) ) ;
#6339 = CARTESIAN_POINT ( 'NONE',  ( -20.95115776498954219, 41.09294384107780473, -21.71738331253739673 ) ) ;
#6340 = DIRECTION ( 'NONE',  ( -2.258754526011469657E-19, 0.4999999996865501228, -0.8660254039654091684 ) ) ;
#6341 = UNCERTAINTY_MEASURE_WITH_UNIT (LENGTH_MEASURE( 1.000000000000000082E-05 ), #6810, 'distance_accuracy_value', 'NONE');
#6342 = UNCERTAINTY_MEASURE_WITH_UNIT (LENGTH_MEASURE( 1.000000000000000082E-05 ), #5495, 'distance_accuracy_value', 'NONE');
#6343 =( NAMED_UNIT ( * ) SI_UNIT ( $, .STERADIAN. ) SOLID_ANGLE_UNIT ( ) );
#6344 = FILL_AREA_STYLE ('',( #2125 ) ) ;
#6345 = EDGE_CURVE ( 'NONE', #848, #6689, #5844, .T. ) ;
#6346 = DIRECTION ( 'NONE',  ( 1.000000000000000000, 0.000000000000000000, 0.000000000000000000 ) ) ;
#6347 = ORIENTED_EDGE ( 'NONE', *, *, #4480, .T. ) ;
#6348 = VERTEX_POINT ( 'NONE', #3287 ) ;
#6349 = VECTOR ( 'NONE', #280, 1000.000000000000000 ) ;
#6350 = B_SPLINE_CURVE_WITH_KNOTS ( 'NONE', 3,
 ( #6067, #1253, #579, #4943, #2869, #1720, #5048, #4409, #3895, #1155, #1185, #3342, #145, #1748, #6129, #5512, #2333, #1216, #3376, #5549, #641, #4518, #2831, #5020, #115, #2304, #4488, #6708, #1779, #3986, #5802, #230, #5228, #4149, #901, #2441, #4021, #1384, #4595 ),
 .UNSPECIFIED., .F., .F.,
 ( 4, 1, 1, 2, 2, 2, 2, 2, 2, 1, 2, 2, 2, 1, 1, 2, 2, 2, 1, 1, 2, 2, 4 ),
 ( 0.000000000000000000, 0.003906249999993387234, 0.005859374999991914454, 0.006835937499992402779, 0.007812499999992891103, 0.01562499999998873124, 0.03124999999998342298, 0.06249999999997817024, 0.1249999999999716338, 0.1874999999999651112, 0.2187499999999626410, 0.2499999999999601985, 0.3749999999999616973, 0.4374999999999600320, 0.4687499999999591993, 0.4843749999999563682, 0.4999999999999535927, 0.6249999999999499289, 0.6874999999999505951, 0.7187499999999530376, 0.7343749999999542588, 0.7499999999999554801, 1.000000000000000000 ),
 .UNSPECIFIED. ) ;
#6351 = ADVANCED_FACE ( 'NONE', ( #2748 ), #5327, .T. ) ;
#6352 = LINE ( 'NONE', #2442, #5948 ) ;
#6353 = CARTESIAN_POINT ( 'NONE',  ( -30.00587084725580667, 39.08599475092245257, -4.633113433545741344 ) ) ;
#6354 = CARTESIAN_POINT ( 'NONE',  ( 19.50000000000000355, 27.43776176121572874, -7.975406447621463002 ) ) ;
#6355 = DIRECTION ( 'NONE',  ( -6.442591512363824568E-17, 1.000000000000000000, 0.000000000000000000 ) ) ;
#6356 = CARTESIAN_POINT ( 'NONE',  ( -11.01493768657040029, -14.71714881219270055, 38.92368491557547827 ) ) ;
#6357 = CARTESIAN_POINT ( 'NONE',  ( 24.92203632563366256, 47.62601116254202083, -24.48004325268717452 ) ) ;
#6358 = CARTESIAN_POINT ( 'NONE',  ( 18.50000000000002487, -4.217148812191790164, 37.42368491557549959 ) ) ;
#6359 = CARTESIAN_POINT ( 'NONE',  ( 20.48517537766185725, 32.86605609576545817, -8.703589732496096687 ) ) ;
#6360 = CARTESIAN_POINT ( 'NONE',  ( 46.86651428099032302, 60.36601513122526086, -19.48215275506670352 ) ) ;
#6361 = CARTESIAN_POINT ( 'NONE',  ( -19.87598866601151215, 33.45020061756240182, -7.383040289433364656 ) ) ;
#6362 = VECTOR ( 'NONE', #5182, 1000.000000000000227 ) ;
#6363 = VERTEX_POINT ( 'NONE', #2355 ) ;
#6364 = ORIENTED_EDGE ( 'NONE', *, *, #5209, .F. ) ;
#6365 = CARTESIAN_POINT ( 'NONE',  ( 21.54897235278889411, 34.11140000979975184, -8.421975069463544017 ) ) ;
#6366 = CARTESIAN_POINT ( 'NONE',  ( 19.50000000000000355, 27.43776176121572874, -7.975406447621463002 ) ) ;
#6367 = DIRECTION ( 'NONE',  ( -1.832802226030400481E-19, 0.4999972845804242505, -0.8660269715269854895 ) ) ;
#6368 = AXIS2_PLACEMENT_3D ( 'NONE', #2918, #5101, #206 ) ;
#6369 = B_SPLINE_CURVE_WITH_KNOTS ( 'NONE', 3,
 ( #4823, #6442, #5490, #1620, #4855, #1592, #5968, #1026, #2670, #4888, #4315, #1131, #483, #7054, #6518, #4351, #1552, #6036, #5426, #3317, #5456, #2770, #586, #3753, #4242, #6981, #3235 ),
 .UNSPECIFIED., .F., .F.,
 ( 4, 2, 1, 1, 2, 2, 2, 1, 1, 2, 2, 2, 1, 2, 2, 4 ),
 ( 0.000000000000000000, 0.1249999999999889255, 0.1874999999999867606, 0.2187499999999882594, 0.2343749999999870659, 0.2499999999999858447, 0.3749999999999899525, 0.4374999999999927836, 0.4687499999999945044, 0.4843749999999932276, 0.4999999999999918954, 0.6250000000000009992, 0.6875000000000035527, 0.7187500000000019984, 0.7500000000000004441, 1.000000000000000000 ),
 .UNSPECIFIED. ) ;
#6370 = CARTESIAN_POINT ( 'NONE',  ( -37.46619162556283555, 76.48899968728969156, -9.018908641211195842 ) ) ;
#6371 = CYLINDRICAL_SURFACE ( 'NONE', #159, 3.000000000000002665 ) ;
#6372 = CARTESIAN_POINT ( 'NONE',  ( -19.83471489945746669, 38.06784108155530788, -20.35307211302232844 ) ) ;
#6373 = COLOUR_RGB ( '',0.7529411764705882248, 0.7529411764705882248, 0.7529411764705882248 ) ;
#6374 = ORIENTED_EDGE ( 'NONE', *, *, #1356, .T. ) ;
#6375 = VERTEX_POINT ( 'NONE', #4540 ) ;
#6376 = AXIS2_PLACEMENT_3D ( 'NONE', #6154, #4505, #5673 ) ;
#6377 = CARTESIAN_POINT ( 'NONE',  ( 5.897478317654511137, -35.11462712985165524, 36.42368491557549959 ) ) ;
#6378 = CARTESIAN_POINT ( 'NONE',  ( 10.98506231342959971, -14.71714881219270055, 16.22368491557550030 ) ) ;
#6379 = VERTEX_POINT ( 'NONE', #1240 ) ;
#6380 = STYLED_ITEM ( 'NONE', ( #5061 ), #1858 ) ;
#6381 = CARTESIAN_POINT ( 'NONE',  ( 18.83634907334838360, 31.47060878950586726, -7.635442099883889888 ) ) ;
#6382 = EDGE_CURVE ( 'NONE', #820, #68, #5640, .T. ) ;
#6383 = PRESENTATION_LAYER_ASSIGNMENT (  '', '', ( #1894 ) ) ;
#6384 = CARTESIAN_POINT ( 'NONE',  ( 19.49999999999999289, -20.86940764386208258, 28.22368491557550030 ) ) ;
#6385 = CIRCLE ( 'NONE', #2827, 6.999999999999973355 ) ;
#6386 = DIRECTION ( 'NONE',  ( -4.439634266151122599E-05, 0.8660254031119452023, 0.4999999991937576493 ) ) ;
#6387 = MECHANICAL_DESIGN_GEOMETRIC_PRESENTATION_REPRESENTATION (  '', ( #431 ), #2362 ) ;
#6388 = AXIS2_PLACEMENT_3D ( 'NONE', #2306, #3926, #5050 ) ;
#6389 = CARTESIAN_POINT ( 'NONE',  ( -22.34564751114782766, 34.78360534123793713, -8.192088188716160957 ) ) ;
#6390 = CARTESIAN_POINT ( 'NONE',  ( -19.50000000000000000, -7.217148812191790164, 37.42368491557549959 ) ) ;
#6391 = AXIS2_PLACEMENT_3D ( 'NONE', #161, #4533, #5635 ) ;
#6392 = FILL_AREA_STYLE_COLOUR ( '', #4202 ) ;
#6393 = VECTOR ( 'NONE', #7009, 1000.000000000000227 ) ;
#6394 = CARTESIAN_POINT ( 'NONE',  ( 37.33513768031698987, 47.97083274013611742, -22.58203650889014114 ) ) ;
#6395 = CARTESIAN_POINT ( 'NONE',  ( 20.89046318958917681, 34.43922584535435760, -7.099606304089562947 ) ) ;
#6396 = CARTESIAN_POINT ( 'NONE',  ( 9.335062313429599357, -14.71714881219270055, 14.02368491557550634 ) ) ;
#6397 = CARTESIAN_POINT ( 'NONE',  ( 38.14703082315475058, 38.22368957199154238, -5.130515572587896145 ) ) ;
#6398 = COLOUR_RGB ( '',0.7529411764705882248, 0.7529411764705882248, 0.7529411764705882248 ) ;
#6399 = VERTEX_POINT ( 'NONE', #727 ) ;
#6400 = ORIENTED_EDGE ( 'NONE', *, *, #4906, .F. ) ;
#6401 =( NAMED_UNIT ( * ) SI_UNIT ( $, .STERADIAN. ) SOLID_ANGLE_UNIT ( ) );
#6402 =( NAMED_UNIT ( * ) PLANE_ANGLE_UNIT ( ) SI_UNIT ( $, .RADIAN. ) );
#6403 = CARTESIAN_POINT ( 'NONE',  ( -26.71182613147868778, 47.84851884916591302, -23.45815656875159760 ) ) ;
#6404 = ORIENTED_EDGE ( 'NONE', *, *, #5949, .T. ) ;
#6405 = CARTESIAN_POINT ( 'NONE',  ( -11.01493768657040029, -14.71714881219270055, 12.52368491557550101 ) ) ;
#6406 = AXIS2_PLACEMENT_3D ( 'NONE', #5889, #5826, #3682 ) ;
#6407 = MECHANICAL_DESIGN_GEOMETRIC_PRESENTATION_REPRESENTATION (  '', ( #2730 ), #2504 ) ;
#6408 = FACE_OUTER_BOUND ( 'NONE', #5612, .T. ) ;
#6409 = DIRECTION ( 'NONE',  ( 1.832802226030400722E-19, -0.4999972845804243060, 0.8660269715269856006 ) ) ;
#6410 = CARTESIAN_POINT ( 'NONE',  ( 19.18506231342960078, -7.217148812191790164, 37.42368491557549959 ) ) ;
#6411 = CARTESIAN_POINT ( 'NONE',  ( -19.64619491213268176, 37.03780172026995388, -19.88853690462648416 ) ) ;
#6412 = VECTOR ( 'NONE', #6635, 1000.000000000000114 ) ;
#6413 = CARTESIAN_POINT ( 'NONE',  ( 12.63506231342960007, -14.71714881219270055, 14.02368491557550634 ) ) ;
#6414 = ORIENTED_EDGE ( 'NONE', *, *, #4705, .F. ) ;
#6415 = MECHANICAL_DESIGN_GEOMETRIC_PRESENTATION_REPRESENTATION (  '', ( #6528 ), #4223 ) ;
#6416 = UNCERTAINTY_MEASURE_WITH_UNIT (LENGTH_MEASURE( 1.000000000000000082E-05 ), #3500, 'distance_accuracy_value', 'NONE');
#6417 = UNCERTAINTY_MEASURE_WITH_UNIT (LENGTH_MEASURE( 1.000000000000000082E-05 ), #1733, 'distance_accuracy_value', 'NONE');
#6418 = STYLED_ITEM ( 'NONE', ( #3377 ), #3571 ) ;
#6419 = PRESENTATION_STYLE_ASSIGNMENT (( #1492 ) ) ;
#6420 = CIRCLE ( 'NONE', #6540, 28.64999999999999858 ) ;
#6421 =( LENGTH_UNIT ( ) NAMED_UNIT ( * ) SI_UNIT ( .MILLI., .METRE. ) );
#6422 = VERTEX_POINT ( 'NONE', #5716 ) ;
#6423 = LINE ( 'NONE', #4115, #2476 ) ;
#6424 = EDGE_CURVE ( 'NONE', #4114, #1541, #1528, .T. ) ;
#6425 = PRESENTATION_STYLE_ASSIGNMENT (( #3586 ) ) ;
#6426 = LINE ( 'NONE', #5334, #1787 ) ;
#6427 = FACE_OUTER_BOUND ( 'NONE', #5718, .T. ) ;
#6428 = B_SPLINE_CURVE_WITH_KNOTS ( 'NONE', 3,
 ( #2452, #4640, #6825, #1941, #1898, #4098, #6297, #837, #304, #4677, #6332, #1971, #7087, #509, #4817, #5389, #1583, #2632, #4269, #2161, #3792, #1021, #2081, #4851 ),
 .UNSPECIFIED., .F., .F.,
 ( 4, 2, 2, 1, 1, 1, 2, 2, 2, 1, 1, 1, 2, 2, 4 ),
 ( 0.000000000000000000, 0.1249999999999397149, 0.1874999999999125977, 0.2187499999998974709, 0.2343749999998897271, 0.2421874999998860634, 0.2460937499998867295, 0.2499999999998874234, 0.3749999999998386846, 0.4374999999998157030, 0.4687499999998042122, 0.4843749999997978839, 0.4921874999997983835, 0.4999999999997988276, 1.000000000000000000 ),
 .UNSPECIFIED. ) ;
#6429 = SURFACE_STYLE_FILL_AREA ( #5274 ) ;
#6430 = FILL_AREA_STYLE_COLOUR ( '', #1335 ) ;
#6431 = CARTESIAN_POINT ( 'NONE',  ( 37.08997141205001924, 49.85471402199032553, -24.48005024077072989 ) ) ;
#6432 = CARTESIAN_POINT ( 'NONE',  ( -36.31477043246970027, 49.68454103544879530, -18.72086935574080258 ) ) ;
#6433 = ORIENTED_EDGE ( 'NONE', *, *, #4331, .F. ) ;
#6434 = DIRECTION ( 'NONE',  ( 1.832802226030400722E-19, -0.4999972845804243060, 0.8660269715269856006 ) ) ;
#6435 = DIRECTION ( 'NONE',  ( 1.000000000000000000, 0.000000000000000000, 0.000000000000000000 ) ) ;
#6436 = LINE ( 'NONE', #4237, #3196 ) ;
#6437 = ORIENTED_EDGE ( 'NONE', *, *, #1794, .T. ) ;
#6438 = ORIENTED_EDGE ( 'NONE', *, *, #2332, .F. ) ;
#6439 = CARTESIAN_POINT ( 'NONE',  ( -39.89493413032781177, 39.82544329237974523, -4.205989712751269316 ) ) ;
#6440 = B_SPLINE_CURVE_WITH_KNOTS ( 'NONE', 3,
 ( #3732, #7038, #2186, #2108 ),
 .UNSPECIFIED., .F., .F.,
 ( 4, 4 ),
 ( 0.000000000000000000, 1.000000000000000000 ),
 .UNSPECIFIED. ) ;
#6441 = CARTESIAN_POINT ( 'NONE',  ( -40.60582465256577933, 51.02425651925706518, -24.48005390786373425 ) ) ;
#6442 = CARTESIAN_POINT ( 'NONE',  ( -39.57399122792352131, 50.51247816017503567, -24.45095381094148834 ) ) ;
#6443 = CARTESIAN_POINT ( 'NONE',  ( -47.89498704274816276, 66.84388371469458434, -14.58748198133934970 ) ) ;
#6444 = ORIENTED_EDGE ( 'NONE', *, *, #6628, .F. ) ;
#6445 = DIRECTION ( 'NONE',  ( 0.000000000000000000, 0.000000000000000000, 1.000000000000000000 ) ) ;
#6446 = CARTESIAN_POINT ( 'NONE',  ( -20.71627609680279747, 40.63661762791144128, -21.51159379528978377 ) ) ;
#6447 = DIRECTION ( 'NONE',  ( 0.000000000000000000, 0.000000000000000000, 1.000000000000000000 ) ) ;
#6448 =( LENGTH_UNIT ( ) NAMED_UNIT ( * ) SI_UNIT ( .MILLI., .METRE. ) );
#6449 = DIRECTION ( 'NONE',  ( 1.000000000000000000, 6.442591512363824568E-17, -0.000000000000000000 ) ) ;
#6450 = DIRECTION ( 'NONE',  ( -1.000000000000000000, -4.320305823558454577E-19, -3.779777825263946829E-20 ) ) ;
#6451 = ORIENTED_EDGE ( 'NONE', *, *, #37, .T. ) ;
#6452 = ORIENTED_EDGE ( 'NONE', *, *, #2057, .T. ) ;
#6453 = DIRECTION ( 'NONE',  ( -0.000000000000000000, 0.7660444431189817882, 0.6427876096865350330 ) ) ;
#6454 = CARTESIAN_POINT ( 'NONE',  ( 18.68555568985573601, 30.90083369216707254, -7.634651490372440286 ) ) ;
#6455 = DIRECTION ( 'NONE',  ( 0.000000000000000000, -0.8660269715269844903, -0.4999972845804260824 ) ) ;
#6456 = EDGE_CURVE ( 'NONE', #5298, #3379, #2144, .T. ) ;
#6457 = CARTESIAN_POINT ( 'NONE',  ( 22.69990606362272345, 35.77334104171663398, -6.531703616632535514 ) ) ;
#6458 = CARTESIAN_POINT ( 'NONE',  ( -18.21348216244039619, -20.86940764386208258, 12.52368491557550101 ) ) ;
#6459 = EDGE_CURVE ( 'NONE', #5365, #6000, #3056, .T. ) ;
#6460 = ORIENTED_EDGE ( 'NONE', *, *, #325, .F. ) ;
#6461 = CARTESIAN_POINT ( 'NONE',  ( -29.96993152799726801, 38.72052873589279187, -5.998816074938618570 ) ) ;
#6462 = CARTESIAN_POINT ( 'NONE',  ( 19.50000000000000000, 28.87968704595205693, -8.391286171320659903 ) ) ;
#6463 = SURFACE_SIDE_STYLE ('',( #6429 ) ) ;
#6464 = SURFACE_STYLE_USAGE ( .BOTH. , #4811 ) ;
#6465 = DIRECTION ( 'NONE',  ( -1.000000000000000000, -6.442591512363824568E-17, 0.000000000000000000 ) ) ;
#6466 = CARTESIAN_POINT ( 'NONE',  ( -16.33417740110404281, -20.86940764386208258, 36.76692549683852462 ) ) ;
#6467 = CARTESIAN_POINT ( 'NONE',  ( 18.94675625302211230, 31.79698324159652145, -7.621666262219734200 ) ) ;
#6468 = PRESENTATION_STYLE_ASSIGNMENT (( #4266 ) ) ;
#6469 = ORIENTED_EDGE ( 'NONE', *, *, #4733, .T. ) ;
#6470 = CARTESIAN_POINT ( 'NONE',  ( 19.49999999999999645, -5.217148812191763518, 53.22368491557553938 ) ) ;
#6471 = FACE_OUTER_BOUND ( 'NONE', #3790, .T. ) ;
#6472 = CARTESIAN_POINT ( 'NONE',  ( 0.000000000000000000, 0.000000000000000000, 0.000000000000000000 ) ) ;
#6473 = CARTESIAN_POINT ( 'NONE',  ( -27.98604052868561709, 48.52782190988915545, -23.50939507149229968 ) ) ;
#6474 = ORIENTED_EDGE ( 'NONE', *, *, #1175, .T. ) ;
#6475 = ORIENTED_EDGE ( 'NONE', *, *, #1952, .T. ) ;
#6476 = PLANE ( 'NONE',  #4645 ) ;
#6477 = EDGE_CURVE ( 'NONE', #4345, #3069, #2475, .T. ) ;
#6478 = CARTESIAN_POINT ( 'NONE',  ( -47.55674051631333299, 55.58891798236111015, -23.26165944509143912 ) ) ;
#6479 = FILL_AREA_STYLE_COLOUR ( '', #2819 ) ;
#6480 = SURFACE_STYLE_USAGE ( .BOTH. , #411 ) ;
#6481 = CARTESIAN_POINT ( 'NONE',  ( 47.86651428099029459, 60.36599881066120332, -19.48211812915534580 ) ) ;
#6482 = COLOUR_RGB ( '',0.7529411764705882248, 0.7529411764705882248, 0.7529411764705882248 ) ;
#6483 = UNCERTAINTY_MEASURE_WITH_UNIT (LENGTH_MEASURE( 1.000000000000000082E-05 ), #4468, 'distance_accuracy_value', 'NONE');
#6484 = ADVANCED_FACE ( 'NONE', ( #1593 ), #4775, .F. ) ;
#6485 = SURFACE_STYLE_FILL_AREA ( #4284 ) ;
#6486 = B_SPLINE_CURVE_WITH_KNOTS ( 'NONE', 3,
 ( #393, #3730, #1008, #971 ),
 .UNSPECIFIED., .F., .F.,
 ( 4, 4 ),
 ( 0.000000000000000000, 1.000000000000000000 ),
 .UNSPECIFIED. ) ;
#6487 = COLOUR_RGB ( '',0.7529411764705882248, 0.7529411764705882248, 0.7529411764705882248 ) ;
#6488 = CARTESIAN_POINT ( 'NONE',  ( -18.53983453991743602, 29.95931092629146875, -7.561636914241452345 ) ) ;
#6489 = ORIENTED_EDGE ( 'NONE', *, *, #6724, .T. ) ;
#6490 = FILL_AREA_STYLE ('',( #1072 ) ) ;
#6491 =( GEOMETRIC_REPRESENTATION_CONTEXT ( 3 ) GLOBAL_UNCERTAINTY_ASSIGNED_CONTEXT ( ( #4693 ) ) GLOBAL_UNIT_ASSIGNED_CONTEXT ( ( #6889, #6924, #4181 ) ) REPRESENTATION_CONTEXT ( 'NONE', 'WORKASPACE' ) );
#6492 = CARTESIAN_POINT ( 'NONE',  ( 22.83694782218199748, 35.87038839268745960, -6.481773418710091939 ) ) ;
#6493 = VERTEX_POINT ( 'NONE', #3275 ) ;
#6494 = PRESENTATION_LAYER_ASSIGNMENT (  '', '', ( #6380 ) ) ;
#6495 = EDGE_CURVE ( 'NONE', #6531, #121, #2129, .T. ) ;
#6496 = CARTESIAN_POINT ( 'NONE',  ( -18.50000000000001421, 34.64036839879219087, -19.90124438723412581 ) ) ;
#6497 =( GEOMETRIC_REPRESENTATION_CONTEXT ( 3 ) GLOBAL_UNCERTAINTY_ASSIGNED_CONTEXT ( ( #6524 ) ) GLOBAL_UNIT_ASSIGNED_CONTEXT ( ( #6166, #2405, #3400 ) ) REPRESENTATION_CONTEXT ( 'NONE', 'WORKASPACE' ) );
#6498 = DIRECTION ( 'NONE',  ( 1.832802226030409148E-19, -0.4999972845804263044, 0.8660269715269843793 ) ) ;
#6499 = ADVANCED_FACE ( 'NONE', ( #486 ), #3137, .T. ) ;
#6500 =( NAMED_UNIT ( * ) SI_UNIT ( $, .STERADIAN. ) SOLID_ANGLE_UNIT ( ) );
#6501 = VECTOR ( 'NONE', #4224, 1000.000000000000114 ) ;
#6502 = CARTESIAN_POINT ( 'NONE',  ( 18.49999901265290703, 29.09062307249025991, -7.413786302928205174 ) ) ;
#6503 = FILL_AREA_STYLE_COLOUR ( '', #6512 ) ;
#6504 = CARTESIAN_POINT ( 'NONE',  ( 42.82052164671540595, 51.32804983000105636, -23.43358703602966031 ) ) ;
#6505 = CARTESIAN_POINT ( 'NONE',  ( 18.82535007008280559, 31.43721275326383235, -7.636717978522426620 ) ) ;
#6506 = PRESENTATION_LAYER_ASSIGNMENT (  '', '', ( #1452 ) ) ;
#6507 = ORIENTED_EDGE ( 'NONE', *, *, #4657, .F. ) ;
#6508 = ORIENTED_EDGE ( 'NONE', *, *, #7079, .T. ) ;
#6509 = CARTESIAN_POINT ( 'NONE',  ( -20.89047230014973522, 34.43933989612363433, -7.099768425661246773 ) ) ;
#6510 = SURFACE_STYLE_USAGE ( .BOTH. , #6939 ) ;
#6511 = ORIENTED_EDGE ( 'NONE', *, *, #3769, .T. ) ;
#6512 = COLOUR_RGB ( '',0.7529411764705882248, 0.7529411764705882248, 0.7529411764705882248 ) ;
#6513 = ADVANCED_FACE ( 'NONE', ( #1657 ), #1698, .F. ) ;
#6514 = EDGE_CURVE ( 'NONE', #2172, #1586, #3910, .T. ) ;
#6515 = DIRECTION ( 'NONE',  ( 1.000000000000000000, -1.932777453709147494E-16, 0.000000000000000000 ) ) ;
#6516 = CARTESIAN_POINT ( 'NONE',  ( -40.13097391681611015, 51.87831343615288660, -25.47980409062164853 ) ) ;
#6517 = CIRCLE ( 'NONE', #5010, 7.000000000000015987 ) ;
#6518 = CARTESIAN_POINT ( 'NONE',  ( -41.19566275888374918, 50.93096428728184577, -24.07047225029288740 ) ) ;
#6519 = DIRECTION ( 'NONE',  ( -1.000000000000000000, 0.000000000000000000, 0.000000000000000000 ) ) ;
#6520 = EDGE_LOOP ( 'NONE', ( #4030, #3336, #6576, #1959 ) ) ;
#6521 = LINE ( 'NONE', #2564, #3940 ) ;
#6522 = CARTESIAN_POINT ( 'NONE',  ( -19.50870135514751524, 35.48669484722468326, -19.18899246992915408 ) ) ;
#6523 = DIRECTION ( 'NONE',  ( 0.000000000000000000, 0.000000000000000000, -1.000000000000000000 ) ) ;
#6524 = UNCERTAINTY_MEASURE_WITH_UNIT (LENGTH_MEASURE( 1.000000000000000082E-05 ), #6166, 'distance_accuracy_value', 'NONE');
#6525 = VECTOR ( 'NONE', #4647, 1000.000000000000000 ) ;
#6526 = PRESENTATION_LAYER_ASSIGNMENT (  '', '', ( #1580 ) ) ;
#6527 = SURFACE_SIDE_STYLE ('',( #1038 ) ) ;
#6528 = STYLED_ITEM ( 'NONE', ( #6555 ), #3338 ) ;
#6529 = CARTESIAN_POINT ( 'NONE',  ( 19.53273746631851893, 35.95959234830308304, -19.40226642725776429 ) ) ;
#6530 = CARTESIAN_POINT ( 'NONE',  ( 47.48269161773236391, 68.86110874622868039, -13.42284429794747602 ) ) ;
#6531 = VERTEX_POINT ( 'NONE', #4952 ) ;
#6532 = EDGE_CURVE ( 'NONE', #3277, #5725, #89, .T. ) ;
#6533 = ORIENTED_EDGE ( 'NONE', *, *, #5670, .T. ) ;
#6534 = PRESENTATION_LAYER_ASSIGNMENT (  '', '', ( #4470 ) ) ;
#6535 = CARTESIAN_POINT ( 'NONE',  ( -28.85296446469759246, 38.69027377416011859, -5.938663035677993918 ) ) ;
#6536 = B_SPLINE_CURVE_WITH_KNOTS ( 'NONE', 3,
 ( #6073, #1192, #2836, #1159, #5052, #2800, #1259, #2309, #1827, #4978 ),
 .UNSPECIFIED., .F., .F.,
 ( 4, 2, 2, 2, 4 ),
 ( 0.000000000000000000, 0.2500000000000000000, 0.5000000000000000000, 0.7500000000000000000, 1.000000000000000000 ),
 .UNSPECIFIED. ) ;
#6537 = CARTESIAN_POINT ( 'NONE',  ( 22.18465960680896032, 35.40433457359194591, -6.712276827275709401 ) ) ;
#6538 = LINE ( 'NONE', #496, #4808 ) ;
#6539 = CARTESIAN_POINT ( 'NONE',  ( 36.31768148111029149, 49.68454103544879530, -18.72086935574080258 ) ) ;
#6540 = AXIS2_PLACEMENT_3D ( 'NONE', #3600, #442, #3678 ) ;
#6541 = FACE_OUTER_BOUND ( 'NONE', #2350, .T. ) ;
#6542 = DIRECTION ( 'NONE',  ( 0.5920362775794566490, -0.7573089147717232406, 0.2756379031213511688 ) ) ;
#6543 = B_SPLINE_CURVE_WITH_KNOTS ( 'NONE', 3,
 ( #3290, #1177, #1073, #4864, #3215, #1148, #6535, #5506, #5406, #10, #2682, #2217, #3843, #4961, #5474, #6012, #3250, #43, #602, #3808, #7067, #5981, #2753, #2181 ),
 .UNSPECIFIED., .F., .F.,
 ( 4, 1, 1, 2, 2, 1, 1, 1, 2, 2, 1, 1, 1, 2, 2, 4 ),
 ( 0.000000000000000000, 0.1250000000000055511, 0.1875000000000083267, 0.2187500000000097145, 0.2500000000000111022, 0.3750000000000214273, 0.4375000000000268674, 0.4687500000000295319, 0.4843750000000295319, 0.5000000000000294209, 0.6250000000000268674, 0.6875000000000247580, 0.7187500000000244249, 0.7343750000000236478, 0.7500000000000227596, 1.000000000000000000 ),
 .UNSPECIFIED. ) ;
#6544 =( NAMED_UNIT ( * ) PLANE_ANGLE_UNIT ( ) SI_UNIT ( $, .RADIAN. ) );
#6545 = EDGE_CURVE ( 'NONE', #3640, #558, #3321, .T. ) ;
#6546 = CARTESIAN_POINT ( 'NONE',  ( -25.39842161505969997, 63.83406457225790120, -17.47988797543362338 ) ) ;
#6547 = CARTESIAN_POINT ( 'NONE',  ( 38.89060924199863223, 50.26831043804986621, -24.48005153759964259 ) ) ;
#6548 =( NAMED_UNIT ( * ) PLANE_ANGLE_UNIT ( ) SI_UNIT ( $, .RADIAN. ) );
#6549 = ORIENTED_EDGE ( 'NONE', *, *, #4746, .F. ) ;
#6550 = DIRECTION ( 'NONE',  ( -1.832802226030400481E-19, 0.4999972845804242505, -0.8660269715269854895 ) ) ;
#6551 = LINE ( 'NONE', #7046, #4783 ) ;
#6552 = ORIENTED_EDGE ( 'NONE', *, *, #4057, .F. ) ;
#6553 = DIRECTION ( 'NONE',  ( -1.242365399525730464E-16, -0.6427876096865349220, 0.7660444431189816772 ) ) ;
#6554 = CARTESIAN_POINT ( 'NONE',  ( -31.46298043930699606, 50.74179739226302388, -25.42648608838349489 ) ) ;
#6555 = PRESENTATION_STYLE_ASSIGNMENT (( #988 ) ) ;
#6556 = DIRECTION ( 'NONE',  ( 3.930483486793907198E-19, -0.8660254038420667211, -0.4999999999001852879 ) ) ;
#6557 = CARTESIAN_POINT ( 'NONE',  ( 19.49999999999999645, 1.782851187808210280, 30.28552187494406667 ) ) ;
#6558 = EDGE_CURVE ( 'NONE', #5040, #5279, #2021, .T. ) ;
#6559 = VERTEX_POINT ( 'NONE', #6081 ) ;
#6560 = CARTESIAN_POINT ( 'NONE',  ( -19.50000000000000000, -7.431945887776402415, 6.523684915575501009 ) ) ;
#6561 = CARTESIAN_POINT ( 'NONE',  ( -19.49999999999999645, 27.43801397486848614, -7.975498245883755111 ) ) ;
#6562 = ORIENTED_EDGE ( 'NONE', *, *, #2860, .T. ) ;
#6563 = CARTESIAN_POINT ( 'NONE',  ( -20.30238156949612716, 32.54717344167742255, -8.744565323818804359 ) ) ;
#6564 = B_SPLINE_SURFACE_WITH_KNOTS ( 'NONE', 1, 3, ( 
 ( #4845, #5414, #2043, #5309, #4231, #3257, #2113, #17, #6394, #3700, #3223, #3787, #4263, #4302, #3738, #5445, #435, #4813, #5914 ),
 ( #5879, #5989, #2660, #2729, #2692, #2627, #472, #505, #976, #1015, #4877, #3188, #7042, #5851, #6504, #5385, #1575, #1471, #5342 ),
 ( #5956, #3671, #7081, #941, #3113, #398, #2585, #4773, #6431, #2156, #6547, #4343, #1504, #1612, #3820, #3147, #6606, #2870, #5484 ),
 ( #5081, #2902, #6069, #4944, #3446, #1682, #2759, #580, #83, #3851, #4448, #710, #5513, #117, #609, #3987, #1641, #4410, #2268 ),
 ( #643, #1781, #2305, #2334, #6023, #6130, #5550, #6649, #4973, #6173, #2192, #2793, #1254, #1118, #1722, #50, #3406, #5590, #2227 ) ),
 .UNSPECIFIED., .F., .F., .F.,
 ( 2, 1, 1, 1, 2 ),
 ( 4, 3, 3, 2, 2, 2, 3, 4 ),
 ( -1.000000000000000000, 0.000000000000000000, 1.000000000000000000, 2.000000000000000000, 5.618900990191575850 ),
 ( -1.150808263705241696, -0.6730256223070826271, 0.000000000000000000, 0.1682564055767706568, 0.3365128111535413136, 0.5047692167303119426, 0.6730256223070826271, 1.346051244614165254 ),
 .UNSPECIFIED. ) ;
#6565 = CARTESIAN_POINT ( 'NONE',  ( 20.44363988616769134, 40.02789709092800052, -21.23704704073037419 ) ) ;
#6566 = ORIENTED_EDGE ( 'NONE', *, *, #6247, .F. ) ;
#6567 = CARTESIAN_POINT ( 'NONE',  ( 35.86651428099028038, 49.79514891015949019, -24.48005005400469614 ) ) ;
#6568 = CARTESIAN_POINT ( 'NONE',  ( -40.50011073197438094, 73.26027343525035462, -5.109512470091742919 ) ) ;
#6569 = EDGE_CURVE ( 'NONE', #6531, #592, #4827, .T. ) ;
#6570 = SURFACE_STYLE_FILL_AREA ( #108 ) ;
#6571 = FILL_AREA_STYLE ('',( #1608 ) ) ;
#6572 =( NAMED_UNIT ( * ) PLANE_ANGLE_UNIT ( ) SI_UNIT ( $, .RADIAN. ) );
#6573 = DIRECTION ( 'NONE',  ( -1.932777453709147494E-16, -1.000000000000000000, 0.000000000000000000 ) ) ;
#6574 = CARTESIAN_POINT ( 'NONE',  ( 24.13953007385535088, 46.62976051017138701, -24.48004012894962855 ) ) ;
#6575 = CARTESIAN_POINT ( 'NONE',  ( 18.60051335697833252, 30.45145176361969774, -7.611501806479969545 ) ) ;
#6576 = ORIENTED_EDGE ( 'NONE', *, *, #4701, .T. ) ;
#6577 = LINE ( 'NONE', #3345, #5014 ) ;
#6578 = B_SPLINE_CURVE_WITH_KNOTS ( 'NONE', 3,
 ( #5659, #1318, #6285, #1932, #6860, #1388, #6929, #3521, #5165, #1995, #1357, #747, #5765, #3560, #3629, #2940, #1859, #5235, #5698, #2551, #1291, #2518, #6784, #5732, #4122 ),
 .UNSPECIFIED., .F., .F.,
 ( 4, 2, 2, 2, 2, 1, 2, 2, 2, 1, 1, 2, 2, 4 ),
 ( 0.000000000000000000, 0.1249999999999966138, 0.1874999999999950318, 0.2499999999999934497, 0.3749999999999925060, 0.4374999999999920064, 0.4687499999999921729, 0.4999999999999923395, 0.6249999999999947820, 0.6874999999999978906, 0.7187499999999988898, 0.7343749999999993339, 0.7499999999999997780, 1.000000000000000000 ),
 .UNSPECIFIED. ) ;
#6579 = DIRECTION ( 'NONE',  ( -1.000000000000000000, 0.000000000000000000, 0.000000000000000000 ) ) ;
#6580 = CARTESIAN_POINT ( 'NONE',  ( -30.48230693638602773, 48.84899659091583146, -23.53361402118176215 ) ) ;
#6581 = CARTESIAN_POINT ( 'NONE',  ( 44.46782784091106322, 52.57481647983602357, -22.82568075191852230 ) ) ;
#6582 = EDGE_LOOP ( 'NONE', ( #5868, #1491 ) ) ;
#6583 = CARTESIAN_POINT ( 'NONE',  ( 25.47612251264323646, 37.84093565063591313, -5.351592634779241742 ) ) ;
#6584 = FILL_AREA_STYLE_COLOUR ( '', #4991 ) ;
#6585 = UNCERTAINTY_MEASURE_WITH_UNIT (LENGTH_MEASURE( 1.000000000000000082E-05 ), #807, 'distance_accuracy_value', 'NONE');
#6586 = ORIENTED_EDGE ( 'NONE', *, *, #4024, .F. ) ;
#6587 = EDGE_CURVE ( 'NONE', #4329, #4697, #6335, .T. ) ;
#6588 = CARTESIAN_POINT ( 'NONE',  ( -16.93563507171879579, -20.86940764386208258, 16.02368491557549746 ) ) ;
#6589 = AXIS2_PLACEMENT_3D ( 'NONE', #1208, #6161, #5644 ) ;
#6590 = EDGE_CURVE ( 'NONE', #3777, #4987, #6385, .T. ) ;
#6591 = CARTESIAN_POINT ( 'NONE',  ( -18.86334555700935667, 31.55756898052204562, -7.633208588506796843 ) ) ;
#6592 = CARTESIAN_POINT ( 'NONE',  ( 19.58785758980830494, 36.58168443946391335, -19.68281062421306160 ) ) ;
#6593 = CARTESIAN_POINT ( 'NONE',  ( -18.94522816802116694, 31.80324649388235159, -7.623286745821565624 ) ) ;
#6594 = STYLED_ITEM ( 'NONE', ( #2085 ), #5055 ) ;
#6595 = DIRECTION ( 'NONE',  ( -1.832814548622650013E-19, 0.4999999996865492347, -0.8660254039654095015 ) ) ;
#6596 = CARTESIAN_POINT ( 'NONE',  ( -47.94342722930016265, 49.79514891015949019, -24.48005005400469614 ) ) ;
#6597 = CIRCLE ( 'NONE', #6132, 12.81044449133079510 ) ;
#6598 = VERTEX_POINT ( 'NONE', #3998 ) ;
#6599 = AXIS2_PLACEMENT_3D ( 'NONE', #2977, #6814, #5083 ) ;
#6600 = EDGE_CURVE ( 'NONE', #5298, #5408, #3932, .T. ) ;
#6601 = SURFACE_SIDE_STYLE ('',( #638 ) ) ;
#6602 = PRESENTATION_LAYER_ASSIGNMENT (  '', '', ( #5672 ) ) ;
#6603 = CARTESIAN_POINT ( 'NONE',  ( 24.51018613926936141, 46.87350220649838661, -24.31525209377827323 ) ) ;
#6604 = CARTESIAN_POINT ( 'NONE',  ( 19.50000000000000000, 28.87968704595205693, -8.391286171320659903 ) ) ;
#6605 = VECTOR ( 'NONE', #13, 1000.000000000000114 ) ;
#6606 = CARTESIAN_POINT ( 'NONE',  ( 44.57884265053426276, 54.30289918938478877, -24.48006418802694029 ) ) ;
#6607 = SURFACE_STYLE_FILL_AREA ( #6024 ) ;
#6608 = CIRCLE ( 'NONE', #205, 12.81044449133079510 ) ;
#6609 = LINE ( 'NONE', #1785, #3534 ) ;
#6610 = EDGE_CURVE ( 'NONE', #4465, #3379, #6187, .T. ) ;
#6611 = ORIENTED_EDGE ( 'NONE', *, *, #970, .F. ) ;
#6612 = CARTESIAN_POINT ( 'NONE',  ( 32.88479490607029732, 51.62300882221403242, 2.605538557128205479 ) ) ;
#6613 =( NAMED_UNIT ( * ) PLANE_ANGLE_UNIT ( ) SI_UNIT ( $, .RADIAN. ) );
#6614 = DIRECTION ( 'NONE',  ( 1.000000000000000000, 0.000000000000000000, 0.000000000000000000 ) ) ;
#6615 = STYLED_ITEM ( 'NONE', ( #4050 ), #1984 ) ;
#6616 = ORIENTED_EDGE ( 'NONE', *, *, #2371, .T. ) ;
#6617 = VERTEX_POINT ( 'NONE', #5602 ) ;
#6618 = CARTESIAN_POINT ( 'NONE',  ( 26.99551725380015910, 38.61211751793234725, -4.906340826884750150 ) ) ;
#6619 = FILL_AREA_STYLE ('',( #6690 ) ) ;
#6620 = EDGE_LOOP ( 'NONE', ( #1380, #2949, #3511, #6331 ) ) ;
#6621 = EDGE_LOOP ( 'NONE', ( #885, #3991, #3598, #5633 ) ) ;
#6622 = FILL_AREA_STYLE_COLOUR ( '', #1701 ) ;
#6623 = PRESENTATION_LAYER_ASSIGNMENT (  '', '', ( #2609 ) ) ;
#6624 = STYLED_ITEM ( 'NONE', ( #3915 ), #5594 ) ;
#6625 = CARTESIAN_POINT ( 'NONE',  ( 32.88479490607029732, 60.37296921668308869, -12.54994715267290495 ) ) ;
#6626 = PRESENTATION_LAYER_ASSIGNMENT (  '', '', ( #4667 ) ) ;
#6627 = CARTESIAN_POINT ( 'NONE',  ( 19.84891721601318437, 31.46723201047622354, -8.799555899969819350 ) ) ;
#6628 = EDGE_CURVE ( 'NONE', #5773, #589, #129, .T. ) ;
#6629 = AXIS2_PLACEMENT_3D ( 'NONE', #2230, #646, #4412 ) ;
#6630 = CARTESIAN_POINT ( 'NONE',  ( 20.08166627924751779, 39.00950895408020358, -20.77777283759367677 ) ) ;
#6631 = CARTESIAN_POINT ( 'NONE',  ( -18.50000098719504393, 29.09066840656378261, -7.413833456073444239 ) ) ;
#6632 = COLOUR_RGB ( '',0.7529411764705882248, 0.7529411764705882248, 0.7529411764705882248 ) ;
#6633 = VERTEX_POINT ( 'NONE', #2946 ) ;
#6634 = STYLED_ITEM ( 'NONE', ( #5721 ), #2751 ) ;
#6635 = DIRECTION ( 'NONE',  ( 0.7071067811865470176, 0.3535514705016782333, -0.6123735442571809351 ) ) ;
#6636 =( NAMED_UNIT ( * ) PLANE_ANGLE_UNIT ( ) SI_UNIT ( $, .RADIAN. ) );
#6637 = STYLED_ITEM ( 'NONE', ( #6677 ), #4390 ) ;
#6638 = AXIS2_PLACEMENT_3D ( 'NONE', #1892, #155, #4093 ) ;
#6639 = CARTESIAN_POINT ( 'NONE',  ( -42.50775709177614203, 42.61187662206872062, -8.847962650423957243 ) ) ;
#6640 = CARTESIAN_POINT ( 'NONE',  ( -25.80336964908754638, 47.05648156753129996, -23.39844069094083778 ) ) ;
#6641 = EDGE_CURVE ( 'NONE', #6000, #5365, #6841, .T. ) ;
#6642 = FILL_AREA_STYLE ('',( #918 ) ) ;
#6643 = COLOUR_RGB ( '',0.7529411764705882248, 0.7529411764705882248, 0.7529411764705882248 ) ;
#6644 = CARTESIAN_POINT ( 'NONE',  ( -21.78977811125328401, 42.33999173719005427, -22.25300485345650259 ) ) ;
#6645 = CARTESIAN_POINT ( 'NONE',  ( -18.50000000000003553, 27.78003411819415547, -7.035805625097862226 ) ) ;
#6646 =( NAMED_UNIT ( * ) SI_UNIT ( $, .STERADIAN. ) SOLID_ANGLE_UNIT ( ) );
#6647 = DIRECTION ( 'NONE',  ( 0.000000000000000000, 0.000000000000000000, -1.000000000000000000 ) ) ;
#6648 = VECTOR ( 'NONE', #1532, 1000.000000000000000 ) ;
#6649 = CARTESIAN_POINT ( 'NONE',  ( 36.19514683823917522, 54.16653430187277962, -28.85147642442507276 ) ) ;
#6650 = CARTESIAN_POINT ( 'NONE',  ( 19.49999999999999645, -3.768916034732836910E-15, 13.52368491557551167 ) ) ;
#6651 = ORIENTED_EDGE ( 'NONE', *, *, #25, .F. ) ;
#6652 = SURFACE_STYLE_USAGE ( .BOTH. , #3450 ) ;
#6653 = DIRECTION ( 'NONE',  ( 0.000000000000000000, 0.000000000000000000, 1.000000000000000000 ) ) ;
#6654 = CARTESIAN_POINT ( 'NONE',  ( -40.14016085794980171, 51.24685963176836623, -24.48005460583437554 ) ) ;
#6655 = CARTESIAN_POINT ( 'NONE',  ( -18.00105809984361116, 36.20023214967435621, -6.299132217771740372 ) ) ;
#6656 = ADVANCED_FACE ( 'NONE', ( #4467 ), #1296, .T. ) ;
#6657 =( NAMED_UNIT ( * ) PLANE_ANGLE_UNIT ( ) SI_UNIT ( $, .RADIAN. ) );
#6658 = PRESENTATION_STYLE_ASSIGNMENT (( #2912 ) ) ;
#6659 = EDGE_LOOP ( 'NONE', ( #965, #5611, #2698, #4834 ) ) ;
#6660 = ORIENTED_EDGE ( 'NONE', *, *, #5270, .F. ) ;
#6661 = DIRECTION ( 'NONE',  ( 1.000000000000000000, 3.510401637727098962E-15, 0.000000000000000000 ) ) ;
#6662 =( NAMED_UNIT ( * ) PLANE_ANGLE_UNIT ( ) SI_UNIT ( $, .RADIAN. ) );
#6663 = ORIENTED_EDGE ( 'NONE', *, *, #3621, .F. ) ;
#6664 = CARTESIAN_POINT ( 'NONE',  ( -0.01420992450536619905, -4.217148812191790164, 30.28552187494406667 ) ) ;
#6665 = DIRECTION ( 'NONE',  ( 0.000000000000000000, -1.734723475976807094E-15, -1.000000000000000000 ) ) ;
#6666 = CARTESIAN_POINT ( 'NONE',  ( 20.81510682340899976, 40.83704291360170657, -21.60197867620967216 ) ) ;
#6667 = CARTESIAN_POINT ( 'NONE',  ( 28.24551656662051258, 48.61676482150195255, -23.51611080912923057 ) ) ;
#6668 = ORIENTED_EDGE ( 'NONE', *, *, #4238, .F. ) ;
#6669 = ORIENTED_EDGE ( 'NONE', *, *, #5498, .T. ) ;
#6670 = CARTESIAN_POINT ( 'NONE',  ( -40.50007565895970174, 56.84929336155443025, -14.58436192511739371 ) ) ;
#6671 = PRESENTATION_STYLE_ASSIGNMENT (( #4042 ) ) ;
#6672 = B_SPLINE_CURVE_WITH_KNOTS ( 'NONE', 3,
 ( #5477, #6701, #1772, #3293, #2784, #1149 ),
 .UNSPECIFIED., .F., .F.,
 ( 4, 2, 4 ),
 ( 0.000000000000000000, 0.5000000000000000000, 1.000000000000000000 ),
 .UNSPECIFIED. ) ;
#6673 = PLANE ( 'NONE',  #3520 ) ;
#6674 = DIRECTION ( 'NONE',  ( 1.832802226030399518E-19, -0.4999972845804243060, 0.8660269715269854895 ) ) ;
#6675 =( NAMED_UNIT ( * ) SI_UNIT ( $, .STERADIAN. ) SOLID_ANGLE_UNIT ( ) );
#6676 = B_SPLINE_CURVE_WITH_KNOTS ( 'NONE', 3,
 ( #948, #5743, #3677, #6365 ),
 .UNSPECIFIED., .F., .F.,
 ( 4, 4 ),
 ( 0.000000000000000000, 1.000000000000000000 ),
 .UNSPECIFIED. ) ;
#6677 = PRESENTATION_STYLE_ASSIGNMENT (( #5729 ) ) ;
#6678 = EDGE_CURVE ( 'NONE', #6399, #6688, #94, .T. ) ;
#6679 = CARTESIAN_POINT ( 'NONE',  ( 29.75441069741336619, 44.77764501379842699, -28.48229734661185475 ) ) ;
#6680 = DIRECTION ( 'NONE',  ( 1.000000000000000000, 0.000000000000000000, 0.000000000000000000 ) ) ;
#6681 = CARTESIAN_POINT ( 'NONE',  ( -19.88270352976607924, 31.55120273536387998, -8.796042308449772307 ) ) ;
#6682 = LINE ( 'NONE', #1190, #1460 ) ;
#6683 = ORIENTED_EDGE ( 'NONE', *, *, #816, .F. ) ;
#6684 = DIRECTION ( 'NONE',  ( -1.932777453709147494E-16, -1.000000000000000000, 0.000000000000000000 ) ) ;
#6685 =( NAMED_UNIT ( * ) PLANE_ANGLE_UNIT ( ) SI_UNIT ( $, .RADIAN. ) );
#6686 = SURFACE_STYLE_FILL_AREA ( #154 ) ;
#6687 = SURFACE_STYLE_FILL_AREA ( #6185 ) ;
#6688 = VERTEX_POINT ( 'NONE', #2882 ) ;
#6689 = VERTEX_POINT ( 'NONE', #2281 ) ;
#6690 = FILL_AREA_STYLE_COLOUR ( '', #3872 ) ;
#6691 = ORIENTED_EDGE ( 'NONE', *, *, #5820, .T. ) ;
#6692 = CARTESIAN_POINT ( 'NONE',  ( 23.31061583902731726, 36.19995054512880728, -6.299029722099315443 ) ) ;
#6693 = CARTESIAN_POINT ( 'NONE',  ( 15.08506231342959936, -20.86940764386208258, 15.02368491557552410 ) ) ;
#6694 = CARTESIAN_POINT ( 'NONE',  ( -47.94342722930016265, 49.79514891015949019, -24.48005005400469614 ) ) ;
#6695 = CARTESIAN_POINT ( 'NONE',  ( 43.18614913781998865, 74.42966003743181602, -10.20786105135548461 ) ) ;
#6696 = ORIENTED_EDGE ( 'NONE', *, *, #1906, .F. ) ;
#6697 = VERTEX_POINT ( 'NONE', #3456 ) ;
#6698 = EDGE_CURVE ( 'NONE', #2630, #2945, #3523, .T. ) ;
#6699 = DIRECTION ( 'NONE',  ( 1.000000000000000000, 0.000000000000000000, 0.000000000000000000 ) ) ;
#6700 = MECHANICAL_DESIGN_GEOMETRIC_PRESENTATION_REPRESENTATION (  '', ( #4457 ), #6122 ) ;
#6701 = CARTESIAN_POINT ( 'NONE',  ( -26.34427601185062073, 37.84815871792368824, -6.502450896125779423 ) ) ;
#6702 = AXIS2_PLACEMENT_3D ( 'NONE', #6171, #6066, #5548 ) ;
#6703 = SURFACE_STYLE_USAGE ( .BOTH. , #6845 ) ;
#6704 = CARTESIAN_POINT ( 'NONE',  ( 46.86661133973436932, 67.91393096750634584, -15.12439307036782665 ) ) ;
#6705 = PLANE ( 'NONE',  #4798 ) ;
#6706 = VECTOR ( 'NONE', #1903, 1000.000000000000000 ) ;
#6707 = DIRECTION ( 'NONE',  ( 1.000000000000000000, 0.000000000000000000, 0.000000000000000000 ) ) ;
#6708 = CARTESIAN_POINT ( 'NONE',  ( 41.28787680467031862, 50.95828843850539869, -24.04391069605798137 ) ) ;
#6709 = CARTESIAN_POINT ( 'NONE',  ( 18.49999901265290347, 29.09062307249026702, -7.413786302928205174 ) ) ;
#6710 = EDGE_CURVE ( 'NONE', #6334, #2364, #6110, .T. ) ;
#6711 = DIRECTION ( 'NONE',  ( -1.000000000000000000, 0.000000000000000000, 0.000000000000000000 ) ) ;
#6712 = VERTEX_POINT ( 'NONE', #5563 ) ;
#6713 = DIRECTION ( 'NONE',  ( 0.9999999989990426830, 3.566989499840074939E-05, 2.701061488779738380E-05 ) ) ;
#6714 = STYLED_ITEM ( 'NONE', ( #6996 ), #1617 ) ;
#6715 = CARTESIAN_POINT ( 'NONE',  ( -39.78921971926715173, 50.83486945209803309, -24.48005331404180396 ) ) ;
#6716 = CARTESIAN_POINT ( 'NONE',  ( 10.98506231342959971, -14.71714881219270055, 12.52368491557550101 ) ) ;
#6717 = CARTESIAN_POINT ( 'NONE',  ( -11.01493768657040029, -14.71714881219270055, 38.92368491557547827 ) ) ;
#6718 = VECTOR ( 'NONE', #1429, 1000.000000000000000 ) ;
#6719 = ORIENTED_EDGE ( 'NONE', *, *, #3651, .F. ) ;
#6720 = DIRECTION ( 'NONE',  ( -0.000000000000000000, -0.000000000000000000, -1.000000000000000000 ) ) ;
#6721 = FILL_AREA_STYLE ('',( #2490 ) ) ;
#6722 = SURFACE_STYLE_USAGE ( .BOTH. , #4424 ) ;
#6723 = ORIENTED_EDGE ( 'NONE', *, *, #5178, .F. ) ;
#6724 = EDGE_CURVE ( 'NONE', #3745, #5408, #5353, .T. ) ;
#6725 = MECHANICAL_DESIGN_GEOMETRIC_PRESENTATION_REPRESENTATION (  '', ( #6380 ), #761 ) ;
#6726 = PRESENTATION_STYLE_ASSIGNMENT (( #5532 ) ) ;
#6727 = SURFACE_STYLE_USAGE ( .BOTH. , #5065 ) ;
#6728 = CIRCLE ( 'NONE', #2259, 1.650000000000000355 ) ;
#6729 = LINE ( 'NONE', #2322, #4682 ) ;
#6730 = CARTESIAN_POINT ( 'NONE',  ( 39.41051642126265619, 75.70634156582543994, -10.62547529113805567 ) ) ;
#6731 = ORIENTED_EDGE ( 'NONE', *, *, #3448, .T. ) ;
#6732 = STYLED_ITEM ( 'NONE', ( #1011 ), #883 ) ;
#6733 = ORIENTED_EDGE ( 'NONE', *, *, #3847, .T. ) ;
#6734 = AXIS2_PLACEMENT_3D ( 'NONE', #5629, #6789, #6079 ) ;
#6735 =( NAMED_UNIT ( * ) PLANE_ANGLE_UNIT ( ) SI_UNIT ( $, .RADIAN. ) );
#6736 = CARTESIAN_POINT ( 'NONE',  ( 10.98506231342959971, -14.71714881219270055, 38.92368491557547827 ) ) ;
#6737 = PRESENTATION_LAYER_ASSIGNMENT (  '', '', ( #4563 ) ) ;
#6738 = DIRECTION ( 'NONE',  ( 2.105800480545475076E-33, -0.8660269715269856006, -0.4999972845804243615 ) ) ;
#6739 = EDGE_CURVE ( 'NONE', #6399, #1104, #1684, .T. ) ;
#6740 = CARTESIAN_POINT ( 'NONE',  ( -27.65330073694471835, 48.40971993710381582, -23.50050851422664167 ) ) ;
#6741 = VERTEX_POINT ( 'NONE', #4163 ) ;
#6742 = DIRECTION ( 'NONE',  ( 0.000000000000000000, 0.000000000000000000, 1.000000000000000000 ) ) ;
#6743 = CIRCLE ( 'NONE', #3537, 6.999999999999971578 ) ;
#6744 = CARTESIAN_POINT ( 'NONE',  ( 20.35713861256746071, 32.64524377145588119, -8.732504481794965301 ) ) ;
#6745 = AXIS2_PLACEMENT_3D ( 'NONE', #1842, #4036, #1370 ) ;
#6746 = DIRECTION ( 'NONE',  ( 0.7525766947051911737, -0.5702838099598123156, -0.3292486821299823729 ) ) ;
#6747 = CARTESIAN_POINT ( 'NONE',  ( -12.66493768657040064, -14.71714881219270055, 16.02368491557549746 ) ) ;
#6748 = CARTESIAN_POINT ( 'NONE',  ( 47.86651428099029459, 48.61597290287414097, 0.8695216916686050457 ) ) ;
#6749 = CARTESIAN_POINT ( 'NONE',  ( 18.56991265535808111, 30.24225796850639369, -7.594199994343845184 ) ) ;
#6750 = MECHANICAL_DESIGN_GEOMETRIC_PRESENTATION_REPRESENTATION (  '', ( #2511 ), #5939 ) ;
#6751 = PRESENTATION_LAYER_ASSIGNMENT (  '', '', ( #6528 ) ) ;
#6752 = ORIENTED_EDGE ( 'NONE', *, *, #1237, .F. ) ;
#6753 = CARTESIAN_POINT ( 'NONE',  ( -46.89493413160973034, 66.66372053196751324, -15.84619717517689708 ) ) ;
#6754 = DIRECTION ( 'NONE',  ( -1.000000000000000000, -0.000000000000000000, -0.000000000000000000 ) ) ;
#6755 = STYLED_ITEM ( 'NONE', ( #3107 ), #3837 ) ;
#6756 = CIRCLE ( 'NONE', #2738, 12.00000000003031708 ) ;
#6757 = VECTOR ( 'NONE', #5036, 1000.000000000000114 ) ;
#6758 = CARTESIAN_POINT ( 'NONE',  ( -18.50000000000001421, -20.86940764386208258, 12.52368491557550101 ) ) ;
#6759 = SURFACE_STYLE_FILL_AREA ( #198 ) ;
#6760 = CARTESIAN_POINT ( 'NONE',  ( -19.50000000000000000, -1.256305344910945834E-15, 53.22368491557553938 ) ) ;
#6761 = VERTEX_POINT ( 'NONE', #5706 ) ;
#6762 = DIRECTION ( 'NONE',  ( -3.930489233341650506E-19, 0.8660269715269854895, 0.4999972845804242505 ) ) ;
#6763 = CARTESIAN_POINT ( 'NONE',  ( 19.50000000000000000, 25.33035287124117474, -7.208372340242741316 ) ) ;
#6764 = SURFACE_STYLE_FILL_AREA ( #5096 ) ;
#6765 = ORIENTED_EDGE ( 'NONE', *, *, #2513, .T. ) ;
#6766 =( NAMED_UNIT ( * ) PLANE_ANGLE_UNIT ( ) SI_UNIT ( $, .RADIAN. ) );
#6767 = CARTESIAN_POINT ( 'NONE',  ( -24.77528240084562228, 46.11629931914889369, -23.56914793194769331 ) ) ;
#6768 = CARTESIAN_POINT ( 'NONE',  ( -22.49842161505969784, 62.33407271851740461, -14.88180706085177540 ) ) ;
#6769 = CARTESIAN_POINT ( 'NONE',  ( 28.33247640768920306, 48.64319927605091465, -23.51810936163434462 ) ) ;
#6770 = VERTEX_POINT ( 'NONE', #802 ) ;
#6771 = ORIENTED_EDGE ( 'NONE', *, *, #2149, .F. ) ;
#6772 = UNCERTAINTY_MEASURE_WITH_UNIT (LENGTH_MEASURE( 1.000000000000000082E-05 ), #4063, 'distance_accuracy_value', 'NONE');
#6773 = CARTESIAN_POINT ( 'NONE',  ( -11.01493768657040029, -14.71714881219270055, 16.22368491557550030 ) ) ;
#6774 = PLANE ( 'NONE',  #5936 ) ;
#6775 = CARTESIAN_POINT ( 'NONE',  ( -39.89493413160967350, 41.50130830197254994, -3.238718707926311779 ) ) ;
#6776 = ORIENTED_EDGE ( 'NONE', *, *, #1012, .T. ) ;
#6777 = DIRECTION ( 'NONE',  ( -0.000000000000000000, -0.000000000000000000, -1.000000000000000000 ) ) ;
#6778 = FILL_AREA_STYLE_COLOUR ( '', #3902 ) ;
#6779 = SURFACE_STYLE_USAGE ( .BOTH. , #4594 ) ;
#6780 = FACE_BOUND ( 'NONE', #1922, .T. ) ;
#6781 = LINE ( 'NONE', #1422, #5034 ) ;
#6782 = CARTESIAN_POINT ( 'NONE',  ( -20.96931492049418821, 33.53172921304118859, -8.578312790814779376 ) ) ;
#6783 = EDGE_CURVE ( 'NONE', #5816, #3831, #1801, .T. ) ;
#6784 = CARTESIAN_POINT ( 'NONE',  ( 41.97425555319750856, 50.71225035548240356, -23.45842692886950687 ) ) ;
#6785 = LINE ( 'NONE', #6245, #5996 ) ;
#6786 = STYLED_ITEM ( 'NONE', ( #5314 ), #1381 ) ;
#6787 = FILL_AREA_STYLE ('',( #6392 ) ) ;
#6788 = LINE ( 'NONE', #3010, #6865 ) ;
#6789 = DIRECTION ( 'NONE',  ( -1.000000000000000000, -4.320305823558448800E-19, -3.779777825263939606E-20 ) ) ;
#6790 = DIRECTION ( 'NONE',  ( -0.7071067811865470176, 0.3535514705016781778, -0.6123735442571809351 ) ) ;
#6791 = VERTEX_POINT ( 'NONE', #1478 ) ;
#6792 = ORIENTED_EDGE ( 'NONE', *, *, #4146, .T. ) ;
#6793 = LINE ( 'NONE', #279, #6048 ) ;
#6794 = DIRECTION ( 'NONE',  ( 1.932777453709147494E-16, 1.000000000000000000, -0.000000000000000000 ) ) ;
#6795 =( LENGTH_UNIT ( ) NAMED_UNIT ( * ) SI_UNIT ( .MILLI., .METRE. ) );
#6796 = CARTESIAN_POINT ( 'NONE',  ( 26.34427601080825809, 37.84801472086885354, -6.502201485928875258 ) ) ;
#6797 = FACE_OUTER_BOUND ( 'NONE', #1476, .T. ) ;
#6798 =( NAMED_UNIT ( * ) SI_UNIT ( $, .STERADIAN. ) SOLID_ANGLE_UNIT ( ) );
#6799 = EDGE_CURVE ( 'NONE', #1231, #3069, #5313, .T. ) ;
#6800 = CARTESIAN_POINT ( 'NONE',  ( 46.86651428099032302, 66.66647964411824034, -15.84460421256882867 ) ) ;
#6801 = VERTEX_POINT ( 'NONE', #375 ) ;
#6802 = ORIENTED_EDGE ( 'NONE', *, *, #3448, .F. ) ;
#6803 = EDGE_CURVE ( 'NONE', #4329, #2064, #6255, .T. ) ;
#6804 = CARTESIAN_POINT ( 'NONE',  ( -42.78098190274851476, 51.31649384889730214, -23.43405330137760245 ) ) ;
#6805 = DIRECTION ( 'NONE',  ( 1.000000000000000000, 4.320305823558448800E-19, 3.779777825263939606E-20 ) ) ;
#6806 = CARTESIAN_POINT ( 'NONE',  ( 18.76323451701102485, 37.51364977956063029, -20.94703328450514235 ) ) ;
#6807 = EDGE_LOOP ( 'NONE', ( #1582, #6663, #4572, #2603 ) ) ;
#6808 = CARTESIAN_POINT ( 'NONE',  ( 29.75440252253877560, 48.84873222487523492, -23.53362743373490318 ) ) ;
#6809 = EDGE_CURVE ( 'NONE', #3228, #5398, #6676, .T. ) ;
#6810 =( LENGTH_UNIT ( ) NAMED_UNIT ( * ) SI_UNIT ( .MILLI., .METRE. ) );
#6811 = STYLED_ITEM ( 'NONE', ( #5755 ), #4672 ) ;
#6812 = DIRECTION ( 'NONE',  ( 0.000000000000000000, 0.000000000000000000, -1.000000000000000000 ) ) ;
#6813 = CARTESIAN_POINT ( 'NONE',  ( -18.50000478214788657, 29.33808354688027009, -7.467226643410757703 ) ) ;
#6814 = DIRECTION ( 'NONE',  ( -1.832802226030400722E-19, 0.4999972845804243060, -0.8660269715269856006 ) ) ;
#6815 = VECTOR ( 'NONE', #2200, 1000.000000000000114 ) ;
#6816 = DIRECTION ( 'NONE',  ( -1.832802226030400722E-19, 0.4999972845804243060, -0.8660269715269854895 ) ) ;
#6817 = CARTESIAN_POINT ( 'NONE',  ( -18.50000000000002842, -7.217148812191790164, 40.42368491557549959 ) ) ;
#6818 = SURFACE_STYLE_FILL_AREA ( #6787 ) ;
#6819 = CARTESIAN_POINT ( 'NONE',  ( -18.50000000000001776, 21.54842554826505108, -15.13616688092796636 ) ) ;
#6820 = EDGE_CURVE ( 'NONE', #3488, #5291, #2559, .T. ) ;
#6821 = PRESENTATION_STYLE_ASSIGNMENT (( #1968 ) ) ;
#6822 = ORIENTED_EDGE ( 'NONE', *, *, #4725, .F. ) ;
#6823 = ORIENTED_EDGE ( 'NONE', *, *, #3817, .T. ) ;
#6824 = ORIENTED_EDGE ( 'NONE', *, *, #5872, .T. ) ;
#6825 = CARTESIAN_POINT ( 'NONE',  ( -23.05703690476766354, 36.02453687450624642, -6.398624340294960078 ) ) ;
#6826 = CARTESIAN_POINT ( 'NONE',  ( 19.49999999999999645, -3.579459914024643030, 25.78600860713834209 ) ) ;
#6827 = SURFACE_STYLE_USAGE ( .BOTH. , #4032 ) ;
#6828 = CIRCLE ( 'NONE', #5218, 1.650000000000000355 ) ;
#6829 = DIRECTION ( 'NONE',  ( 1.932777453709147494E-16, 1.000000000000000000, -0.000000000000000000 ) ) ;
#6830 = B_SPLINE_CURVE_WITH_KNOTS ( 'NONE', 1,
 ( #4596, #4051 ),
 .UNSPECIFIED., .F., .F.,
 ( 2, 2 ),
 ( 0.000000000000000000, 1.000000000000000000 ),
 .UNSPECIFIED. ) ;
#6831 = COLOUR_RGB ( '',0.7529411764705882248, 0.7529411764705882248, 0.7529411764705882248 ) ;
#6832 = CARTESIAN_POINT ( 'NONE',  ( 19.18506231342960078, -21.82704313407679564, 36.42368491557549959 ) ) ;
#6833 = CARTESIAN_POINT ( 'NONE',  ( -20.04760207901205504, 38.89213061710275099, -20.72483509328677442 ) ) ;
#6834 = CYLINDRICAL_SURFACE ( 'NONE', #881, 11.99999999999999822 ) ;
#6835 = ORIENTED_EDGE ( 'NONE', *, *, #2190, .T. ) ;
#6836 = VERTEX_POINT ( 'NONE', #3050 ) ;
#6837 = FILL_AREA_STYLE_COLOUR ( '', #3255 ) ;
#6838 =( GEOMETRIC_REPRESENTATION_CONTEXT ( 3 ) GLOBAL_UNCERTAINTY_ASSIGNED_CONTEXT ( ( #6197 ) ) GLOBAL_UNIT_ASSIGNED_CONTEXT ( ( #2683, #2754, #4938 ) ) REPRESENTATION_CONTEXT ( 'NONE', 'WORKASPACE' ) );
#6839 = PRESENTATION_STYLE_ASSIGNMENT (( #4177 ) ) ;
#6840 = ADVANCED_FACE ( 'NONE', ( #6938 ), #4439, .F. ) ;
#6841 = CIRCLE ( 'NONE', #893, 1.650000000000000355 ) ;
#6842 = DIRECTION ( 'NONE',  ( -1.832802226030400722E-19, 0.4999972845804243060, -0.8660269715269856006 ) ) ;
#6843 = AXIS2_PLACEMENT_3D ( 'NONE', #4537, #6409, #6306 ) ;
#6844 = CARTESIAN_POINT ( 'NONE',  ( -19.50000000000000355, 27.90910100531503701, -8.146972007031900276 ) ) ;
#6845 = SURFACE_SIDE_STYLE ('',( #222 ) ) ;
#6846 = EDGE_LOOP ( 'NONE', ( #5032, #2232, #4453, #3203 ) ) ;
#6847 = AXIS2_PLACEMENT_3D ( 'NONE', #5598, #2344, #4984 ) ;
#6848 = FACE_OUTER_BOUND ( 'NONE', #23, .T. ) ;
#6849 = CARTESIAN_POINT ( 'NONE',  ( 20.06952149218853876, 32.07312539959836073, -8.787535040780397821 ) ) ;
#6850 = AXIS2_PLACEMENT_3D ( 'NONE', #5060, #6720, #6661 ) ;
#6851 = DIRECTION ( 'NONE',  ( -1.000000000000000000, 0.000000000000000000, -0.000000000000000000 ) ) ;
#6852 = COLOUR_RGB ( '',0.7529411764705882248, 0.7529411764705882248, 0.7529411764705882248 ) ;
#6853 = EDGE_CURVE ( 'NONE', #4781, #4531, #6276, .T. ) ;
#6854 = DIRECTION ( 'NONE',  ( 1.000000000000000000, 0.000000000000000000, 0.000000000000000000 ) ) ;
#6855 = ADVANCED_FACE ( 'NONE', ( #5818 ), #2049, .F. ) ;
#6856 = VECTOR ( 'NONE', #1542, 1000.000000000000000 ) ;
#6857 = CARTESIAN_POINT ( 'NONE',  ( 19.49999999999999645, -2.069634785943519351, 11.02319818338125579 ) ) ;
#6858 = AXIS2_PLACEMENT_3D ( 'NONE', #2138, #6449, #1454 ) ;
#6859 = AXIS2_PLACEMENT_3D ( 'NONE', #6082, #5497, #621 ) ;
#6860 = CARTESIAN_POINT ( 'NONE',  ( 37.14505174676177290, 48.92459569816976028, -23.53057393879247883 ) ) ;
#6861 = CARTESIAN_POINT ( 'NONE',  ( 20.07444865175035531, 32.06940646156204622, -8.783783508954671859 ) ) ;
#6862 = CARTESIAN_POINT ( 'NONE',  ( -41.40849722730661853, 74.93047593973679454, -11.07341827559225322 ) ) ;
#6863 = COLOUR_RGB ( '',0.7529411764705882248, 0.7529411764705882248, 0.7529411764705882248 ) ;
#6864 = CARTESIAN_POINT ( 'NONE',  ( 25.28838521345725709, 47.99206605084935973, -24.48004440044994112 ) ) ;
#6865 = VECTOR ( 'NONE', #1861, 1000.000000000000227 ) ;
#6866 = CARTESIAN_POINT ( 'NONE',  ( 20.14204616624352440, 32.23020063789866185, -8.775142513275044465 ) ) ;
#6867 = CARTESIAN_POINT ( 'NONE',  ( 47.86651336595019046, 66.16648235670389511, -14.97857724267805857 ) ) ;
#6868 = CARTESIAN_POINT ( 'NONE',  ( -20.21420493077091862, 33.83614898018657158, -7.285693490800691841 ) ) ;
#6869 = EDGE_LOOP ( 'NONE', ( #2273, #7085 ) ) ;
#6870 = EDGE_LOOP ( 'NONE', ( #3953, #6102, #644, #5576 ) ) ;
#6871 = ORIENTED_EDGE ( 'NONE', *, *, #1774, .F. ) ;
#6872 = CARTESIAN_POINT ( 'NONE',  ( 43.04225255781938841, 51.53643940549415703, -23.42516867931865931 ) ) ;
#6873 = MECHANICAL_DESIGN_GEOMETRIC_PRESENTATION_REPRESENTATION (  '', ( #237 ), #2175 ) ;
#6874 = DIRECTION ( 'NONE',  ( -0.7071067811865479058, 1.366680044042207387E-16, -0.7071067811865472397 ) ) ;
#6875 = EDGE_CURVE ( 'NONE', #245, #3939, #6428, .T. ) ;
#6876 = CARTESIAN_POINT ( 'NONE',  ( -24.14842161505969642, 62.33407271851740461, -14.88180706085177540 ) ) ;
#6877 = CARTESIAN_POINT ( 'NONE',  ( -20.42949963949741488, 39.99167496906445507, -21.22071116302523208 ) ) ;
#6878 = ORIENTED_EDGE ( 'NONE', *, *, #2011, .F. ) ;
#6879 = ORIENTED_EDGE ( 'NONE', *, *, #4489, .T. ) ;
#6880 = AXIS2_PLACEMENT_3D ( 'NONE', #306, #6903, #3569 ) ;
#6881 = B_SPLINE_CURVE_WITH_KNOTS ( 'NONE', 3,
 ( #5997, #5931, #2088, #3272 ),
 .UNSPECIFIED., .F., .F.,
 ( 4, 4 ),
 ( 0.000000000000000000, 1.000000000000000000 ),
 .UNSPECIFIED. ) ;
#6882 = DIRECTION ( 'NONE',  ( 3.930489233341645210E-19, -0.8660269715269843793, -0.4999972845804261934 ) ) ;
#6883 = EDGE_CURVE ( 'NONE', #130, #3939, #3867, .T. ) ;
#6884 = FACE_OUTER_BOUND ( 'NONE', #6976, .T. ) ;
#6885 = PRESENTATION_STYLE_ASSIGNMENT (( #2087 ) ) ;
#6886 = CARTESIAN_POINT ( 'NONE',  ( -29.75440252253872586, 48.84873222487523492, -23.53362743373489963 ) ) ;
#6887 = CYLINDRICAL_SURFACE ( 'NONE', #3875, 1.650000000000000355 ) ;
#6888 = ORIENTED_EDGE ( 'NONE', *, *, #2248, .F. ) ;
#6889 =( LENGTH_UNIT ( ) NAMED_UNIT ( * ) SI_UNIT ( .MILLI., .METRE. ) );
#6890 = LINE ( 'NONE', #2681, #6412 ) ;
#6891 = CARTESIAN_POINT ( 'NONE',  ( -18.00104068469969576, 39.43474701288872097, -4.431684191182394983 ) ) ;
#6892 = CARTESIAN_POINT ( 'NONE',  ( 19.49999999999999645, -9.717148812196720442, 36.42368491557549959 ) ) ;
#6893 = CARTESIAN_POINT ( 'NONE',  ( -18.50000098719505104, 29.09066840656376485, -7.413833456073438910 ) ) ;
#6894 = ADVANCED_FACE ( 'NONE', ( #3153 ), #5962, .T. ) ;
#6895 = ADVANCED_FACE ( 'NONE', ( #6471 ), #95, .F. ) ;
#6896 = CARTESIAN_POINT ( 'NONE',  ( -18.50000000000002842, -2.813415470905680227, 26.42879621682485691 ) ) ;
#6897 = LINE ( 'NONE', #2519, #3066 ) ;
#6898 = DIRECTION ( 'NONE',  ( 0.000000000000000000, -0.8660269715269843793, -0.4999972845804263044 ) ) ;
#6899 = CARTESIAN_POINT ( 'NONE',  ( -19.50339634324577531, 32.92748403708239380, -7.489178698950262003 ) ) ;
#6900 = ORIENTED_EDGE ( 'NONE', *, *, #2860, .F. ) ;
#6901 = ORIENTED_EDGE ( 'NONE', *, *, #3220, .F. ) ;
#6902 = DIRECTION ( 'NONE',  ( -0.000000000000000000, -0.000000000000000000, -1.000000000000000000 ) ) ;
#6903 = DIRECTION ( 'NONE',  ( 0.000000000000000000, 0.000000000000000000, 1.000000000000000000 ) ) ;
#6904 = CARTESIAN_POINT ( 'NONE',  ( -46.38045485082700026, 71.39735469540441670, -11.95854495466367062 ) ) ;
#6905 = CARTESIAN_POINT ( 'NONE',  ( -39.89640720707468802, 76.18986340611914443, -10.34631584792127690 ) ) ;
#6906 = FACE_OUTER_BOUND ( 'NONE', #3241, .T. ) ;
#6907 = SURFACE_STYLE_FILL_AREA ( #2016 ) ;
#6908 = CARTESIAN_POINT ( 'NONE',  ( -21.10907283665133960, 41.36625988680053467, -21.84065041173687050 ) ) ;
#6909 =( NAMED_UNIT ( * ) PLANE_ANGLE_UNIT ( ) SI_UNIT ( $, .RADIAN. ) );
#6910 = VERTEX_POINT ( 'NONE', #7010 ) ;
#6911 = EDGE_CURVE ( 'NONE', #2525, #68, #4661, .T. ) ;
#6912 = VERTEX_POINT ( 'NONE', #2664 ) ;
#6913 = UNCERTAINTY_MEASURE_WITH_UNIT (LENGTH_MEASURE( 1.000000000000000082E-05 ), #6191, 'distance_accuracy_value', 'NONE');
#6914 = UNCERTAINTY_MEASURE_WITH_UNIT (LENGTH_MEASURE( 1.000000000000000082E-05 ), #5121, 'distance_accuracy_value', 'NONE');
#6915 = FILL_AREA_STYLE ('',( #6837 ) ) ;
#6916 = CARTESIAN_POINT ( 'NONE',  ( -0.01493768657037499933, -45.21714881219698867, 37.42368491557549248 ) ) ;
#6917 = FILL_AREA_STYLE_COLOUR ( '', #894 ) ;
#6918 = B_SPLINE_CURVE_WITH_KNOTS ( 'NONE', 3,
 ( #2579, #4768, #2037, #4226, #5383, #5875, #5952, #3252, #500, #3778 ),
 .UNSPECIFIED., .F., .F.,
 ( 4, 2, 2, 2, 4 ),
 ( 0.000000000000000000, 0.2500000000000000000, 0.5000000000000000000, 0.7500000000000000000, 1.000000000000000000 ),
 .UNSPECIFIED. ) ;
#6919 = CARTESIAN_POINT ( 'NONE',  ( 19.49999999999999645, 35.09330432503323749, -19.01157449722207105 ) ) ;
#6920 = LINE ( 'NONE', #5264, #5464 ) ;
#6921 = ORIENTED_EDGE ( 'NONE', *, *, #2901, .T. ) ;
#6922 = EDGE_CURVE ( 'NONE', #3660, #5727, #6551, .T. ) ;
#6923 = ORIENTED_EDGE ( 'NONE', *, *, #3404, .T. ) ;
#6924 =( NAMED_UNIT ( * ) PLANE_ANGLE_UNIT ( ) SI_UNIT ( $, .RADIAN. ) );
#6925 = SURFACE_SIDE_STYLE ('',( #6956 ) ) ;
#6926 = LINE ( 'NONE', #5645, #4901 ) ;
#6927 = SURFACE_STYLE_FILL_AREA ( #3217 ) ;
#6928 = VECTOR ( 'NONE', #6228, 1000.000000000000000 ) ;
#6929 = CARTESIAN_POINT ( 'NONE',  ( 37.62411954949745052, 48.99356121105378747, -23.52778508058730011 ) ) ;
#6930 = CARTESIAN_POINT ( 'NONE',  ( -46.89493413160973034, 66.66372053196751324, -15.84619717517689708 ) ) ;
#6931 = EDGE_CURVE ( 'NONE', #444, #4239, #1543, .T. ) ;
#6932 = FILL_AREA_STYLE ('',( #2554 ) ) ;
#6933 = CARTESIAN_POINT ( 'NONE',  ( 19.62295271236044414, 30.47346700690914290, -8.726836946088484481 ) ) ;
#6934 = CARTESIAN_POINT ( 'NONE',  ( -9.364937686570399933, -14.71714881219270055, 16.02368491557549746 ) ) ;
#6935 = CARTESIAN_POINT ( 'NONE',  ( -20.68216592450506042, 34.27957240603785749, -7.154463920328896442 ) ) ;
#6936 = ORIENTED_EDGE ( 'NONE', *, *, #2685, .T. ) ;
#6937 = ORIENTED_EDGE ( 'NONE', *, *, #2179, .F. ) ;
#6938 = FACE_OUTER_BOUND ( 'NONE', #5347, .T. ) ;
#6939 = SURFACE_SIDE_STYLE ('',( #1509 ) ) ;
#6940 = CARTESIAN_POINT ( 'NONE',  ( -27.47834487971819684, 48.31071277313992596, -23.49303333965672280 ) ) ;
#6941 = ORIENTED_EDGE ( 'NONE', *, *, #7014, .F. ) ;
#6942 = CARTESIAN_POINT ( 'NONE',  ( -36.31477043246970027, 40.50177955480658909, -3.815750177757907036 ) ) ;
#6943 = DIRECTION ( 'NONE',  ( 0.000000000000000000, 0.000000000000000000, -1.000000000000000000 ) ) ;
#6944 = ADVANCED_FACE ( 'NONE', ( #5418 ), #3295, .T. ) ;
#6945 = CARTESIAN_POINT ( 'NONE',  ( -43.21506156823774347, 74.42657048832970190, -10.20964479055996676 ) ) ;
#6946 = EDGE_CURVE ( 'NONE', #6836, #3777, #981, .T. ) ;
#6947 = CARTESIAN_POINT ( 'NONE',  ( -21.16542205146705058, 41.45945085028662191, -21.88268024258174904 ) ) ;
#6948 =( GEOMETRIC_REPRESENTATION_CONTEXT ( 3 ) GLOBAL_UNCERTAINTY_ASSIGNED_CONTEXT ( ( #4929 ) ) GLOBAL_UNIT_ASSIGNED_CONTEXT ( ( #5488, #6179, #3310 ) ) REPRESENTATION_CONTEXT ( 'NONE', 'WORKASPACE' ) );
#6949 = CIRCLE ( 'NONE', #1105, 12.81044449123675655 ) ;
#6950 = COLOUR_RGB ( '',0.7529411764705882248, 0.7529411764705882248, 0.7529411764705882248 ) ;
#6951 = CARTESIAN_POINT ( 'NONE',  ( 18.50000000000002487, -4.217148812191790164, 37.42368491557549959 ) ) ;
#6952 = COLOUR_RGB ( '',0.7529411764705882248, 0.7529411764705882248, 0.7529411764705882248 ) ;
#6953 = FILL_AREA_STYLE_COLOUR ( '', #1676 ) ;
#6954 = EDGE_LOOP ( 'NONE', ( #5516, #1195, #871, #2787 ) ) ;
#6955 = PLANE ( 'NONE',  #415 ) ;
#6956 = SURFACE_STYLE_FILL_AREA ( #362 ) ;
#6957 = MECHANICAL_DESIGN_GEOMETRIC_PRESENTATION_REPRESENTATION (  '', ( #651 ), #4891 ) ;
#6958 = ADVANCED_FACE ( 'NONE', ( #5204 ), #2834, .F. ) ;
#6959 =( GEOMETRIC_REPRESENTATION_CONTEXT ( 3 ) GLOBAL_UNCERTAINTY_ASSIGNED_CONTEXT ( ( #2962 ) ) GLOBAL_UNIT_ASSIGNED_CONTEXT ( ( #5237, #239, #6289 ) ) REPRESENTATION_CONTEXT ( 'NONE', 'WORKASPACE' ) );
#6960 = CARTESIAN_POINT ( 'NONE',  ( 19.49999999999999645, -3.579459914024640810, 25.78600860713833853 ) ) ;
#6961 = CARTESIAN_POINT ( 'NONE',  ( -26.59462386638863762, 38.45059633242112795, -4.999938992834389140 ) ) ;
#6962 =( GEOMETRIC_REPRESENTATION_CONTEXT ( 3 ) GLOBAL_UNCERTAINTY_ASSIGNED_CONTEXT ( ( #2774 ) ) GLOBAL_UNIT_ASSIGNED_CONTEXT ( ( #4619, #4073, #2466 ) ) REPRESENTATION_CONTEXT ( 'NONE', 'WORKASPACE' ) );
#6963 = PRESENTATION_LAYER_ASSIGNMENT (  '', '', ( #5693 ) ) ;
#6964 = CARTESIAN_POINT ( 'NONE',  ( -16.93563507171879579, -20.86940764386208258, 16.02368491557549746 ) ) ;
#6965 = CARTESIAN_POINT ( 'NONE',  ( 18.54962574679951004, 30.05632215183956646, -7.573197374366914758 ) ) ;
#6966 = STYLED_ITEM ( 'NONE', ( #2528 ), #7051 ) ;
#6967 = FACE_OUTER_BOUND ( 'NONE', #3900, .T. ) ;
#6968 = FILL_AREA_STYLE ('',( #6622 ) ) ;
#6969 = AXIS2_PLACEMENT_3D ( 'NONE', #4248, #1523, #7061 ) ;
#6970 = DIRECTION ( 'NONE',  ( 0.8709304387069590758, 0.4255679365032110084, 0.2457073510379835235 ) ) ;
#6971 = CIRCLE ( 'NONE', #5128, 6.000000000000000000 ) ;
#6972 = ORIENTED_EDGE ( 'NONE', *, *, #1934, .T. ) ;
#6973 = ORIENTED_EDGE ( 'NONE', *, *, #576, .T. ) ;
#6974 = DIRECTION ( 'NONE',  ( 1.000000000000000000, 0.000000000000000000, 0.000000000000000000 ) ) ;
#6975 = CARTESIAN_POINT ( 'NONE',  ( -28.33217828784670189, 48.64562582225219245, -23.51829120369905013 ) ) ;
#6976 = EDGE_LOOP ( 'NONE', ( #4926, #547, #4514, #1410, #31 ) ) ;
#6977 = EDGE_LOOP ( 'NONE', ( #1707, #5925, #104, #4478 ) ) ;
#6978 = CARTESIAN_POINT ( 'NONE',  ( 18.50000000000002487, -4.217148812191790164, 13.56849653541440048 ) ) ;
#6979 = COLOUR_RGB ( '',0.7529411764705882248, 0.7529411764705882248, 0.7529411764705882248 ) ;
#6980 = CARTESIAN_POINT ( 'NONE',  ( -47.14908780984184489, 58.16857123265181428, -25.77490241419777561 ) ) ;
#6981 = CARTESIAN_POINT ( 'NONE',  ( -42.76022583302892599, 51.43610784337707997, -23.54292487553375324 ) ) ;
#6982 = CARTESIAN_POINT ( 'NONE',  ( -47.51115466258751496, 68.85820026739679633, -13.42452349687663471 ) ) ;
#6983 = EDGE_LOOP ( 'NONE', ( #1124, #2314, #6, #2053 ) ) ;
#6984 = DIRECTION ( 'NONE',  ( -1.832802226030400722E-19, 0.4999972845804243060, -0.8660269715269856006 ) ) ;
#6985 = DIRECTION ( 'NONE',  ( -1.000000000000000000, 0.000000000000000000, 0.000000000000000000 ) ) ;
#6986 = MECHANICAL_DESIGN_GEOMETRIC_PRESENTATION_REPRESENTATION (  '', ( #5480 ), #1023 ) ;
#6987 = ORIENTED_EDGE ( 'NONE', *, *, #7033, .T. ) ;
#6988 = UNCERTAINTY_MEASURE_WITH_UNIT (LENGTH_MEASURE( 1.000000000000000082E-05 ), #1263, 'distance_accuracy_value', 'NONE');
#6989 = PRESENTATION_LAYER_ASSIGNMENT (  '', '', ( #1708 ) ) ;
#6990 = UNCERTAINTY_MEASURE_WITH_UNIT (LENGTH_MEASURE( 1.000000000000000082E-05 ), #5384, 'distance_accuracy_value', 'NONE');
#6991 =( NAMED_UNIT ( * ) PLANE_ANGLE_UNIT ( ) SI_UNIT ( $, .RADIAN. ) );
#6992 = EDGE_CURVE ( 'NONE', #6027, #5601, #305, .T. ) ;
#6993 = DIRECTION ( 'NONE',  ( 1.832802226030402167E-19, -0.4999972845804243615, 0.8660269715269856006 ) ) ;
#6994 = VERTEX_POINT ( 'NONE', #6763 ) ;
#6995 = ORIENTED_EDGE ( 'NONE', *, *, #5949, .F. ) ;
#6996 = PRESENTATION_STYLE_ASSIGNMENT (( #5761 ) ) ;
#6997 = CARTESIAN_POINT ( 'NONE',  ( 18.76594284269898694, 31.22867189902817842, -7.639072558056775542 ) ) ;
#6998 = CARTESIAN_POINT ( 'NONE',  ( -47.94342722930016265, 56.15794414017386771, -24.48007000450842696 ) ) ;
#6999 = PRODUCT ( '332000146,\X2\815590e8644450cf5934652f67b6\X0\_D435_gemini_mount-dyx0922', '332000146,\X2\815590e8644450cf5934652f67b6\X0\_D435_gemini_mount-dyx0922', '', ( #441 ) ) ;
#7000 = CARTESIAN_POINT ( 'NONE',  ( 22.68797056836216441, 35.76488585812876408, -6.536047155129246278 ) ) ;
#7001 = VERTEX_POINT ( 'NONE', #4641 ) ;
#7002 = FACE_OUTER_BOUND ( 'NONE', #2184, .T. ) ;
#7003 = EDGE_CURVE ( 'NONE', #5291, #589, #5812, .T. ) ;
#7004 = CARTESIAN_POINT ( 'NONE',  ( -24.67841778150757293, 46.03502303289173625, -23.59788625977401466 ) ) ;
#7005 = DIRECTION ( 'NONE',  ( 1.000000000000000000, -0.000000000000000000, -0.000000000000000000 ) ) ;
#7006 = DIRECTION ( 'NONE',  ( 0.7071067811865470176, -0.5416752204197047282, -0.4545194776720410945 ) ) ;
#7007 = SURFACE_STYLE_FILL_AREA ( #4814 ) ;
#7008 = ORIENTED_EDGE ( 'NONE', *, *, #6911, .T. ) ;
#7009 = DIRECTION ( 'NONE',  ( 0.000000000000000000, 0.8660254039654107228, 0.4999999996865471807 ) ) ;
#7010 = CARTESIAN_POINT ( 'NONE',  ( 18.50000000000002842, -2.813415470905680227, 26.42879621682485691 ) ) ;
#7011 = APPLICATION_PROTOCOL_DEFINITION ( 'draft international standard', 'automotive_design', 1998, #2867 ) ;
#7012 = PLANE ( 'NONE',  #5904 ) ;
#7013 = ORIENTED_EDGE ( 'NONE', *, *, #3181, .F. ) ;
#7014 = EDGE_CURVE ( 'NONE', #5076, #4638, #2508, .T. ) ;
#7015 = VERTEX_POINT ( 'NONE', #5636 ) ;
#7016 =( NAMED_UNIT ( * ) PLANE_ANGLE_UNIT ( ) SI_UNIT ( $, .RADIAN. ) );
#7017 = CARTESIAN_POINT ( 'NONE',  ( -44.57882558262937778, 54.30287719817491165, -24.48006418795793593 ) ) ;
#7018 =( LENGTH_UNIT ( ) NAMED_UNIT ( * ) SI_UNIT ( .MILLI., .METRE. ) );
#7019 = PRESENTATION_STYLE_ASSIGNMENT (( #29 ) ) ;
#7020 = CARTESIAN_POINT ( 'NONE',  ( -44.64123879337626022, 72.47452643217445711, -12.49135111743276916 ) ) ;
#7021 = ORIENTED_EDGE ( 'NONE', *, *, #5261, .F. ) ;
#7022 = CARTESIAN_POINT ( 'NONE',  ( 19.50000000000000355, 36.10226346779685969, -19.36915290549645263 ) ) ;
#7023 = ORIENTED_EDGE ( 'NONE', *, *, #6799, .F. ) ;
#7024 = UNCERTAINTY_MEASURE_WITH_UNIT (LENGTH_MEASURE( 1.000000000000000082E-05 ), #1914, 'distance_accuracy_value', 'NONE');
#7025 = CARTESIAN_POINT ( 'NONE',  ( -19.88210976582772105, 31.54938435300658028, -8.796032101014434446 ) ) ;
#7026 = CYLINDRICAL_SURFACE ( 'NONE', #3655, 1.650000000000000355 ) ;
#7027 = ADVANCED_FACE ( 'NONE', ( #1942 ), #5175, .T. ) ;
#7028 = CARTESIAN_POINT ( 'NONE',  ( -20.19483748337752615, 32.33438135087802578, -8.765119979225580948 ) ) ;
#7029 = CARTESIAN_POINT ( 'NONE',  ( -18.50000000000001421, 27.36276798480148997, 0.8386076724324551535 ) ) ;
#7030 = DIRECTION ( 'NONE',  ( 0.000000000000000000, 0.000000000000000000, 1.000000000000000000 ) ) ;
#7031 = ORIENTED_EDGE ( 'NONE', *, *, #5409, .T. ) ;
#7032 = VERTEX_POINT ( 'NONE', #4574 ) ;
#7033 = EDGE_CURVE ( 'NONE', #1233, #4638, #6793, .T. ) ;
#7034 = DIRECTION ( 'NONE',  ( 0.000000000000000000, -0.6427876096865349220, 0.7660444431189816772 ) ) ;
#7035 = CARTESIAN_POINT ( 'NONE',  ( 21.25630991252778301, 34.71820601973587372, -7.000833887485075735 ) ) ;
#7036 = EDGE_CURVE ( 'NONE', #1231, #6422, #2198, .T. ) ;
#7037 = CARTESIAN_POINT ( 'NONE',  ( -29.12438707535932281, 39.07733810019973930, -4.638105697048244380 ) ) ;
#7038 = CARTESIAN_POINT ( 'NONE',  ( 32.88455697363855279, 65.63383928058527772, 3.958920743967291767 ) ) ;
#7039 = AXIS2_PLACEMENT_3D ( 'NONE', #4982, #3957, #4736 ) ;
#7040 = CARTESIAN_POINT ( 'NONE',  ( 19.14849604209749145, 32.36146670489807775, -7.587237788592203991 ) ) ;
#7041 = SURFACE_STYLE_FILL_AREA ( #6968 ) ;
#7042 = CARTESIAN_POINT ( 'NONE',  ( 41.08068794991984163, 50.17020187043003432, -23.48030616960021177 ) ) ;
#7043 = CARTESIAN_POINT ( 'NONE',  ( 19.13759051806011513, 32.26472660571981521, -7.584692590946442436 ) ) ;
#7044 = ORIENTED_EDGE ( 'NONE', *, *, #4019, .F. ) ;
#7045 = ORIENTED_EDGE ( 'NONE', *, *, #119, .T. ) ;
#7046 = CARTESIAN_POINT ( 'NONE',  ( -19.50000000000000000, -21.82704313407679919, 36.42368491557549959 ) ) ;
#7047 = ORIENTED_EDGE ( 'NONE', *, *, #2783, .F. ) ;
#7048 = ORIENTED_EDGE ( 'NONE', *, *, #4894, .F. ) ;
#7049 = FILL_AREA_STYLE ('',( #3827 ) ) ;
#7050 = CARTESIAN_POINT ( 'NONE',  ( -41.67670965634233227, 51.70746307482557569, -24.48005605005352692 ) ) ;
#7051 = ADVANCED_FACE ( 'NONE', ( #5247 ), #5744, .T. ) ;
#7052 = AXIS2_PLACEMENT_3D ( 'NONE', #6268, #4694, #4758 ) ;
#7053 = CARTESIAN_POINT ( 'NONE',  ( -20.84842161505969926, 62.33407271851740461, -14.88180706085177540 ) ) ;
#7054 = CARTESIAN_POINT ( 'NONE',  ( -41.14013703480367212, 50.91463269518516199, -24.08626148129249245 ) ) ;
#7055 =( NAMED_UNIT ( * ) SI_UNIT ( $, .STERADIAN. ) SOLID_ANGLE_UNIT ( ) );
#7056 = ORIENTED_EDGE ( 'NONE', *, *, #3397, .T. ) ;
#7057 = CARTESIAN_POINT ( 'NONE',  ( 28.25405954097584882, 38.96114369637741248, -4.704822393307265926 ) ) ;
#7058 =( LENGTH_UNIT ( ) NAMED_UNIT ( * ) SI_UNIT ( .MILLI., .METRE. ) );
#7059 = CARTESIAN_POINT ( 'NONE',  ( 27.64017399742318659, 38.54325709156044155, -5.684022697401162283 ) ) ;
#7060 = VECTOR ( 'NONE', #2863, 1000.000000000000114 ) ;
#7061 = DIRECTION ( 'NONE',  ( 0.000000000000000000, -0.8660269715269843793, -0.4999972845804263044 ) ) ;
#7062 = CARTESIAN_POINT ( 'NONE',  ( 47.86656720430804057, 66.84668127608148325, -14.58586682020185066 ) ) ;
#7063 = EDGE_LOOP ( 'NONE', ( #2984, #4010, #3320, #4421 ) ) ;
#7064 = VERTEX_POINT ( 'NONE', #2633 ) ;
#7065 = ADVANCED_FACE ( 'NONE', ( #949 ), #1584, .F. ) ;
#7066 = CIRCLE ( 'NONE', #5792, 6.000000000000001776 ) ;
#7067 = CARTESIAN_POINT ( 'NONE',  ( -27.02487616237624479, 38.42804617380343757, -5.484471554278685268 ) ) ;
#7068 = SURFACE_STYLE_FILL_AREA ( #3726 ) ;
#7069 = DIRECTION ( 'NONE',  ( 1.816216710871860617E-16, 0.9396926207859068736, -0.3420201433256726542 ) ) ;
#7070 = ORIENTED_EDGE ( 'NONE', *, *, #6239, .T. ) ;
#7071 = VECTOR ( 'NONE', #354, 1000.000000000000000 ) ;
#7072 = LINE ( 'NONE', #1112, #2130 ) ;
#7073 = DIRECTION ( 'NONE',  ( -0.7071067811865521247, 8.659560562354989558E-17, 0.7071067811865430208 ) ) ;
#7074 = COLOUR_RGB ( '',0.7529411764705882248, 0.7529411764705882248, 0.7529411764705882248 ) ;
#7075 =( NAMED_UNIT ( * ) SI_UNIT ( $, .STERADIAN. ) SOLID_ANGLE_UNIT ( ) );
#7076 = CARTESIAN_POINT ( 'NONE',  ( -0.01493768657037499933, -45.21714881219698867, 15.02368491557552410 ) ) ;
#7077 = VECTOR ( 'NONE', #2327, 1000.000000000000114 ) ;
#7078 = CARTESIAN_POINT ( 'NONE',  ( 18.88993778318279126, 31.74067196860379880, -7.646976776968235079 ) ) ;
#7079 = EDGE_CURVE ( 'NONE', #158, #1019, #2920, .T. ) ;
#7080 = SURFACE_STYLE_USAGE ( .BOTH. , #4875 ) ;
#7081 = CARTESIAN_POINT ( 'NONE',  ( 26.78859927191694368, 49.79559377471269244, -24.48005005539979706 ) ) ;
#7082 = SURFACE_SIDE_STYLE ('',( #6607 ) ) ;
#7083 = SURFACE_STYLE_USAGE ( .BOTH. , #2044 ) ;
#7084 = STYLED_ITEM ( 'NONE', ( #77 ), #5571 ) ;
#7085 = ORIENTED_EDGE ( 'NONE', *, *, #2687, .T. ) ;
#7086 = CARTESIAN_POINT ( 'NONE',  ( -19.50000000000000355, 34.98238854211787441, -18.96155176644821339 ) ) ;
#7087 = CARTESIAN_POINT ( 'NONE',  ( -22.58964924662894802, 35.69539150265394767, -6.572078203626993798 ) ) ;
#7088 = VERTEX_POINT ( 'NONE', #3793 ) ;
#7089 = ORIENTED_EDGE ( 'NONE', *, *, #6922, .T. ) ;
#7090 = MECHANICAL_DESIGN_GEOMETRIC_PRESENTATION_REPRESENTATION (  '', ( #3059 ), #548 ) ;
#7091 = VECTOR ( 'NONE', #1434, 1000.000000000000114 ) ;
#7092 = PLANE ( 'NONE',  #1540 ) ;
#7093 = CARTESIAN_POINT ( 'NONE',  ( -38.58760604893321045, 51.17917802813379069, -25.44700516670895141 ) ) ;
#7094 = CARTESIAN_POINT ( 'NONE',  ( 47.75795960022666264, 58.25555942213329530, -19.54591997657396973 ) ) ;
#7095 = LINE ( 'NONE', #5358, #993 ) ;
#7096 = AXIS2_PLACEMENT_3D ( 'NONE', #3536, #1440, #878 ) ;
#7097 = CARTESIAN_POINT ( 'NONE',  ( -19.50000000000000000, -7.431945887776402415, 6.523684915575501009 ) ) ;
#7098 = DIRECTION ( 'NONE',  ( -0.7071067811865459074, -0.2418447626479796608, -0.6644630243886748833 ) ) ;
#7099 = DIRECTION ( 'NONE',  ( -1.000000000000000000, 0.000000000000000000, 0.000000000000000000 ) ) ;
#7100 = UNCERTAINTY_MEASURE_WITH_UNIT (LENGTH_MEASURE( 1.000000000000000082E-05 ), #1182, 'distance_accuracy_value', 'NONE');
#7102 = CIRCLE ( 'NONE', #1014, 2.899999999999999911 ) ;
#7101 = AXIS2_PLACEMENT_3D ( 'NONE', #5275, #539, #6573 ) ;
#7103 = MECHANICAL_DESIGN_GEOMETRIC_PRESENTATION_REPRESENTATION (  '', ( #4903 ), #1810 ) ;
#7104 = CARTESIAN_POINT ( 'NONE',  ( 26.88402735638810626, 38.39817469966482832, -5.432732648564180700 ) ) ;
ENDSEC;
END-ISO-10303-21;
