ISO-10303-21;
HEADER;
FILE_DESCRIPTION (( 'STEP AP214' ),
    '1' );
FILE_NAME ('332000147,uvc32_mount_dyx0922.STEP',
    '2026-09-22T08:50:38',
    ( '' ),
    ( '' ),
    'SwSTEP 2.0',
    'SolidWorks 2023',
    '' );
FILE_SCHEMA (( 'AUTOMOTIVE_DESIGN' ));
ENDSEC;

DATA;
#1 = CIRCLE ( 'NONE', #712, 2.500000000000000444 ) ;
#2 = LINE ( 'NONE', #1948, #2165 ) ;
#3 = ORIENTED_EDGE ( 'NONE', *, *, #176, .T. ) ;
#4 = VERTEX_POINT ( 'NONE', #300 ) ;
#5 = CONICAL_SURFACE ( 'NONE', #82, 2.000000000000010214, 0.7853981633974421728 ) ;
#6 = MECHANICAL_DESIGN_GEOMETRIC_PRESENTATION_REPRESENTATION (  '', ( #1706 ), #924 ) ;
#7 = EDGE_CURVE ( 'NONE', #3494, #2553, #1647, .T. ) ;
#8 = CARTESIAN_POINT ( 'NONE',  ( 7.999999999999998224, 75.31730833206138698, -18.71801655862776670 ) ) ;
#9 = DIRECTION ( 'NONE',  ( 0.000000000000000000, 0.000000000000000000, 1.000000000000000000 ) ) ;
#10 = CARTESIAN_POINT ( 'NONE',  ( 10.12847217792258014, 68.57569192971170935, -12.42908912355829720 ) ) ;
#11 = ORIENTED_EDGE ( 'NONE', *, *, #4118, .T. ) ;
#12 = ORIENTED_EDGE ( 'NONE', *, *, #3490, .T. ) ;
#13 = EDGE_CURVE ( 'NONE', #1778, #2187, #3738, .T. ) ;
#14 = ORIENTED_EDGE ( 'NONE', *, *, #3739, .F. ) ;
#15 = VECTOR ( 'NONE', #2284, 1000.000000000000000 ) ;
#16 = PLANE ( 'NONE',  #976 ) ;
#17 = EDGE_CURVE ( 'NONE', #2141, #2683, #2586, .T. ) ;
#18 = DIRECTION ( 'NONE',  ( 0.000000000000000000, -0.5658434441295099315, 0.8245127025920548913 ) ) ;
#19 = DIRECTION ( 'NONE',  ( 0.000000000000000000, 0.8245127025920547803, 0.5658434441295100426 ) ) ;
#20 = DIRECTION ( 'NONE',  ( 1.000000000000000000, 0.000000000000000000, 0.000000000000000000 ) ) ;
#21 = EDGE_LOOP ( 'NONE', ( #3090, #383, #3484, #2734 ) ) ;
#22 = CARTESIAN_POINT ( 'NONE',  ( 11.00000000000000000, 7.109894321884000057, 34.51037676031999979 ) ) ;
#23 = ORIENTED_EDGE ( 'NONE', *, *, #2208, .F. ) ;
#24 = AXIS2_PLACEMENT_3D ( 'NONE', #3881, #463, #1461 ) ;
#25 = ORIENTED_EDGE ( 'NONE', *, *, #1058, .T. ) ;
#26 = CARTESIAN_POINT ( 'NONE',  ( 15.00145552412999805, 90.53000539288625248, 2.637633686712201886 ) ) ;
#27 = EDGE_CURVE ( 'NONE', #702, #4081, #2710, .T. ) ;
#28 = ORIENTED_EDGE ( 'NONE', *, *, #1351, .T. ) ;
#29 = ORIENTED_EDGE ( 'NONE', *, *, #748, .F. ) ;
#30 = CIRCLE ( 'NONE', #2720, 4.999999999999984013 ) ;
#31 = CARTESIAN_POINT ( 'NONE',  ( 19.19999999999999929, 64.50558403233901572, -20.91348677509789766 ) ) ;
#32 = DIRECTION ( 'NONE',  ( 0.000000000000000000, 0.000000000000000000, -1.000000000000000000 ) ) ;
#33 = DIRECTION ( 'NONE',  ( 0.000000000000000000, 0.000000000000000000, -1.000000000000000000 ) ) ;
#34 = EDGE_LOOP ( 'NONE', ( #2244, #3884, #822, #993 ) ) ;
#35 = ORIENTED_EDGE ( 'NONE', *, *, #3735, .T. ) ;
#36 = ORIENTED_EDGE ( 'NONE', *, *, #3238, .F. ) ;
#37 = CARTESIAN_POINT ( 'NONE',  ( -5.999999999999996447, 70.22471733489581425, -11.29740223529928045 ) ) ;
#38 = LINE ( 'NONE', #1741, #578 ) ;
#39 = LINE ( 'NONE', #3505, #1690 ) ;
#40 = LINE ( 'NONE', #1096, #505 ) ;
#41 = EDGE_CURVE ( 'NONE', #2361, #2431, #4301, .T. ) ;
#42 = VERTEX_POINT ( 'NONE', #1737 ) ;
#43 = PLANE ( 'NONE',  #3153 ) ;
#44 = EDGE_CURVE ( 'NONE', #3105, #2441, #1429, .T. ) ;
#45 = ORIENTED_EDGE ( 'NONE', *, *, #1582, .F. ) ;
#46 = CIRCLE ( 'NONE', #3298, 3.000000000000003997 ) ;
#47 = ORIENTED_EDGE ( 'NONE', *, *, #288, .T. ) ;
#48 = CARTESIAN_POINT ( 'NONE',  ( -18.19854447586996571, 67.66656464904821178, -22.52692102803093732 ) ) ;
#49 = ORIENTED_EDGE ( 'NONE', *, *, #3574, .T. ) ;
#50 = EDGE_CURVE ( 'NONE', #2059, #1506, #2095, .T. ) ;
#51 = AXIS2_PLACEMENT_3D ( 'NONE', #701, #1712, #3114 ) ;
#52 = ORIENTED_EDGE ( 'NONE', *, *, #2804, .F. ) ;
#53 = PLANE ( 'NONE',  #3255 ) ;
#54 = CARTESIAN_POINT ( 'NONE',  ( -19.19854447586999768, 51.73121466544465363, -7.045248683211200458 ) ) ;
#55 = DIRECTION ( 'NONE',  ( 1.000000000000000000, -0.000000000000000000, -0.000000000000000000 ) ) ;
#56 = DIRECTION ( 'NONE',  ( 0.000000000000000000, -3.469446951953613006E-15, 1.000000000000000000 ) ) ;
#57 = ORIENTED_EDGE ( 'NONE', *, *, #2727, .F. ) ;
#58 = ORIENTED_EDGE ( 'NONE', *, *, #3133, .T. ) ;
#59 = AXIS2_PLACEMENT_3D ( 'NONE', #4210, #842, #2482 ) ;
#60 = CARTESIAN_POINT ( 'NONE',  ( -19.19854447586999768, 53.41754454168151511, -8.288247424768561800 ) ) ;
#61 = DIRECTION ( 'NONE',  ( 0.000000000000000000, -0.5658434441295098205, 0.8245127025920547803 ) ) ;
#62 = FACE_OUTER_BOUND ( 'NONE', #754, .T. ) ;
#63 = DIRECTION ( 'NONE',  ( 0.000000000000000000, -0.5658434441295098205, 0.8245127025920547803 ) ) ;
#64 = AXIS2_PLACEMENT_3D ( 'NONE', #294, #4289, #539 ) ;
#65 = ORIENTED_EDGE ( 'NONE', *, *, #174, .F. ) ;
#66 = LINE ( 'NONE', #378, #4009 ) ;
#67 = VERTEX_POINT ( 'NONE', #78 ) ;
#68 = CARTESIAN_POINT ( 'NONE',  ( -14.99854447586999839, 90.53000539288620985, 2.637633686712260506 ) ) ;
#69 = AXIS2_PLACEMENT_3D ( 'NONE', #1805, #1512, #1534 ) ;
#70 = ADVANCED_FACE ( 'NONE', ( #1672 ), #366, .F. ) ;
#71 = VERTEX_POINT ( 'NONE', #1023 ) ;
#72 = AXIS2_PLACEMENT_3D ( 'NONE', #3642, #2233, #2032 ) ;
#73 = ORIENTED_EDGE ( 'NONE', *, *, #1280, .F. ) ;
#74 = ADVANCED_FACE ( 'NONE', ( #3046 ), #3089, .F. ) ;
#75 = DIRECTION ( 'NONE',  ( 0.000000000000000000, -0.8245127025920562236, -0.5658434441295079331 ) ) ;
#76 = DIRECTION ( 'NONE',  ( -1.000000000000000000, 0.000000000000000000, 0.000000000000000000 ) ) ;
#77 = DIRECTION ( 'NONE',  ( 0.000000000000000000, 1.000000000000000000, 0.000000000000000000 ) ) ;
#78 = CARTESIAN_POINT ( 'NONE',  ( 16.50145552412999805, 90.53000539288620985, 2.637633686712269832 ) ) ;
#79 = VERTEX_POINT ( 'NONE', #657 ) ;
#80 = VECTOR ( 'NONE', #944, 1000.000000000000000 ) ;
#81 = EDGE_LOOP ( 'NONE', ( #3190, #4162, #2657, #4060, #1681 ) ) ;
#82 = AXIS2_PLACEMENT_3D ( 'NONE', #2509, #1852, #3206 ) ;
#83 = CARTESIAN_POINT ( 'NONE',  ( 7.217595801583042814, 71.68899754190151441, -16.96560898772429837 ) ) ;
#84 = CARTESIAN_POINT ( 'NONE',  ( -18.19854447586996571, 50.15412694961251816, -14.48099363463172651 ) ) ;
#85 = LINE ( 'NONE', #1073, #3908 ) ;
#86 = CARTESIAN_POINT ( 'NONE',  ( 92.13349655500205415, 52.43832144663120687, -6.338141902024656993 ) ) ;
#87 = ORIENTED_EDGE ( 'NONE', *, *, #750, .F. ) ;
#88 = LINE ( 'NONE', #3841, #1520 ) ;
#89 = AXIS2_PLACEMENT_3D ( 'NONE', #2649, #966, #1654 ) ;
#90 = ORIENTED_EDGE ( 'NONE', *, *, #2959, .T. ) ;
#91 = ORIENTED_EDGE ( 'NONE', *, *, #2584, .F. ) ;
#92 = FACE_OUTER_BOUND ( 'NONE', #4078, .T. ) ;
#93 = ORIENTED_EDGE ( 'NONE', *, *, #1351, .F. ) ;
#94 = AXIS2_PLACEMENT_3D ( 'NONE', #216, #4202, #3866 ) ;
#95 = EDGE_CURVE ( 'NONE', #4133, #2059, #4233, .T. ) ;
#96 = ORIENTED_EDGE ( 'NONE', *, *, #2319, .F. ) ;
#98 = EDGE_CURVE ( 'NONE', #2066, #3150, #1361, .T. ) ;
#97 = DIRECTION ( 'NONE',  ( 0.000000000000000000, -0.5658434441295098205, 0.8245127025920547803 ) ) ;
#99 = EDGE_CURVE ( 'NONE', #3041, #4, #2733, .T. ) ;
#100 = CIRCLE ( 'NONE', #821, 28.65000000000000213 ) ;
#101 = AXIS2_PLACEMENT_3D ( 'NONE', #3384, #1689, #1067 ) ;
#102 = CARTESIAN_POINT ( 'NONE',  ( -15.10000000000000142, 0.9576354902146000381, 13.11037676031999766 ) ) ;
#103 = CARTESIAN_POINT ( 'NONE',  ( -19.19854447586999768, 56.68096213375051207, -2.095501214905391318 ) ) ;
#104 = FACE_OUTER_BOUND ( 'NONE', #2765, .T. ) ;
#105 = ORIENTED_EDGE ( 'NONE', *, *, #3377, .F. ) ;
#106 = ORIENTED_EDGE ( 'NONE', *, *, #3757, .F. ) ;
#107 = EDGE_CURVE ( 'NONE', #304, #2211, #4058, .T. ) ;
#108 = LINE ( 'NONE', #4213, #2088 ) ;
#109 = LINE ( 'NONE', #2529, #3059 ) ;
#110 = CARTESIAN_POINT ( 'NONE',  ( -18.19854447587000834, 19.36725363476568518, 26.73292590984120665 ) ) ;
#111 = CARTESIAN_POINT ( 'NONE',  ( 12.23368857116363095, 72.09451999413502676, -10.01420117214968286 ) ) ;
#112 = EDGE_LOOP ( 'NONE', ( #1547, #3076 ) ) ;
#113 = PLANE ( 'NONE',  #4288 ) ;
#114 = ORIENTED_EDGE ( 'NONE', *, *, #850, .F. ) ;
#115 = DIRECTION ( 'NONE',  ( 0.7071067811865411334, -0.4001117364339314975, 0.5830185231772944121 ) ) ;
#116 = VECTOR ( 'NONE', #1733, 1000.000000000000114 ) ;
#117 = ORIENTED_EDGE ( 'NONE', *, *, #2781, .F. ) ;
#118 = ORIENTED_EDGE ( 'NONE', *, *, #866, .T. ) ;
#119 = CARTESIAN_POINT ( 'NONE',  ( 19.19999999999999929, 66.20048388967148867, -11.63346268865053723 ) ) ;
#120 = CARTESIAN_POINT ( 'NONE',  ( -16.92069738514891952, 0.9576354902146000381, 14.11037676031999943 ) ) ;
#121 = DIRECTION ( 'NONE',  ( -0.000000000000000000, 0.7071067811865511255, 0.7071067811865440200 ) ) ;
#122 = CARTESIAN_POINT ( 'NONE',  ( 11.00000000000000000, 7.109894321884000057, 12.11037676031997634 ) ) ;
#123 = EDGE_CURVE ( 'NONE', #3466, #239, #3766, .T. ) ;
#124 = ORIENTED_EDGE ( 'NONE', *, *, #3523, .F. ) ;
#125 = CARTESIAN_POINT ( 'NONE',  ( -7.999999999999998224, 75.31730833206138698, -18.71801655862776670 ) ) ;
#126 = SURFACE_STYLE_USAGE ( .BOTH. , #3166 ) ;
#127 = CARTESIAN_POINT ( 'NONE',  ( -18.19854447587003321, 100.7701300895010519, -1.250350771591330012 ) ) ;
#128 = CARTESIAN_POINT ( 'NONE',  ( -19.19854447586999413, 66.83659659810255960, -16.49009662519565111 ) ) ;
#129 = ADVANCED_FACE ( 'NONE', ( #1761 ), #3699, .T. ) ;
#130 = ORIENTED_EDGE ( 'NONE', *, *, #1753, .T. ) ;
#131 = VECTOR ( 'NONE', #364, 1000.000000000000114 ) ;
#132 = DIRECTION ( 'NONE',  ( -1.000000000000000000, 0.000000000000000000, 0.000000000000000000 ) ) ;
#133 = VERTEX_POINT ( 'NONE', #2004 ) ;
#134 = CIRCLE ( 'NONE', #2596, 7.000000000000002665 ) ;
#135 = CARTESIAN_POINT ( 'NONE',  ( -14.94854447587000124, 70.63697368619270378, -11.01448051323580124 ) ) ;
#136 = VERTEX_POINT ( 'NONE', #2072 ) ;
#137 = AXIS2_PLACEMENT_3D ( 'NONE', #807, #1107, #3220 ) ;
#138 = VERTEX_POINT ( 'NONE', #3431 ) ;
#139 = DIRECTION ( 'NONE',  ( 0.000000000000000000, -0.5658434441295098205, 0.8245127025920547803 ) ) ;
#140 = CIRCLE ( 'NONE', #2324, 6.000000000000000000 ) ;
#141 = LINE ( 'NONE', #1494, #2245 ) ;
#142 = CARTESIAN_POINT ( 'NONE',  ( -19.19854447586999768, 14.60989432188499926, 35.51037676031999979 ) ) ;
#143 = CARTESIAN_POINT ( 'NONE',  ( 92.13349655500205415, 19.36725363476568518, 26.73292590984120665 ) ) ;
#144 = EDGE_CURVE ( 'NONE', #4176, #2512, #323, .T. ) ;
#145 = FACE_BOUND ( 'NONE', #2956, .T. ) ;
#146 = CARTESIAN_POINT ( 'NONE',  ( 13.05145552413000232, 93.72332935876271165, 4.829135922385150437 ) ) ;
#147 = LINE ( 'NONE', #2848, #2907 ) ;
#148 = DIRECTION ( 'NONE',  ( 0.000000000000000000, -0.5658434441295098205, 0.8245127025920547803 ) ) ;
#149 = VERTEX_POINT ( 'NONE', #2350 ) ;
#150 = DIRECTION ( 'NONE',  ( 1.000000000000000000, 0.000000000000000000, 0.000000000000000000 ) ) ;
#151 = EDGE_CURVE ( 'NONE', #1069, #3494, #2008, .T. ) ;
#152 = VECTOR ( 'NONE', #18, 999.9999999999998863 ) ;
#153 = ADVANCED_FACE ( 'NONE', ( #1408 ), #312, .T. ) ;
#154 = ORIENTED_EDGE ( 'NONE', *, *, #2334, .T. ) ;
#155 = DIRECTION ( 'NONE',  ( 1.000000000000000000, 0.000000000000000000, 0.000000000000000000 ) ) ;
#156 = VECTOR ( 'NONE', #1223, 1000.000000000000000 ) ;
#157 = ORIENTED_EDGE ( 'NONE', *, *, #2442, .T. ) ;
#158 = ADVANCED_FACE ( 'NONE', ( #2416 ), #3788, .F. ) ;
#159 = ORIENTED_EDGE ( 'NONE', *, *, #2311, .F. ) ;
#160 = VECTOR ( 'NONE', #2975, 999.9999999999998863 ) ;
#161 = CARTESIAN_POINT ( 'NONE',  ( 18.19999999999996732, 21.69081291106343201, 10.61037676031999943 ) ) ;
#162 = AXIS2_PLACEMENT_3D ( 'NONE', #4196, #1500, #3226 ) ;
#163 = DIRECTION ( 'NONE',  ( -0.7071067811865507924, -0.4001117364339260019, 0.5830185231772863075 ) ) ;
#164 = DIRECTION ( 'NONE',  ( -0.000000000000000000, -0.5658434441295101536, 0.8245127025920546693 ) ) ;
#165 = FACE_BOUND ( 'NONE', #2429, .T. ) ;
#166 = DIRECTION ( 'NONE',  ( 0.000000000000000000, 0.000000000000000000, -1.000000000000000000 ) ) ;
#167 =( LENGTH_UNIT ( ) NAMED_UNIT ( * ) SI_UNIT ( .MILLI., .METRE. ) );
#168 = CARTESIAN_POINT ( 'NONE',  ( 13.67003442609499864, 0.9576354902146000381, 14.11037676031999943 ) ) ;
#169 = CARTESIAN_POINT ( 'NONE',  ( -6.000000000000007994, 82.38224354251852333, -7.805331716113397711 ) ) ;
#170 = ORIENTED_EDGE ( 'NONE', *, *, #279, .F. ) ;
#171 = DIRECTION ( 'NONE',  ( 0.000000000000000000, 0.000000000000000000, -1.000000000000000000 ) ) ;
#172 = ORIENTED_EDGE ( 'NONE', *, *, #4205, .T. ) ;
#173 = LINE ( 'NONE', #2188, #3915 ) ;
#174 = EDGE_CURVE ( 'NONE', #1675, #136, #2425, .T. ) ;
#175 = VECTOR ( 'NONE', #3468, 1000.000000000000227 ) ;
#176 = EDGE_CURVE ( 'NONE', #3990, #2440, #4354, .T. ) ;
#177 = ORIENTED_EDGE ( 'NONE', *, *, #4172, .F. ) ;
#178 = AXIS2_PLACEMENT_3D ( 'NONE', #755, #3148, #3078 ) ;
#179 = EDGE_CURVE ( 'NONE', #1303, #4081, #3213, .T. ) ;
#180 = AXIS2_PLACEMENT_3D ( 'NONE', #853, #3547, #507 ) ;
#181 = VERTEX_POINT ( 'NONE', #3877 ) ;
#182 = ADVANCED_FACE ( 'NONE', ( #4168 ), #1535, .F. ) ;
#183 = LINE ( 'NONE', #3498, #1331 ) ;
#184 = DIRECTION ( 'NONE',  ( 0.7071067811865439090, -0.7071067811865512365, 0.000000000000000000 ) ) ;
#185 = LINE ( 'NONE', #4146, #3356 ) ;
#186 = AXIS2_PLACEMENT_3D ( 'NONE', #1646, #1318, #4036 ) ;
#187 = DIRECTION ( 'NONE',  ( 0.000000000000000000, 0.000000000000000000, 1.000000000000000000 ) ) ;
#188 = CARTESIAN_POINT ( 'NONE',  ( -18.19854447587000834, 65.26807886336607112, -13.40281874861144296 ) ) ;
#189 = DIRECTION ( 'NONE',  ( 1.000000000000000000, 0.000000000000000000, 0.000000000000000000 ) ) ;
#190 = DIRECTION ( 'NONE',  ( -0.000000000000000000, 0.8245127025920547803, 0.5658434441295098205 ) ) ;
#191 = ORIENTED_EDGE ( 'NONE', *, *, #1193, .T. ) ;
#192 = DIRECTION ( 'NONE',  ( -0.000000000000000000, 1.000000000000000000, 0.000000000000000000 ) ) ;
#193 = ORIENTED_EDGE ( 'NONE', *, *, #622, .T. ) ;
#194 = DIRECTION ( 'NONE',  ( 1.000000000000000000, 0.000000000000000000, 0.000000000000000000 ) ) ;
#195 = ORIENTED_EDGE ( 'NONE', *, *, #1849, .T. ) ;
#196 = ORIENTED_EDGE ( 'NONE', *, *, #2575, .F. ) ;
#197 = CIRCLE ( 'NONE', #2037, 2.000000000000000000 ) ;
#198 = ADVANCED_FACE ( 'NONE', ( #165, #434, #104 ), #2866, .T. ) ;
#199 = CARTESIAN_POINT ( 'NONE',  ( -19.19854447586999768, 47.48857397832535554, -11.28788937033044348 ) ) ;
#200 = ORIENTED_EDGE ( 'NONE', *, *, #956, .T. ) ;
#201 = AXIS2_PLACEMENT_3D ( 'NONE', #706, #543, #1497 ) ;
#202 = EDGE_CURVE ( 'NONE', #2538, #2788, #2139, .T. ) ;
#203 = EDGE_CURVE ( 'NONE', #1819, #4, #1446, .T. ) ;
#204 = DIRECTION ( 'NONE',  ( -0.000000000000000000, -0.5658434441295118189, 0.8245127025920535591 ) ) ;
#205 = LINE ( 'NONE', #843, #2822 ) ;
#206 = FACE_OUTER_BOUND ( 'NONE', #3005, .T. ) ;
#207 = VECTOR ( 'NONE', #2446, 1000.000000000000114 ) ;
#208 = VECTOR ( 'NONE', #3872, 1000.000000000000114 ) ;
#209 = DIRECTION ( 'NONE',  ( 0.000000000000000000, 0.000000000000000000, 1.000000000000000000 ) ) ;
#210 = FACE_OUTER_BOUND ( 'NONE', #3319, .T. ) ;
#211 = DIRECTION ( 'NONE',  ( -0.7071067811865505703, -0.4001117364339229487, 0.5830185231772886389 ) ) ;
#212 = ORIENTED_EDGE ( 'NONE', *, *, #2667, .T. ) ;
#213 = EDGE_LOOP ( 'NONE', ( #1714, #992, #3100, #3215 ) ) ;
#214 = CARTESIAN_POINT ( 'NONE',  ( 18.19999999999996732, 46.78146719713878809, -11.99499615151700027 ) ) ;
#215 = ORIENTED_EDGE ( 'NONE', *, *, #2311, .T. ) ;
#216 = CARTESIAN_POINT ( 'NONE',  ( -13.99854447587000195, 70.63697368619180850, -11.01448051323450095 ) ) ;
#217 = VERTEX_POINT ( 'NONE', #1451 ) ;
#218 = VERTEX_POINT ( 'NONE', #4232 ) ;
#219 = VECTOR ( 'NONE', #211, 1000.000000000000114 ) ;
#220 = CARTESIAN_POINT ( 'NONE',  ( -18.19854447586996571, 100.7701300895010519, -1.250350771591330012 ) ) ;
#221 = VECTOR ( 'NONE', #595, 999.9999999999998863 ) ;
#222 = DIRECTION ( 'NONE',  ( 0.000000000000000000, 0.7071067811865439090, -0.7071067811865512365 ) ) ;
#223 = DIRECTION ( 'NONE',  ( 1.000000000000000000, -0.000000000000000000, -0.000000000000000000 ) ) ;
#224 = FACE_OUTER_BOUND ( 'NONE', #3487, .T. ) ;
#225 = EDGE_CURVE ( 'NONE', #1077, #3303, #865, .T. ) ;
#226 = EDGE_CURVE ( 'NONE', #2901, #1549, #3857, .T. ) ;
#227 = CIRCLE ( 'NONE', #3271, 3.000000000000002665 ) ;
#228 = CONICAL_SURFACE ( 'NONE', #2921, 1.650000000000000355, 0.7853981633974548293 ) ;
#229 = CARTESIAN_POINT ( 'NONE',  ( 15.10000000000000142, 0.9576354902146000381, 38.51037676031999979 ) ) ;
#230 = CARTESIAN_POINT ( 'NONE',  ( -10.12556112966256983, 94.54784206135371960, 5.394979366515982200 ) ) ;
#231 = LINE ( 'NONE', #2330, #3950 ) ;
#232 = VERTEX_POINT ( 'NONE', #808 ) ;
#233 = FACE_OUTER_BOUND ( 'NONE', #710, .T. ) ;
#234 = EDGE_CURVE ( 'NONE', #1840, #528, #1176, .T. ) ;
#235 = EDGE_LOOP ( 'NONE', ( #2149, #2899, #4307, #268 ) ) ;
#236 = LINE ( 'NONE', #2315, #3911 ) ;
#237 = LINE ( 'NONE', #2581, #391 ) ;
#238 = DIRECTION ( 'NONE',  ( 0.000000000000000000, 0.5658434441295098205, -0.8245127025920547803 ) ) ;
#239 = VERTEX_POINT ( 'NONE', #3501 ) ;
#240 = DIRECTION ( 'NONE',  ( 0.000000000000000000, -0.5658434441295098205, 0.8245127025920547803 ) ) ;
#241 = ORIENTED_EDGE ( 'NONE', *, *, #935, .F. ) ;
#242 = VECTOR ( 'NONE', #2640, 999.9999999999998863 ) ;
#243 = CARTESIAN_POINT ( 'NONE',  ( 5.999999999999999112, 75.31730833206138698, -18.71801655862776670 ) ) ;
#244 = FACE_OUTER_BOUND ( 'NONE', #2451, .T. ) ;
#245 = VECTOR ( 'NONE', #443, 1000.000000000000000 ) ;
#246 = ORIENTED_EDGE ( 'NONE', *, *, #2939, .T. ) ;
#247 = FACE_OUTER_BOUND ( 'NONE', #2880, .T. ) ;
#248 = CARTESIAN_POINT ( 'NONE',  ( -5.999999999999984901, 97.00228643487503177, -25.57422376832453281 ) ) ;
#249 = DIRECTION ( 'NONE',  ( -1.000000000000000000, 0.000000000000000000, 0.000000000000000000 ) ) ;
#250 = CIRCLE ( 'NONE', #3873, 6.000000000000001776 ) ;
#251 = PLANE ( 'NONE',  #3507 ) ;
#252 = EDGE_CURVE ( 'NONE', #3164, #3466, #3717, .T. ) ;
#253 = DIRECTION ( 'NONE',  ( 0.000000000000000000, -0.8245127025920558905, -0.5658434441295083772 ) ) ;
#254 = DIRECTION ( 'NONE',  ( 0.000000000000000000, 0.5658434441295098205, -0.8245127025920547803 ) ) ;
#255 = ORIENTED_EDGE ( 'NONE', *, *, #1997, .T. ) ;
#256 = DIRECTION ( 'NONE',  ( 0.000000000000000000, -0.9831302596112156955, 0.1829067867433671613 ) ) ;
#257 = EDGE_CURVE ( 'NONE', #1723, #1676, #2159, .T. ) ;
#258 = ORIENTED_EDGE ( 'NONE', *, *, #2098, .T. ) ;
#259 = CARTESIAN_POINT ( 'NONE',  ( -18.19854447586996571, 46.78146719713878809, -11.99499615151700027 ) ) ;
#260 = ADVANCED_FACE ( 'NONE', ( #2461 ), #3202, .F. ) ;
#261 = DIRECTION ( 'NONE',  ( 0.000000000000000000, 0.000000000000000000, 1.000000000000000000 ) ) ;
#262 = DIRECTION ( 'NONE',  ( 0.000000000000000000, -0.5658434441295098205, 0.8245127025920547803 ) ) ;
#263 = VERTEX_POINT ( 'NONE', #1826 ) ;
#264 = DIRECTION ( 'NONE',  ( 1.000000000000000000, -0.000000000000000000, -0.000000000000000000 ) ) ;
#265 = DIRECTION ( 'NONE',  ( 0.000000000000000000, -0.8245127025920547803, -0.5658434441295098205 ) ) ;
#266 = CARTESIAN_POINT ( 'NONE',  ( -18.19854447586996926, 71.29485304233206477, -21.47853188827884807 ) ) ;
#267 = CIRCLE ( 'NONE', #3467, 1.999999999999965361 ) ;
#268 = ORIENTED_EDGE ( 'NONE', *, *, #1508, .F. ) ;
#269 = VECTOR ( 'NONE', #4313, 999.9999999999998863 ) ;
#270 = CARTESIAN_POINT ( 'NONE',  ( -14.62354447587000017, 72.63280116486399152, -9.644791615938098417 ) ) ;
#271 = DIRECTION ( 'NONE',  ( 0.000000000000000000, -0.8245127025920553354, -0.5658434441295091544 ) ) ;
#272 = FACE_OUTER_BOUND ( 'NONE', #2097, .T. ) ;
#273 = VECTOR ( 'NONE', #184, 999.9999999999998863 ) ;
#274 = LINE ( 'NONE', #2929, #947 ) ;
#275 = CARTESIAN_POINT ( 'NONE',  ( 10.12847217792258014, 69.81246098359982000, -11.58032395736408127 ) ) ;
#276 = FACE_OUTER_BOUND ( 'NONE', #3737, .T. ) ;
#277 = ORIENTED_EDGE ( 'NONE', *, *, #2285, .T. ) ;
#278 = DIRECTION ( 'NONE',  ( 0.000000000000000000, 0.000000000000000000, 1.000000000000000000 ) ) ;
#279 = EDGE_CURVE ( 'NONE', #570, #2983, #185, .T. ) ;
#280 = VERTEX_POINT ( 'NONE', #844 ) ;
#281 = CARTESIAN_POINT ( 'NONE',  ( -9.828427124746211163, 72.48809111141385131, -14.59545304566752222 ) ) ;
#282 = CARTESIAN_POINT ( 'NONE',  ( 19.19999999999999929, 21.69081291106343201, 10.61037676031999943 ) ) ;
#283 = CARTESIAN_POINT ( 'NONE',  ( 18.20000000000000995, 0.9576354902145999271, 38.51037676031999979 ) ) ;
#284 = ORIENTED_EDGE ( 'NONE', *, *, #2495, .T. ) ;
#285 = ADVANCED_FACE ( 'NONE', ( #3894 ), #1086, .F. ) ;
#286 = ORIENTED_EDGE ( 'NONE', *, *, #3080, .T. ) ;
#287 = DIRECTION ( 'NONE',  ( 1.000000000000000000, 0.000000000000000000, 0.000000000000000000 ) ) ;
#288 = EDGE_CURVE ( 'NONE', #4067, #2736, #1649, .T. ) ;
#289 = CARTESIAN_POINT ( 'NONE',  ( 5.999999999999991118, 72.48809111141385131, -14.59545304566752222 ) ) ;
#290 = VECTOR ( 'NONE', #352, 1000.000000000000114 ) ;
#291 = EDGE_CURVE ( 'NONE', #2918, #1657, #2905, .T. ) ;
#292 = VECTOR ( 'NONE', #3054, 1000.000000000000000 ) ;
#293 = ORIENTED_EDGE ( 'NONE', *, *, #1341, .T. ) ;
#294 = CARTESIAN_POINT ( 'NONE',  ( -13.99854447587000195, 93.72332935876170268, 4.829135922386499580 ) ) ;
#295 = LINE ( 'NONE', #317, #560 ) ;
#296 = CARTESIAN_POINT ( 'NONE',  ( -16.49854447586999484, 92.79337916940426112, -0.6604171236559872593 ) ) ;
#297 = CARTESIAN_POINT ( 'NONE',  ( 0.001455524129998500170, 84.44352529899481397, -6.390723105792259773 ) ) ;
#298 = CARTESIAN_POINT ( 'NONE',  ( 18.20000000000000995, 14.60989432188499926, 38.51037676031999979 ) ) ;
#299 = DIRECTION ( 'NONE',  ( 0.7071067811865424657, 0.5000000000000059952, 0.5000000000000012212 ) ) ;
#300 = CARTESIAN_POINT ( 'NONE',  ( 19.19999999999999929, 14.60989432188499926, 37.51037676031999979 ) ) ;
#301 = DIRECTION ( 'NONE',  ( 1.000000000000000000, 0.000000000000000000, 0.000000000000000000 ) ) ;
#302 = EDGE_LOOP ( 'NONE', ( #3947, #2690, #1793, #1149 ) ) ;
#303 = CIRCLE ( 'NONE', #1571, 1.500000000000003997 ) ;
#304 = VERTEX_POINT ( 'NONE', #3243 ) ;
#305 = DIRECTION ( 'NONE',  ( 0.000000000000000000, -0.000000000000000000, 1.000000000000000000 ) ) ;
#306 = LINE ( 'NONE', #4020, #2019 ) ;
#307 = DIRECTION ( 'NONE',  ( -1.000000000000000000, 0.000000000000000000, 0.000000000000000000 ) ) ;
#308 = ORIENTED_EDGE ( 'NONE', *, *, #2022, .F. ) ;
#309 = ORIENTED_EDGE ( 'NONE', *, *, #1253, .F. ) ;
#310 = DIRECTION ( 'NONE',  ( 0.000000000000000000, 0.000000000000000000, -1.000000000000000000 ) ) ;
#311 = AXIS2_PLACEMENT_3D ( 'NONE', #1669, #3360, #320 ) ;
#312 = CONICAL_SURFACE ( 'NONE', #101, 4.999999999999984013, 0.7853981633974418397 ) ;
#313 = CARTESIAN_POINT ( 'NONE',  ( 14.00145552413000161, 96.55254657941769381, 0.7065724094256120580 ) ) ;
#314 = EDGE_CURVE ( 'NONE', #1863, #362, #1080, .T. ) ;
#315 = ORIENTED_EDGE ( 'NONE', *, *, #2413, .F. ) ;
#316 = EDGE_CURVE ( 'NONE', #2496, #353, #2216, .T. ) ;
#317 = CARTESIAN_POINT ( 'NONE',  ( -10.12556112966257515, 68.57569192971170935, -12.42908912355829898 ) ) ;
#318 = VECTOR ( 'NONE', #3824, 1000.000000000000000 ) ;
#319 = VECTOR ( 'NONE', #624, 1000.000000000000114 ) ;
#320 = DIRECTION ( 'NONE',  ( 0.000000000000000000, 0.8245127025920544472, 0.5658434441295103756 ) ) ;
#321 = DIRECTION ( 'NONE',  ( 0.000000000000000000, 0.5658434441295098205, -0.8245127025920547803 ) ) ;
#322 = DIRECTION ( 'NONE',  ( -0.000000000000000000, -0.5658434441295101536, 0.8245127025920546693 ) ) ;
#323 = LINE ( 'NONE', #3363, #2638 ) ;
#324 = CONICAL_SURFACE ( 'NONE', #3805, 4.999999999999984013, 0.7853981633974421728 ) ;
#325 = ORIENTED_EDGE ( 'NONE', *, *, #98, .F. ) ;
#326 = ORIENTED_EDGE ( 'NONE', *, *, #1018, .F. ) ;
#327 = ORIENTED_EDGE ( 'NONE', *, *, #2906, .F. ) ;
#328 = CYLINDRICAL_SURFACE ( 'NONE', #89, 1.500000000000003775 ) ;
#329 = LINE ( 'NONE', #1678, #4128 ) ;
#330 = CARTESIAN_POINT ( 'NONE',  ( 16.92069738514889821, 0.9576354902146000381, 14.11037676031999943 ) ) ;
#331 = ORIENTED_EDGE ( 'NONE', *, *, #1639, .T. ) ;
#332 = EDGE_LOOP ( 'NONE', ( #579, #124, #2132, #557 ) ) ;
#333 = DIRECTION ( 'NONE',  ( 0.000000000000000000, 0.000000000000000000, 1.000000000000000000 ) ) ;
#334 = AXIS2_PLACEMENT_3D ( 'NONE', #3362, #322, #1293 ) ;
#335 = DIRECTION ( 'NONE',  ( 0.000000000000000000, 0.000000000000000000, 1.000000000000000000 ) ) ;
#336 = ADVANCED_FACE ( 'NONE', ( #272 ), #2924, .F. ) ;
#337 = ORIENTED_EDGE ( 'NONE', *, *, #3523, .T. ) ;
#338 = CIRCLE ( 'NONE', #4384, 1.500000000000003997 ) ;
#339 = ADVANCED_FACE ( 'NONE', ( #1240 ), #2351, .T. ) ;
#340 = ADVANCED_FACE ( 'NONE', ( #541 ), #864, .F. ) ;
#341 = VECTOR ( 'NONE', #222, 1000.000000000000000 ) ;
#342 = DIRECTION ( 'NONE',  ( 1.000000000000000000, 0.000000000000000000, 0.000000000000000000 ) ) ;
#343 = CYLINDRICAL_SURFACE ( 'NONE', #2604, 2.000000000000010214 ) ;
#344 = CARTESIAN_POINT ( 'NONE',  ( 18.20000000000000995, 14.60989432188499926, 38.51037676031999979 ) ) ;
#345 = ORIENTED_EDGE ( 'NONE', *, *, #44, .T. ) ;
#346 = ORIENTED_EDGE ( 'NONE', *, *, #4247, .T. ) ;
#347 = EDGE_CURVE ( 'NONE', #2431, #2361, #2786, .T. ) ;
#348 = ORIENTED_EDGE ( 'NONE', *, *, #1881, .F. ) ;
#349 = FACE_OUTER_BOUND ( 'NONE', #2965, .T. ) ;
#350 = CARTESIAN_POINT ( 'NONE',  ( 18.20000000000000639, 19.36725363476568518, 26.73292590984120665 ) ) ;
#351 = CARTESIAN_POINT ( 'NONE',  ( 15.10000000000000142, 0.9576354902146000381, 10.61037676031999943 ) ) ;
#352 = DIRECTION ( 'NONE',  ( 0.000000000000000000, -0.5658434441295098205, 0.8245127025920547803 ) ) ;
#353 = VERTEX_POINT ( 'NONE', #1931 ) ;
#354 = DIRECTION ( 'NONE',  ( 0.000000000000000000, 0.5658434441295098205, -0.8245127025920547803 ) ) ;
#355 = VERTEX_POINT ( 'NONE', #4250 ) ;
#356 = VECTOR ( 'NONE', #943, 1000.000000000000000 ) ;
#357 = AXIS2_PLACEMENT_3D ( 'NONE', #3890, #2564, #1170 ) ;
#358 = ORIENTED_EDGE ( 'NONE', *, *, #1849, .F. ) ;
#359 = CARTESIAN_POINT ( 'NONE',  ( 15.10000000000000142, 0.9576354902146000381, 10.61037676031999943 ) ) ;
#360 = EDGE_LOOP ( 'NONE', ( #3597, #25, #1245, #639 ) ) ;
#361 = B_SPLINE_CURVE_WITH_KNOTS ( 'NONE', 3,
 ( #1157, #1137, #2487, #868 ),
 .UNSPECIFIED., .F., .F.,
 ( 4, 4 ),
 ( 1.742215182060727358E-15, 0.002077243117281925375 ),
 .UNSPECIFIED. ) ;
#362 = VERTEX_POINT ( 'NONE', #934 ) ;
#363 = ADVANCED_FACE ( 'NONE', ( #206 ), #1857, .F. ) ;
#364 = DIRECTION ( 'NONE',  ( -0.7071067811865517916, 0.4999999999999999445, 0.4999999999999938383 ) ) ;
#365 = DIRECTION ( 'NONE',  ( 0.7071067811865432429, -0.4001117364339288329, 0.5830185231772934129 ) ) ;
#366 = PLANE ( 'NONE',  #51 ) ;
#367 = EDGE_CURVE ( 'NONE', #1286, #570, #1555, .T. ) ;
#368 = ORIENTED_EDGE ( 'NONE', *, *, #903, .F. ) ;
#369 = VERTEX_POINT ( 'NONE', #2928 ) ;
#370 = EDGE_LOOP ( 'NONE', ( #4192, #1191, #834, #1121 ) ) ;
#371 = VECTOR ( 'NONE', #20, 1000.000000000000000 ) ;
#372 = CARTESIAN_POINT ( 'NONE',  ( 8.023697680391485676, 71.39932919797961119, -16.54352186878661257 ) ) ;
#373 = LINE ( 'NONE', #4397, #152 ) ;
#374 = LINE ( 'NONE', #1721, #4055 ) ;
#375 = CARTESIAN_POINT ( 'NONE',  ( 10.12847217792256593, 95.78461111524190130, 6.243744532710270967 ) ) ;
#376 = EDGE_CURVE ( 'NONE', #79, #891, #4005, .T. ) ;
#377 = EDGE_LOOP ( 'NONE', ( #2701, #4027, #49, #4002 ) ) ;
#378 = CARTESIAN_POINT ( 'NONE',  ( -19.19854447586999768, 98.71692064424117063, 7.043281181533592061 ) ) ;
#379 = ORIENTED_EDGE ( 'NONE', *, *, #3852, .F. ) ;
#380 = VECTOR ( 'NONE', #504, 1000.000000000000000 ) ;
#381 = ORIENTED_EDGE ( 'NONE', *, *, #608, .T. ) ;
#382 = DIRECTION ( 'NONE',  ( -5.684341886080804564E-16, 0.5658434441295102646, -0.8245127025920545583 ) ) ;
#383 = ORIENTED_EDGE ( 'NONE', *, *, #3434, .F. ) ;
#384 = ORIENTED_EDGE ( 'NONE', *, *, #3295, .F. ) ;
#385 = DIRECTION ( 'NONE',  ( -0.000000000000000000, 0.5658434441295098205, -0.8245127025920547803 ) ) ;
#386 = AXIS2_PLACEMENT_3D ( 'NONE', #811, #2162, #2465 ) ;
#387 = CIRCLE ( 'NONE', #4157, 3.828427124746228039 ) ;
#388 = CARTESIAN_POINT ( 'NONE',  ( 19.19999999999999929, 0.9576354902146000381, 14.11037676031999943 ) ) ;
#389 = DIRECTION ( 'NONE',  ( -0.000000000000000000, -0.5658434441295097095, 0.8245127025920548913 ) ) ;
#390 = DIRECTION ( 'NONE',  ( 7.930164461610889072E-17, 0.8245127025920548913, 0.5658434441295099315 ) ) ;
#391 = VECTOR ( 'NONE', #3011, 1000.000000000000114 ) ;
#392 = EDGE_LOOP ( 'NONE', ( #2339, #3843, #47, #1630, #2171, #58, #427, #1321, #4137, #2477, #1510, #4116, #3744, #4279, #1561, #2555, #1011, #3128, #2358, #1854, #3450, #3514, #3048, #3444, #703 ) ) ;
#393 = ORIENTED_EDGE ( 'NONE', *, *, #2838, .T. ) ;
#394 = EDGE_CURVE ( 'NONE', #3466, #1103, #3334, .T. ) ;
#395 = VECTOR ( 'NONE', #132, 1000.000000000000000 ) ;
#396 = FACE_OUTER_BOUND ( 'NONE', #3307, .T. ) ;
#397 = DIRECTION ( 'NONE',  ( 0.7071067811865517916, -0.000000000000000000, -0.7071067811865432429 ) ) ;
#398 = LINE ( 'NONE', #4131, #207 ) ;
#399 = CARTESIAN_POINT ( 'NONE',  ( 19.19999999999999929, 51.73121466544465363, -7.045248683211201346 ) ) ;
#400 = ORIENTED_EDGE ( 'NONE', *, *, #450, .T. ) ;
#401 = DIRECTION ( 'NONE',  ( 0.000000000000000000, -0.000000000000000000, 1.000000000000000000 ) ) ;
#402 = ORIENTED_EDGE ( 'NONE', *, *, #3846, .F. ) ;
#403 = ADVANCED_FACE ( 'NONE', ( #3938 ), #4315, .T. ) ;
#404 = ORIENTED_EDGE ( 'NONE', *, *, #502, .T. ) ;
#405 = DIRECTION ( 'NONE',  ( -1.000000000000000000, 0.000000000000000000, 0.000000000000000000 ) ) ;
#406 = ORIENTED_EDGE ( 'NONE', *, *, #151, .T. ) ;
#407 = AXIS2_PLACEMENT_3D ( 'NONE', #3721, #33, #1044 ) ;
#408 = VERTEX_POINT ( 'NONE', #2568 ) ;
#409 = DIRECTION ( 'NONE',  ( 0.000000000000000000, 0.000000000000000000, -1.000000000000000000 ) ) ;
#410 = CARTESIAN_POINT ( 'NONE',  ( 92.13349655500205415, 66.60336886959578351, -22.48556198050007282 ) ) ;
#411 = DIRECTION ( 'NONE',  ( 0.7071067811865464625, 8.659560562354920532E-17, -0.7071067811865486830 ) ) ;
#412 = DIRECTION ( 'NONE',  ( -1.000000000000000000, 0.000000000000000000, 0.000000000000000000 ) ) ;
#413 = VERTEX_POINT ( 'NONE', #296 ) ;
#414 = ORIENTED_EDGE ( 'NONE', *, *, #2453, .T. ) ;
#415 = CIRCLE ( 'NONE', #2883, 6.000000000000000000 ) ;
#416 = DIRECTION ( 'NONE',  ( 0.000000000000000000, -0.8245127025920553354, -0.5658434441295089323 ) ) ;
#417 = CARTESIAN_POINT ( 'NONE',  ( 19.19999999999999929, 64.80187635021334813, -14.28749677859189404 ) ) ;
#418 = CARTESIAN_POINT ( 'NONE',  ( -16.92069738514889821, 0.9576354902146000381, 34.51037676031999979 ) ) ;
#419 = CARTESIAN_POINT ( 'NONE',  ( -19.19854447586999768, 53.41754454168151511, -8.288247424768561800 ) ) ;
#420 = ORIENTED_EDGE ( 'NONE', *, *, #2824, .T. ) ;
#421 = CYLINDRICAL_SURFACE ( 'NONE', #2572, 2.500000000000000444 ) ;
#422 = EDGE_CURVE ( 'NONE', #3790, #1589, #607, .T. ) ;
#423 = ORIENTED_EDGE ( 'NONE', *, *, #3216, .F. ) ;
#424 = EDGE_LOOP ( 'NONE', ( #506, #1089, #2744, #799 ) ) ;
#425 = LINE ( 'NONE', #1727, #2775 ) ;
#426 = EDGE_CURVE ( 'NONE', #3084, #446, #2238, .T. ) ;
#427 = ORIENTED_EDGE ( 'NONE', *, *, #252, .T. ) ;
#428 = AXIS2_PLACEMENT_3D ( 'NONE', #2974, #3984, #3601 ) ;
#429 = ORIENTED_EDGE ( 'NONE', *, *, #2629, .T. ) ;
#430 = ADVANCED_FACE ( 'NONE', ( #224 ), #2068, .F. ) ;
#431 = DIRECTION ( 'NONE',  ( 0.000000000000000000, -0.5658434441295098205, 0.8245127025920547803 ) ) ;
#432 = LINE ( 'NONE', #2137, #2386 ) ;
#433 = CARTESIAN_POINT ( 'NONE',  ( -18.19854447586996926, -2.390105678115999943, 10.61037676031999943 ) ) ;
#434 = FACE_BOUND ( 'NONE', #1447, .T. ) ;
#435 = VERTEX_POINT ( 'NONE', #3310 ) ;
#436 = ORIENTED_EDGE ( 'NONE', *, *, #4147, .T. ) ;
#437 = AXIS2_PLACEMENT_3D ( 'NONE', #2163, #3526, #483 ) ;
#438 = CARTESIAN_POINT ( 'NONE',  ( 11.58084093275036430, 70.12165324707177660, -11.36813266581543758 ) ) ;
#439 = CARTESIAN_POINT ( 'NONE',  ( 18.19999999999997087, 67.66656464904821178, -22.52692102803093732 ) ) ;
#440 = LINE ( 'NONE', #1791, #3127 ) ;
#441 = DIRECTION ( 'NONE',  ( -5.782411586589341467E-15, -0.8245127025920558905, -0.5658434441295083772 ) ) ;
#442 = ORIENTED_EDGE ( 'NONE', *, *, #4118, .F. ) ;
#443 = DIRECTION ( 'NONE',  ( 0.7071067811865524577, -0.7071067811865426878, 0.000000000000000000 ) ) ;
#444 = AXIS2_PLACEMENT_3D ( 'NONE', #1627, #3970, #2938 ) ;
#445 = VERTEX_POINT ( 'NONE', #1265 ) ;
#446 = VERTEX_POINT ( 'NONE', #3000 ) ;
#447 = CARTESIAN_POINT ( 'NONE',  ( -9.414213562373079824, 71.07344573496813211, -16.06866427768907357 ) ) ;
#448 = ORIENTED_EDGE ( 'NONE', *, *, #4358, .T. ) ;
#449 = CONICAL_SURFACE ( 'NONE', #2557, 3.414213562373087374, 0.7853981633974541632 ) ;
#450 = EDGE_CURVE ( 'NONE', #1237, #138, #1285, .T. ) ;
#451 = VERTEX_POINT ( 'NONE', #1643 ) ;
#452 = FACE_OUTER_BOUND ( 'NONE', #3704, .T. ) ;
#453 = AXIS2_PLACEMENT_3D ( 'NONE', #3914, #3581, #586 ) ;
#454 = EDGE_CURVE ( 'NONE', #1431, #1375, #4207, .T. ) ;
#455 = DIRECTION ( 'NONE',  ( -0.7071067811865447972, -0.4001117364339282778, 0.5830185231772919696 ) ) ;
#456 = DIRECTION ( 'NONE',  ( 0.000000000000000000, -0.8245127025920544472, -0.5658434441295104866 ) ) ;
#457 = CARTESIAN_POINT ( 'NONE',  ( 18.20000000000000639, 52.43832144663120687, -6.338141902024653440 ) ) ;
#458 = B_SPLINE_CURVE_WITH_KNOTS ( 'NONE', 3,
 ( #1274, #2622, #642, #918, #3010, #1986, #1963, #1324, #1607, #2672, #3994, #942 ),
 .UNSPECIFIED., .F., .F.,
 ( 4, 2, 2, 2, 2, 4 ),
 ( 0.000000000000000000, 0.0004764434269521302312, 0.0009528868539042604623, 0.001905773707808518323, 0.002858660561712775966, 0.003811547415617034043 ),
 .UNSPECIFIED. ) ;
#459 = EDGE_LOOP ( 'NONE', ( #538, #2779, #4327, #1752 ) ) ;
#460 = CARTESIAN_POINT ( 'NONE',  ( 92.13349655500205415, 25.93345359818274076, 8.853017447439263776 ) ) ;
#461 = DIRECTION ( 'NONE',  ( 0.000000000000000000, 0.000000000000000000, 1.000000000000000000 ) ) ;
#462 = CARTESIAN_POINT ( 'NONE',  ( 0.0007277620649981388860, 17.60989432188499748, 30.97556659696046566 ) ) ;
#463 = DIRECTION ( 'NONE',  ( 0.000000000000000000, 0.5658434441295098205, -0.8245127025920548913 ) ) ;
#464 = EDGE_LOOP ( 'NONE', ( #3197, #2676, #4113, #1465 ) ) ;
#465 = LINE ( 'NONE', #1184, #2576 ) ;
#466 = VECTOR ( 'NONE', #4068, 1000.000000000000000 ) ;
#467 = ORIENTED_EDGE ( 'NONE', *, *, #3259, .F. ) ;
#468 = CARTESIAN_POINT ( 'NONE',  ( -16.31923971453400668, 0.9576354902146000381, 34.85361734158309588 ) ) ;
#469 = VERTEX_POINT ( 'NONE', #3322 ) ;
#470 = AXIS2_PLACEMENT_3D ( 'NONE', #2656, #4052, #4309 ) ;
#471 = ORIENTED_EDGE ( 'NONE', *, *, #1997, .F. ) ;
#472 = CARTESIAN_POINT ( 'NONE',  ( 18.19999999999996732, 25.93345359818274076, 8.853017447439263776 ) ) ;
#473 = ADVANCED_FACE ( 'NONE', ( #3660 ), #4045, .T. ) ;
#474 = AXIS2_PLACEMENT_3D ( 'NONE', #636, #1892, #2755 ) ;
#475 = DIRECTION ( 'NONE',  ( 1.000000000000000000, 0.000000000000000000, 0.000000000000000000 ) ) ;
#476 = CARTESIAN_POINT ( 'NONE',  ( 92.13349655500205415, 46.78146719713878809, -11.99499615151700027 ) ) ;
#477 = DIRECTION ( 'NONE',  ( 1.000000000000000000, -0.000000000000000000, -0.000000000000000000 ) ) ;
#478 = ADVANCED_FACE ( 'NONE', ( #3012 ), #3301, .T. ) ;
#479 = ADVANCED_FACE ( 'NONE', ( #1326 ), #3991, .F. ) ;
#480 = ORIENTED_EDGE ( 'NONE', *, *, #3288, .F. ) ;
#481 = DIRECTION ( 'NONE',  ( -1.000000000000000000, 0.000000000000000000, 0.000000000000000000 ) ) ;
#482 = CYLINDRICAL_SURFACE ( 'NONE', #1135, 1.500000000000003775 ) ;
#483 = DIRECTION ( 'NONE',  ( 1.000000000000000000, 0.000000000000000000, 0.000000000000000000 ) ) ;
#484 = CARTESIAN_POINT ( 'NONE',  ( -18.19854447586996571, 66.60336886959578351, -22.48556198050007282 ) ) ;
#485 = VERTEX_POINT ( 'NONE', #1509 ) ;
#486 = VECTOR ( 'NONE', #3697, 999.9999999999998863 ) ;
#487 = DIRECTION ( 'NONE',  ( 0.000000000000000000, 0.000000000000000000, 1.000000000000000000 ) ) ;
#488 = EDGE_CURVE ( 'NONE', #4067, #4305, #2338, .T. ) ;
#489 = VERTEX_POINT ( 'NONE', #2858 ) ;
#490 = CONICAL_SURFACE ( 'NONE', #2526, 7.000000000000002665, 0.7853981633974548293 ) ;
#491 = LINE ( 'NONE', #135, #1438 ) ;
#492 = ORIENTED_EDGE ( 'NONE', *, *, #3289, .F. ) ;
#493 = CIRCLE ( 'NONE', #3326, 2.000000000000001776 ) ;
#494 = EDGE_LOOP ( 'NONE', ( #665, #2747, #997, #592 ) ) ;
#495 = CYLINDRICAL_SURFACE ( 'NONE', #3474, 2.000000000000010214 ) ;
#496 = VECTOR ( 'NONE', #1548, 1000.000000000000000 ) ;
#497 = CARTESIAN_POINT ( 'NONE',  ( -13.99854447587000195, 70.63697368619270378, -11.01448051323580124 ) ) ;
#498 = CARTESIAN_POINT ( 'NONE',  ( 14.14999999999998614, 7.109894321884000057, 38.51037676031999979 ) ) ;
#499 = DIRECTION ( 'NONE',  ( 0.000000000000000000, 0.5658434441295099315, -0.8245127025920548913 ) ) ;
#500 = ADVANCED_FACE ( 'NONE', ( #897 ), #644, .T. ) ;
#501 = CYLINDRICAL_SURFACE ( 'NONE', #2291, 6.000000000000000000 ) ;
#502 = EDGE_CURVE ( 'NONE', #1859, #4281, #2191, .T. ) ;
#503 = DIRECTION ( 'NONE',  ( -1.000000000000000000, 0.000000000000000000, 0.000000000000000000 ) ) ;
#504 = DIRECTION ( 'NONE',  ( -1.000000000000000000, 0.000000000000000000, 0.000000000000000000 ) ) ;
#505 = VECTOR ( 'NONE', #4132, 1000.000000000000114 ) ;
#506 = ORIENTED_EDGE ( 'NONE', *, *, #1150, .F. ) ;
#507 = DIRECTION ( 'NONE',  ( 0.000000000000000000, 0.000000000000000000, 1.000000000000000000 ) ) ;
#508 = AXIS2_PLACEMENT_3D ( 'NONE', #4255, #2488, #503 ) ;
#509 = ORIENTED_EDGE ( 'NONE', *, *, #1478, .F. ) ;
#510 = CARTESIAN_POINT ( 'NONE',  ( 92.13349655500205415, 65.26807886336607112, -13.40281874861144296 ) ) ;
#511 = ADVANCED_FACE ( 'NONE', ( #2518 ), #3887, .F. ) ;
#512 = VECTOR ( 'NONE', #544, 1000.000000000000000 ) ;
#513 = ORIENTED_EDGE ( 'NONE', *, *, #3235, .T. ) ;
#514 = ORIENTED_EDGE ( 'NONE', *, *, #1828, .T. ) ;
#515 = PRODUCT_CONTEXT ( 'NONE', #3691, 'mechanical' ) ;
#516 = DIRECTION ( 'NONE',  ( -1.000000000000000000, 0.000000000000000000, 0.000000000000000000 ) ) ;
#517 = DIRECTION ( 'NONE',  ( 0.7071067811865521247, 0.000000000000000000, 0.7071067811865430208 ) ) ;
#518 = DIRECTION ( 'NONE',  ( 0.000000000000000000, 0.000000000000000000, 1.000000000000000000 ) ) ;
#519 = AXIS2_PLACEMENT_3D ( 'NONE', #122, #3538, #4212 ) ;
#520 = AXIS2_PLACEMENT_3D ( 'NONE', #4124, #2025, #56 ) ;
#521 = CARTESIAN_POINT ( 'NONE',  ( 9.828427124746228927, 82.38224354251850912, -7.805331716113409257 ) ) ;
#522 = DIRECTION ( 'NONE',  ( 0.000000000000000000, 0.8245127025920538921, 0.5658434441295114858 ) ) ;
#523 = CARTESIAN_POINT ( 'NONE',  ( 7.999999999999989342, 83.41684704412472229, -9.312893106230502482 ) ) ;
#524 = CYLINDRICAL_SURFACE ( 'NONE', #162, 2.999999999999996447 ) ;
#525 = VERTEX_POINT ( 'NONE', #2675 ) ;
#526 = LINE ( 'NONE', #214, #1309 ) ;
#527 = EDGE_CURVE ( 'NONE', #2292, #1352, #1609, .T. ) ;
#528 = VERTEX_POINT ( 'NONE', #2963 ) ;
#529 = DIRECTION ( 'NONE',  ( 1.000000000000000000, 0.000000000000000000, 0.000000000000000000 ) ) ;
#530 = CONICAL_SURFACE ( 'NONE', #1083, 4.999999999999984013, 0.7853981633974421728 ) ;
#531 = ADVANCED_FACE ( 'NONE', ( #1921, #3275 ), #4326, .T. ) ;
#532 = ORIENTED_EDGE ( 'NONE', *, *, #3428, .T. ) ;
#533 = EDGE_LOOP ( 'NONE', ( #1466, #1164, #2719, #114 ) ) ;
#534 = CONICAL_SURFACE ( 'NONE', #1307, 3.414213562373095368, 0.7853981633974539411 ) ;
#535 = ADVANCED_FACE ( 'NONE', ( #1587 ), #2988, .F. ) ;
#536 = CARTESIAN_POINT ( 'NONE',  ( -11.00000000000000000, 7.109894321884000057, 12.11037676031997634 ) ) ;
#537 = CIRCLE ( 'NONE', #3582, 1.500000000000003775 ) ;
#538 = ORIENTED_EDGE ( 'NONE', *, *, #2584, .T. ) ;
#539 = DIRECTION ( 'NONE',  ( 1.000000000000000000, 0.000000000000000000, 0.000000000000000000 ) ) ;
#540 = DIRECTION ( 'NONE',  ( -0.000000000000000000, -0.000000000000000000, 1.000000000000000000 ) ) ;
#541 = FACE_OUTER_BOUND ( 'NONE', #2811, .T. ) ;
#542 = CIRCLE ( 'NONE', #334, 1.999999999999998890 ) ;
#543 = DIRECTION ( 'NONE',  ( 0.000000000000000000, -0.5658434441295085993, 0.8245127025920557795 ) ) ;
#544 = DIRECTION ( 'NONE',  ( 1.000000000000000000, 0.000000000000000000, 0.000000000000000000 ) ) ;
#545 = FACE_OUTER_BOUND ( 'NONE', #3801, .T. ) ;
#546 = VERTEX_POINT ( 'NONE', #4304 ) ;
#547 = ORIENTED_EDGE ( 'NONE', *, *, #2605, .F. ) ;
#548 = DIRECTION ( 'NONE',  ( 0.000000000000000000, 0.000000000000000000, 1.000000000000000000 ) ) ;
#549 = ORIENTED_EDGE ( 'NONE', *, *, #873, .F. ) ;
#550 = CARTESIAN_POINT ( 'NONE',  ( 12.65000000000000036, 7.109894321884000057, 12.11037676031997634 ) ) ;
#551 = EDGE_CURVE ( 'NONE', #793, #3680, #1251, .T. ) ;
#552 = EDGE_LOOP ( 'NONE', ( #3121, #3753, #3639, #547 ) ) ;
#553 = ORIENTED_EDGE ( 'NONE', *, *, #3647, .T. ) ;
#554 = CIRCLE ( 'NONE', #1183, 3.149999999999986144 ) ;
#555 = EDGE_CURVE ( 'NONE', #2587, #2234, #2340, .T. ) ;
#556 = DIRECTION ( 'NONE',  ( 0.7071067811865529018, 0.4001117364339248361, -0.5830185231772847532 ) ) ;
#557 = ORIENTED_EDGE ( 'NONE', *, *, #2882, .F. ) ;
#558 = ADVANCED_FACE ( 'NONE', ( #2295 ), #1629, .F. ) ;
#559 = AXIS2_PLACEMENT_3D ( 'NONE', #2599, #2737, #416 ) ;
#560 = VECTOR ( 'NONE', #1909, 999.9999999999998863 ) ;
#561 = CARTESIAN_POINT ( 'NONE',  ( -13.04854447587000266, 70.63697368619270378, -11.01448051323580124 ) ) ;
#562 = ADVANCED_FACE ( 'NONE', ( #968 ), #686, .T. ) ;
#563 = CARTESIAN_POINT ( 'NONE',  ( 92.13349655500205415, 64.03938151918627852, -21.79816480507836474 ) ) ;
#564 = CARTESIAN_POINT ( 'NONE',  ( -19.19854447586999768, 64.80187635021334813, -14.28749677859189404 ) ) ;
#565 = VECTOR ( 'NONE', #2613, 1000.000000000000000 ) ;
#566 = VECTOR ( 'NONE', #593, 999.9999999999998863 ) ;
#567 = FACE_OUTER_BOUND ( 'NONE', #3974, .T. ) ;
#568 = DIRECTION ( 'NONE',  ( -1.000000000000000000, 0.000000000000000000, 0.000000000000000000 ) ) ;
#569 = FACE_OUTER_BOUND ( 'NONE', #2281, .T. ) ;
#570 = VERTEX_POINT ( 'NONE', #1699 ) ;
#571 = EDGE_LOOP ( 'NONE', ( #1166, #2185 ) ) ;
#572 = CARTESIAN_POINT ( 'NONE',  ( -16.49854447586999839, 73.83029765206732975, -8.822978277560299176 ) ) ;
#573 = VERTEX_POINT ( 'NONE', #399 ) ;
#574 = FACE_OUTER_BOUND ( 'NONE', #2168, .T. ) ;
#575 = CARTESIAN_POINT ( 'NONE',  ( 92.13349655500205415, 66.83659659810255960, -16.49009662519565111 ) ) ;
#576 = DIRECTION ( 'NONE',  ( -0.7071067811865539010, -0.4001117364339241700, 0.5830185231772837540 ) ) ;
#577 = EDGE_LOOP ( 'NONE', ( #3533, #2333, #3385, #1834 ) ) ;
#578 = VECTOR ( 'NONE', #4107, 1000.000000000000000 ) ;
#579 = ORIENTED_EDGE ( 'NONE', *, *, #1530, .F. ) ;
#580 = AXIS2_PLACEMENT_3D ( 'NONE', #3542, #1811, #1498 ) ;
#581 = CARTESIAN_POINT ( 'NONE',  ( -18.19854447586996926, 67.89979237755500208, -22.53145567272651917 ) ) ;
#582 = EDGE_CURVE ( 'NONE', #280, #3397, #1722, .T. ) ;
#583 = EDGE_LOOP ( 'NONE', ( #1226, #1501, #3348, #4262 ) ) ;
#584 = CARTESIAN_POINT ( 'NONE',  ( -7.850000000000012967, 7.109894321884000057, 38.51037676031999979 ) ) ;
#585 = LINE ( 'NONE', #563, #1342 ) ;
#586 = DIRECTION ( 'NONE',  ( 0.000000000000000000, 0.000000000000000000, -1.000000000000000000 ) ) ;
#587 = AXIS2_PLACEMENT_3D ( 'NONE', #2849, #190, #2891 ) ;
#588 = EDGE_CURVE ( 'NONE', #2206, #2741, #1780, .T. ) ;
#589 = DIRECTION ( 'NONE',  ( 0.000000000000000000, 0.8245127025920548913, 0.5658434441295099315 ) ) ;
#590 = DIRECTION ( 'NONE',  ( 0.000000000000000000, 0.8245127025920560015, 0.5658434441295082662 ) ) ;
#591 = DIRECTION ( 'NONE',  ( 0.000000000000000000, 0.000000000000000000, 1.000000000000000000 ) ) ;
#592 = ORIENTED_EDGE ( 'NONE', *, *, #2442, .F. ) ;
#593 = DIRECTION ( 'NONE',  ( 0.000000000000000000, -0.8846780299804519743, 0.4662025131527141042 ) ) ;
#594 = ORIENTED_EDGE ( 'NONE', *, *, #781, .T. ) ;
#595 = DIRECTION ( 'NONE',  ( 0.000000000000000000, 0.7071067811865440200, -0.7071067811865511255 ) ) ;
#596 = DIRECTION ( 'NONE',  ( -1.000000000000000000, 0.000000000000000000, 0.000000000000000000 ) ) ;
#597 = CARTESIAN_POINT ( 'NONE',  ( -13.99854447587000195, 95.78461111524178762, 6.243744532710270967 ) ) ;
#598 = ORIENTED_EDGE ( 'NONE', *, *, #1728, .T. ) ;
#599 = DIRECTION ( 'NONE',  ( 0.000000000000000000, -0.7071067811865440200, 0.7071067811865511255 ) ) ;
#600 = VECTOR ( 'NONE', #789, 1000.000000000000000 ) ;
#601 = LINE ( 'NONE', #2969, #609 ) ;
#602 = LINE ( 'NONE', #1949, #3111 ) ;
#603 = VECTOR ( 'NONE', #1970, 1000.000000000000000 ) ;
#604 = EDGE_LOOP ( 'NONE', ( #1569, #2301, #1640, #2817 ) ) ;
#605 = DIRECTION ( 'NONE',  ( 0.000000000000000000, -0.5658434441295099315, 0.8245127025920548913 ) ) ;
#606 = CARTESIAN_POINT ( 'NONE',  ( 18.19999999999997087, 0.9576354902145999271, 10.61037676031999943 ) ) ;
#607 = LINE ( 'NONE', #3602, #4344 ) ;
#608 = EDGE_CURVE ( 'NONE', #1069, #618, #1768, .T. ) ;
#609 = VECTOR ( 'NONE', #4355, 1000.000000000000114 ) ;
#610 = EDGE_CURVE ( 'NONE', #3425, #4176, #4263, .T. ) ;
#611 = DIRECTION ( 'NONE',  ( -1.000000000000000000, 0.000000000000000000, 0.000000000000000000 ) ) ;
#612 = FACE_OUTER_BOUND ( 'NONE', #1883, .T. ) ;
#613 = DIRECTION ( 'NONE',  ( 0.000000000000000000, 0.8245127025920535591, 0.5658434441295118189 ) ) ;
#614 = DIRECTION ( 'NONE',  ( 0.000000000000000000, 0.8846780299804519743, -0.4662025131527140487 ) ) ;
#615 = EDGE_CURVE ( 'NONE', #353, #2683, #40, .T. ) ;
#616 = DIRECTION ( 'NONE',  ( 0.000000000000000000, -0.8245127025920560015, -0.5658434441295082662 ) ) ;
#617 = VECTOR ( 'NONE', #412, 1000.000000000000000 ) ;
#618 = VERTEX_POINT ( 'NONE', #2402 ) ;
#619 = DIRECTION ( 'NONE',  ( -0.000000000000000000, 1.000000000000000000, 0.000000000000000000 ) ) ;
#620 = CARTESIAN_POINT ( 'NONE',  ( 14.00145552413000161, 70.63697368619180850, -11.01448051323450095 ) ) ;
#621 = CARTESIAN_POINT ( 'NONE',  ( 14.00145552413000161, 93.72332935876170268, 4.829135922386499580 ) ) ;
#622 = EDGE_CURVE ( 'NONE', #1375, #3759, #770, .T. ) ;
#623 = ORIENTED_EDGE ( 'NONE', *, *, #2280, .T. ) ;
#624 = DIRECTION ( 'NONE',  ( 0.000000000000000000, -0.8245127025920547803, -0.5658434441295098205 ) ) ;
#625 = DIRECTION ( 'NONE',  ( 1.000000000000000000, 0.000000000000000000, 0.000000000000000000 ) ) ;
#626 = AXIS2_PLACEMENT_3D ( 'NONE', #1065, #3429, #3382 ) ;
#627 = EDGE_LOOP ( 'NONE', ( #467, #3550, #1432, #985 ) ) ;
#628 = AXIS2_PLACEMENT_3D ( 'NONE', #2588, #2259, #953 ) ;
#629 = FACE_OUTER_BOUND ( 'NONE', #809, .T. ) ;
#630 = CARTESIAN_POINT ( 'NONE',  ( -8.000000000000000000, 83.41684704412472229, -9.312893106230493601 ) ) ;
#631 = DIRECTION ( 'NONE',  ( -1.000000000000000000, 0.000000000000000000, 0.000000000000000000 ) ) ;
#632 = VECTOR ( 'NONE', #827, 999.9999999999998863 ) ;
#633 = DIRECTION ( 'NONE',  ( 0.000000000000000000, 0.000000000000000000, -1.000000000000000000 ) ) ;
#634 = DIRECTION ( 'NONE',  ( 0.000000000000000000, 0.000000000000000000, 1.000000000000000000 ) ) ;
#635 = CARTESIAN_POINT ( 'NONE',  ( 19.19999999999999929, 16.60989432188499038, 35.51037676031999979 ) ) ;
#636 = CARTESIAN_POINT ( 'NONE',  ( -16.19854447586999768, 100.2042866453715391, -0.4258380689992624646 ) ) ;
#637 = AXIS2_PLACEMENT_3D ( 'NONE', #2122, #769, #2378 ) ;
#638 = DIRECTION ( 'NONE',  ( 0.000000000000000000, 0.000000000000000000, 1.000000000000000000 ) ) ;
#639 = ORIENTED_EDGE ( 'NONE', *, *, #1399, .F. ) ;
#640 = ADVANCED_FACE ( 'NONE', ( #2424 ), #1743, .F. ) ;
#641 = EDGE_LOOP ( 'NONE', ( #4381, #1185, #492, #2735 ) ) ;
#642 = CARTESIAN_POINT ( 'NONE',  ( -6.318972337926775928, 71.86254838862781469, -17.21849674167113875 ) ) ;
#643 = FACE_OUTER_BOUND ( 'NONE', #2247, .T. ) ;
#644 = PLANE ( 'NONE',  #3124 ) ;
#645 = ORIENTED_EDGE ( 'NONE', *, *, #4149, .F. ) ;
#646 = VERTEX_POINT ( 'NONE', #753 ) ;
#647 = DIRECTION ( 'NONE',  ( -1.000000000000000000, 0.000000000000000000, 0.000000000000000000 ) ) ;
#648 = EDGE_CURVE ( 'NONE', #2141, #1090, #2696, .T. ) ;
#649 = DIRECTION ( 'NONE',  ( 0.000000000000000000, 0.000000000000000000, 1.000000000000000000 ) ) ;
#650 = AXIS2_PLACEMENT_3D ( 'NONE', #597, #1944, #2250 ) ;
#651 = CIRCLE ( 'NONE', #719, 1.999999999999996891 ) ;
#652 = EDGE_LOOP ( 'NONE', ( #4095, #1584, #3237, #796 ) ) ;
#653 = CARTESIAN_POINT ( 'NONE',  ( -19.19854447586999768, 16.60989432188500103, 35.51037676031999979 ) ) ;
#654 = CARTESIAN_POINT ( 'NONE',  ( -12.65000000000000036, 7.109894321884000057, 37.01037676032003532 ) ) ;
#655 = LINE ( 'NONE', #1042, #486 ) ;
#656 = CARTESIAN_POINT ( 'NONE',  ( -18.19854447586996571, 56.68096213375051207, -2.095501214905391318 ) ) ;
#657 = CARTESIAN_POINT ( 'NONE',  ( -19.19854447586999768, 12.10989432187999171, 14.11037676031999943 ) ) ;
#658 = ORIENTED_EDGE ( 'NONE', *, *, #3216, .T. ) ;
#659 = ORIENTED_EDGE ( 'NONE', *, *, #95, .T. ) ;
#660 = ORIENTED_EDGE ( 'NONE', *, *, #1533, .F. ) ;
#661 = FACE_OUTER_BOUND ( 'NONE', #2830, .T. ) ;
#662 = DIRECTION ( 'NONE',  ( 0.000000000000000000, -9.912705577010322591E-16, 1.000000000000000000 ) ) ;
#663 = CARTESIAN_POINT ( 'NONE',  ( -5.999999999999998224, 85.21146076316604479, -11.92789522907364841 ) ) ;
#664 = VERTEX_POINT ( 'NONE', #3095 ) ;
#665 = ORIENTED_EDGE ( 'NONE', *, *, #176, .F. ) ;
#666 = DIRECTION ( 'NONE',  ( 0.000000000000000000, 0.000000000000000000, 1.000000000000000000 ) ) ;
#667 = EDGE_CURVE ( 'NONE', #1286, #3293, #1436, .T. ) ;
#668 = AXIS2_PLACEMENT_3D ( 'NONE', #3671, #3266, #2240 ) ;
#669 = DIRECTION ( 'NONE',  ( 1.000000000000000000, 0.000000000000000000, 0.000000000000000000 ) ) ;
#670 = EDGE_CURVE ( 'NONE', #4281, #525, #2785, .T. ) ;
#671 = EDGE_CURVE ( 'NONE', #2736, #3341, #1391, .T. ) ;
#672 = ORIENTED_EDGE ( 'NONE', *, *, #3757, .T. ) ;
#673 = ADVANCED_FACE ( 'NONE', ( #2123 ), #3854, .T. ) ;
#674 = VECTOR ( 'NONE', #2083, 1000.000000000000000 ) ;
#675 = CARTESIAN_POINT ( 'NONE',  ( 18.20000000000000639, 66.20048388967148867, -11.63346268865053723 ) ) ;
#676 = LINE ( 'NONE', #3407, #1836 ) ;
#677 = CARTESIAN_POINT ( 'NONE',  ( 16.19999999999999929, 98.71692064424117063, 7.043281181533583180 ) ) ;
#678 = CIRCLE ( 'NONE', #951, 2.500000000000002220 ) ;
#679 = AXIS2_PLACEMENT_3D ( 'NONE', #3292, #4367, #1623 ) ;
#680 = VERTEX_POINT ( 'NONE', #330 ) ;
#681 = ORIENTED_EDGE ( 'NONE', *, *, #4170, .F. ) ;
#682 = ORIENTED_EDGE ( 'NONE', *, *, #2499, .T. ) ;
#683 = CARTESIAN_POINT ( 'NONE',  ( 18.20000000000000639, 52.43832144663120687, -6.338141902024653440 ) ) ;
#684 = DIRECTION ( 'NONE',  ( -1.000000000000000000, 0.000000000000000000, 0.000000000000000000 ) ) ;
#685 = DIRECTION ( 'NONE',  ( 0.000000000000000000, -0.5658434441295098205, 0.8245127025920547803 ) ) ;
#686 = PLANE ( 'NONE',  #3694 ) ;
#687 = ORIENTED_EDGE ( 'NONE', *, *, #1709, .F. ) ;
#688 = LINE ( 'NONE', #2275, #603 ) ;
#689 = VECTOR ( 'NONE', #2371, 1000.000000000000114 ) ;
#690 = VERTEX_POINT ( 'NONE', #4109 ) ;
#691 = FACE_OUTER_BOUND ( 'NONE', #2335, .T. ) ;
#692 = ORIENTED_EDGE ( 'NONE', *, *, #226, .F. ) ;
#693 = EDGE_CURVE ( 'NONE', #2426, #528, #2279, .T. ) ;
#694 = ADVANCED_FACE ( 'NONE', ( #1349 ), #3729, .F. ) ;
#695 = VERTEX_POINT ( 'NONE', #375 ) ;
#696 = CIRCLE ( 'NONE', #2522, 0.9499999999999995115 ) ;
#697 = AXIS2_PLACEMENT_3D ( 'NONE', #3936, #204, #2542 ) ;
#698 = EDGE_CURVE ( 'NONE', #1418, #1859, #1030, .T. ) ;
#699 = DIRECTION ( 'NONE',  ( 1.000000000000000000, 0.000000000000000000, 0.000000000000000000 ) ) ;
#700 = LINE ( 'NONE', #2047, #2252 ) ;
#701 = CARTESIAN_POINT ( 'NONE',  ( -18.19854447587001189, 17.60989432188499748, 11.65518838015890069 ) ) ;
#702 = VERTEX_POINT ( 'NONE', #3749 ) ;
#703 = ORIENTED_EDGE ( 'NONE', *, *, #1373, .T. ) ;
#704 = CIRCLE ( 'NONE', #2752, 3.149999999999972378 ) ;
#705 = ORIENTED_EDGE ( 'NONE', *, *, #582, .T. ) ;
#706 = CARTESIAN_POINT ( 'NONE',  ( 16.19999999999999929, 100.2042866453715391, -0.4258380689992555257 ) ) ;
#707 = DIRECTION ( 'NONE',  ( 0.000000000000000000, -0.9831302596112172498, 0.1829067867433590011 ) ) ;
#708 = CARTESIAN_POINT ( 'NONE',  ( -19.19854447586999768, 21.69081291106343201, 4.610376760320001210 ) ) ;
#709 = CARTESIAN_POINT ( 'NONE',  ( 19.19999999999999929, 84.50670392765223937, -48.30601931965770035 ) ) ;
#710 = EDGE_LOOP ( 'NONE', ( #1006, #1248, #2780, #3653 ) ) ;
#711 = DIRECTION ( 'NONE',  ( 1.000000000000000000, 0.000000000000000000, 0.000000000000000000 ) ) ;
#712 = AXIS2_PLACEMENT_3D ( 'NONE', #927, #1594, #2607 ) ;
#713 = CIRCLE ( 'NONE', #3760, 3.000000000000000888 ) ;
#714 = ORIENTED_EDGE ( 'NONE', *, *, #2667, .F. ) ;
#715 = DIRECTION ( 'NONE',  ( -0.000000000000000000, 0.5658434441295098205, -0.8245127025920547803 ) ) ;
#716 = EDGE_LOOP ( 'NONE', ( #1328, #3085, #3233, #90 ) ) ;
#717 = VERTEX_POINT ( 'NONE', #3075 ) ;
#718 = CARTESIAN_POINT ( 'NONE',  ( 14.00145552413000161, 70.63697368619270378, -11.01448051323580124 ) ) ;
#719 = AXIS2_PLACEMENT_3D ( 'NONE', #1742, #2101, #19 ) ;
#720 = ADVANCED_FACE ( 'NONE', ( #1482 ), #849, .T. ) ;
#721 = CARTESIAN_POINT ( 'NONE',  ( -18.19854447586996926, 71.29485304233206477, -21.47853188827884807 ) ) ;
#722 = DIRECTION ( 'NONE',  ( 0.000000000000000000, 3.736327486719274391E-15, 1.000000000000000000 ) ) ;
#723 = DIRECTION ( 'NONE',  ( -0.000000000000000000, 1.000000000000000000, 0.000000000000000000 ) ) ;
#724 = ORIENTED_EDGE ( 'NONE', *, *, #3709, .F. ) ;
#725 = ADVANCED_FACE ( 'NONE', ( #2828 ), #524, .T. ) ;
#726 = ORIENTED_EDGE ( 'NONE', *, *, #2902, .T. ) ;
#727 = AXIS2_PLACEMENT_3D ( 'NONE', #1599, #1574, #2951 ) ;
#728 = DIRECTION ( 'NONE',  ( -1.000000000000000000, 6.538521332242258584E-17, 4.487231571471349449E-17 ) ) ;
#729 = CARTESIAN_POINT ( 'NONE',  ( -19.19854447586999768, 0.9576354902146000381, 37.51037676031999979 ) ) ;
#730 = DIRECTION ( 'NONE',  ( 0.000000000000000000, -0.5658434441295099315, 0.8245127025920548913 ) ) ;
#731 = CARTESIAN_POINT ( 'NONE',  ( 11.00000000000000000, 7.109894321884000057, 14.31037676031999872 ) ) ;
#732 = ORIENTED_EDGE ( 'NONE', *, *, #1058, .F. ) ;
#733 = CARTESIAN_POINT ( 'NONE',  ( -19.19854447586999768, 102.6778247531477035, 1.271692263389266664 ) ) ;
#734 = ORIENTED_EDGE ( 'NONE', *, *, #1779, .F. ) ;
#735 = ORIENTED_EDGE ( 'NONE', *, *, #4357, .F. ) ;
#736 = CARTESIAN_POINT ( 'NONE',  ( 28.77003442609499828, 0.9576354902146000381, 14.11037676031999943 ) ) ;
#737 = ORIENTED_EDGE ( 'NONE', *, *, #3183, .T. ) ;
#738 = AXIS2_PLACEMENT_3D ( 'NONE', #1383, #723, #1002 ) ;
#739 = ORIENTED_EDGE ( 'NONE', *, *, #3019, .T. ) ;
#740 = DIRECTION ( 'NONE',  ( 1.000000000000000000, 0.000000000000000000, 0.000000000000000000 ) ) ;
#741 = EDGE_CURVE ( 'NONE', #2211, #2768, #792, .T. ) ;
#742 = CYLINDRICAL_SURFACE ( 'NONE', #1110, 1.500000000000003775 ) ;
#743 = DIRECTION ( 'NONE',  ( -0.7071067811865517916, -0.4999999999999999445, -0.4999999999999938383 ) ) ;
#744 = CARTESIAN_POINT ( 'NONE',  ( 11.00000000000000000, 7.109894321884000057, 14.31037676031999872 ) ) ;
#745 = AXIS2_PLACEMENT_3D ( 'NONE', #2359, #240, #287 ) ;
#746 = ORIENTED_EDGE ( 'NONE', *, *, #926, .T. ) ;
#747 = VERTEX_POINT ( 'NONE', #1139 ) ;
#748 = EDGE_CURVE ( 'NONE', #2791, #3208, #1539, .T. ) ;
#749 = CARTESIAN_POINT ( 'NONE',  ( 5.999999999999999112, 71.87366920783595958, -17.23470132404364463 ) ) ;
#750 = EDGE_CURVE ( 'NONE', #2512, #1840, #2631, .T. ) ;
#751 = DIRECTION ( 'NONE',  ( 0.000000000000000000, -0.5658434441295098205, 0.8245127025920547803 ) ) ;
#752 = DIRECTION ( 'NONE',  ( 1.000000000000000000, 0.000000000000000000, 0.000000000000000000 ) ) ;
#753 = CARTESIAN_POINT ( 'NONE',  ( 18.19999999999996732, 46.78146719713878809, -11.99499615151700027 ) ) ;
#754 = EDGE_LOOP ( 'NONE', ( #177, #963, #3871, #3395 ) ) ;
#755 = CARTESIAN_POINT ( 'NONE',  ( 16.50145552412999805, 93.72332935876170268, 4.829135922386499580 ) ) ;
#756 = EDGE_LOOP ( 'NONE', ( #65, #4242, #3324, #2540 ) ) ;
#757 = CARTESIAN_POINT ( 'NONE',  ( -18.19854447586996571, 67.66656464904821178, -22.52692102803093732 ) ) ;
#758 = EDGE_CURVE ( 'NONE', #1075, #451, #227, .T. ) ;
#759 = ORIENTED_EDGE ( 'NONE', *, *, #4308, .T. ) ;
#760 = CIRCLE ( 'NONE', #4164, 1.650000000000000355 ) ;
#761 = EDGE_LOOP ( 'NONE', ( #2325, #3081, #1302, #2689 ) ) ;
#762 = DIRECTION ( 'NONE',  ( 1.000000000000000000, 0.000000000000000000, 0.000000000000000000 ) ) ;
#763 = CARTESIAN_POINT ( 'NONE',  ( -9.349999999999999645, 7.109894321884000057, 12.11037676031997634 ) ) ;
#764 = CARTESIAN_POINT ( 'NONE',  ( -19.19854447586999768, 50.62032946276522694, -13.59631560465128075 ) ) ;
#765 = ORIENTED_EDGE ( 'NONE', *, *, #174, .T. ) ;
#766 = VERTEX_POINT ( 'NONE', #111 ) ;
#767 = CARTESIAN_POINT ( 'NONE',  ( 8.278315579119215784, 71.29218051968882719, -16.38739132201921578 ) ) ;
#768 = DIRECTION ( 'NONE',  ( 0.000000000000000000, -0.8245127025920548913, -0.5658434441295099315 ) ) ;
#769 = DIRECTION ( 'NONE',  ( 0.000000000000000000, -0.5658434441295098205, 0.8245127025920547803 ) ) ;
#770 = LINE ( 'NONE', #1074, #1423 ) ;
#771 = VECTOR ( 'NONE', #2805, 1000.000000000000000 ) ;
#772 = VERTEX_POINT ( 'NONE', #484 ) ;
#773 = CARTESIAN_POINT ( 'NONE',  ( 11.58084093275035720, 94.23864979788170615, 5.182788074967423775 ) ) ;
#774 = ADVANCED_FACE ( 'NONE', ( #1832 ), #3862, .T. ) ;
#775 = ORIENTED_EDGE ( 'NONE', *, *, #2908, .F. ) ;
#776 = ORIENTED_EDGE ( 'NONE', *, *, #2809, .F. ) ;
#777 = DIRECTION ( 'NONE',  ( 0.000000000000000000, 0.000000000000000000, 1.000000000000000000 ) ) ;
#778 = EDGE_CURVE ( 'NONE', #4343, #3014, #4175, .T. ) ;
#779 = ORIENTED_EDGE ( 'NONE', *, *, #2833, .T. ) ;
#780 = AXIS2_PLACEMENT_3D ( 'NONE', #2999, #1239, #4269 ) ;
#781 = EDGE_CURVE ( 'NONE', #570, #2496, #2490, .T. ) ;
#782 = ORIENTED_EDGE ( 'NONE', *, *, #930, .T. ) ;
#783 = LINE ( 'NONE', #4208, #208 ) ;
#784 = CARTESIAN_POINT ( 'NONE',  ( 9.349999999999999645, 7.109894321884000057, 37.01037676032003532 ) ) ;
#785 = FACE_OUTER_BOUND ( 'NONE', #1748, .T. ) ;
#786 = DIRECTION ( 'NONE',  ( 1.000000000000000000, -0.000000000000000000, -0.000000000000000000 ) ) ;
#787 = ORIENTED_EDGE ( 'NONE', *, *, #3264, .F. ) ;
#788 = VECTOR ( 'NONE', #1720, 1000.000000000000000 ) ;
#789 = DIRECTION ( 'NONE',  ( -1.000000000000000000, 0.000000000000000000, 0.000000000000000000 ) ) ;
#790 = FILL_AREA_STYLE ('',( #3837 ) ) ;
#791 = CARTESIAN_POINT ( 'NONE',  ( -11.00000000000000000, 7.109894321884000057, 14.11037676031999943 ) ) ;
#792 = LINE ( 'NONE', #3144, #380 ) ;
#793 = VERTEX_POINT ( 'NONE', #2808 ) ;
#794 = FACE_OUTER_BOUND ( 'NONE', #1951, .T. ) ;
#795 = CIRCLE ( 'NONE', #2704, 2.000000000000000000 ) ;
#796 = ORIENTED_EDGE ( 'NONE', *, *, #1398, .F. ) ;
#797 = CARTESIAN_POINT ( 'NONE',  ( -18.19854447586996571, 46.78146719713878809, -11.99499615151700027 ) ) ;
#798 = EDGE_CURVE ( 'NONE', #878, #3723, #1202, .T. ) ;
#799 = ORIENTED_EDGE ( 'NONE', *, *, #3923, .F. ) ;
#800 = AXIS2_PLACEMENT_3D ( 'NONE', #1679, #63, #4398 ) ;
#801 = EDGE_CURVE ( 'NONE', #4201, #2803, #4256, .T. ) ;
#802 = ORIENTED_EDGE ( 'NONE', *, *, #4224, .T. ) ;
#803 = ADVANCED_FACE ( 'NONE', ( #1872 ), #530, .T. ) ;
#804 = LINE ( 'NONE', #3853, #984 ) ;
#805 = CARTESIAN_POINT ( 'NONE',  ( 11.00000000000000000, 7.109894321884000057, 14.31037676031999872 ) ) ;
#806 = EDGE_CURVE ( 'NONE', #3068, #1739, #2164, .T. ) ;
#807 = CARTESIAN_POINT ( 'NONE',  ( 14.00145552412999983, 72.90034746270987398, -14.31253132360277114 ) ) ;
#808 = CARTESIAN_POINT ( 'NONE',  ( -19.19854447586999768, 16.60989432188499748, 30.97556659696046566 ) ) ;
#809 = EDGE_LOOP ( 'NONE', ( #1729, #3152 ) ) ;
#810 = CIRCLE ( 'NONE', #3287, 1.999999999999999778 ) ;
#811 = CARTESIAN_POINT ( 'NONE',  ( 11.00000000000000000, 7.109894321884000057, 38.51037676031999979 ) ) ;
#812 = CARTESIAN_POINT ( 'NONE',  ( -19.19854447586999768, 26.64056037936930821, 9.560124228625820564 ) ) ;
#813 = DIRECTION ( 'NONE',  ( 1.000000000000000000, -2.043287916325033242E-16, -1.402259866084332708E-16 ) ) ;
#814 = DIRECTION ( 'NONE',  ( 1.000000000000000000, -0.000000000000000000, -0.000000000000000000 ) ) ;
#815 = ORIENTED_EDGE ( 'NONE', *, *, #3545, .T. ) ;
#816 = DIRECTION ( 'NONE',  ( 2.465190328815661345E-32, 0.5658434441295098205, -0.8245127025920547803 ) ) ;
#817 = AXIS2_PLACEMENT_3D ( 'NONE', #2962, #3345, #2294 ) ;
#818 = ORIENTED_EDGE ( 'NONE', *, *, #1256, .T. ) ;
#819 = CARTESIAN_POINT ( 'NONE',  ( 18.20000000000001350, 70.17434498214620930, -11.33197158211370059 ) ) ;
#820 = ORIENTED_EDGE ( 'NONE', *, *, #2073, .T. ) ;
#821 = AXIS2_PLACEMENT_3D ( 'NONE', #3352, #2362, #1330 ) ;
#822 = ORIENTED_EDGE ( 'NONE', *, *, #394, .F. ) ;
#824 = EDGE_CURVE ( 'NONE', #1723, #3425, #2089, .T. ) ;
#823 = CARTESIAN_POINT ( 'NONE',  ( 18.20000000000000639, 66.20048388967148867, -11.63346268865053723 ) ) ;
#825 = EDGE_CURVE ( 'NONE', #3494, #3293, #870, .T. ) ;
#826 = DIRECTION ( 'NONE',  ( 1.000000000000000000, 0.000000000000000000, 0.000000000000000000 ) ) ;
#827 = DIRECTION ( 'NONE',  ( 2.842170943040399817E-16, 0.5658434441295099315, -0.8245127025920548913 ) ) ;
#828 = DIRECTION ( 'NONE',  ( 0.000000000000000000, 0.000000000000000000, 1.000000000000000000 ) ) ;
#829 = EDGE_CURVE ( 'NONE', #1352, #1589, #387, .T. ) ;
#830 = LINE ( 'NONE', #3541, #1378 ) ;
#831 = FACE_OUTER_BOUND ( 'NONE', #2009, .T. ) ;
#832 = CYLINDRICAL_SURFACE ( 'NONE', #437, 0.9499999999999995115 ) ;
#833 = CARTESIAN_POINT ( 'NONE',  ( -18.19854447586996571, 25.93345359818274076, 8.853017447439263776 ) ) ;
#834 = ORIENTED_EDGE ( 'NONE', *, *, #3171, .F. ) ;
#835 = AXIS2_PLACEMENT_3D ( 'NONE', #275, #2931, #1243 ) ;
#836 = DIRECTION ( 'NONE',  ( 0.000000000000000000, 1.000000000000000000, 0.000000000000000000 ) ) ;
#837 = ORIENTED_EDGE ( 'NONE', *, *, #2856, .T. ) ;
#838 = CARTESIAN_POINT ( 'NONE',  ( -18.19854447586996926, 67.89979237755500208, -16.53145567272651562 ) ) ;
#839 = ORIENTED_EDGE ( 'NONE', *, *, #1403, .F. ) ;
#840 = AXIS2_PLACEMENT_3D ( 'NONE', #3180, #2904, #1195 ) ;
#841 = VERTEX_POINT ( 'NONE', #4237 ) ;
#842 = DIRECTION ( 'NONE',  ( 0.7071067811865549002, 0.000000000000000000, 0.7071067811865401342 ) ) ;
#843 = CARTESIAN_POINT ( 'NONE',  ( -19.19854447586999768, 14.60989432188499926, 37.51037676031999979 ) ) ;
#844 = CARTESIAN_POINT ( 'NONE',  ( 9.349999999999999645, 7.109894321884000057, 34.51037676031999979 ) ) ;
#845 = ADVANCED_FACE ( 'NONE', ( #1181 ), #2531, .T. ) ;
#846 = LINE ( 'NONE', #4253, #771 ) ;
#847 = DIRECTION ( 'NONE',  ( -0.000000000000000000, -0.000000000000000000, -1.000000000000000000 ) ) ;
#848 = CARTESIAN_POINT ( 'NONE',  ( -1.065814103639999922E-14, -23.39010567811999763, 10.61037676031999943 ) ) ;
#849 = CYLINDRICAL_SURFACE ( 'NONE', #24, 2.999999999999996447 ) ;
#850 = EDGE_CURVE ( 'NONE', #3303, #2206, #1376, .T. ) ;
#851 = AXIS2_PLACEMENT_3D ( 'NONE', #3972, #2624, #3996 ) ;
#852 = ORIENTED_EDGE ( 'NONE', *, *, #7, .T. ) ;
#853 = CARTESIAN_POINT ( 'NONE',  ( 19.19999999999999929, 56.68096213375051207, -2.095501214905391318 ) ) ;
#854 = AXIS2_PLACEMENT_3D ( 'NONE', #3186, #1559, #2183 ) ;
#855 = ORIENTED_EDGE ( 'NONE', *, *, #2750, .T. ) ;
#856 = DIRECTION ( 'NONE',  ( 0.000000000000000000, -0.5658434441295099315, 0.8245127025920548913 ) ) ;
#857 = EDGE_LOOP ( 'NONE', ( #1702, #1611, #308, #3462 ) ) ;
#858 = PLANE ( 'NONE',  #2894 ) ;
#859 = ORIENTED_EDGE ( 'NONE', *, *, #3232, .T. ) ;
#860 = VECTOR ( 'NONE', #1419, 1000.000000000000114 ) ;
#861 = LINE ( 'NONE', #2903, #341 ) ;
#862 = CARTESIAN_POINT ( 'NONE',  ( 11.00000000000000000, 7.109894321884000057, 10.61037676031999943 ) ) ;
#863 = DIRECTION ( 'NONE',  ( 0.000000000000000000, -0.5658434441295099315, 0.8245127025920548913 ) ) ;
#864 = CONICAL_SURFACE ( 'NONE', #1219, 7.000000000000016875, 0.7853981633974421728 ) ;
#865 = CIRCLE ( 'NONE', #519, 1.650000000000000355 ) ;
#866 = EDGE_CURVE ( 'NONE', #1859, #2292, #4160, .T. ) ;
#867 = LINE ( 'NONE', #3583, #242 ) ;
#868 = CARTESIAN_POINT ( 'NONE',  ( 16.92069738514887334, 0.9576354902146000381, 34.51037676031999979 ) ) ;
#869 = DIRECTION ( 'NONE',  ( 1.000000000000000000, -0.000000000000000000, -0.000000000000000000 ) ) ;
#870 = LINE ( 'NONE', #1853, #2862 ) ;
#871 = ORIENTED_EDGE ( 'NONE', *, *, #4094, .T. ) ;
#872 = DIRECTION ( 'NONE',  ( 0.000000000000000000, -0.7071067811865440200, 0.7071067811865511255 ) ) ;
#873 = EDGE_CURVE ( 'NONE', #2397, #71, #2384, .T. ) ;
#874 = ADVANCED_FACE ( 'NONE', ( #1397 ), #1056, .T. ) ;
#875 = ORIENTED_EDGE ( 'NONE', *, *, #873, .T. ) ;
#876 = DIRECTION ( 'NONE',  ( 0.000000000000000000, 0.000000000000000000, 1.000000000000000000 ) ) ;
#877 = ORIENTED_EDGE ( 'NONE', *, *, #426, .F. ) ;
#878 = VERTEX_POINT ( 'NONE', #48 ) ;
#879 = CONICAL_SURFACE ( 'NONE', #3294, 1.650000000000000355, 0.7853981633974467247 ) ;
#880 = ADVANCED_FACE ( 'NONE', ( #691 ), #3082, .F. ) ;
#881 = FACE_OUTER_BOUND ( 'NONE', #464, .T. ) ;
#882 = CIRCLE ( 'NONE', #2092, 6.000000000000001776 ) ;
#883 = ORIENTED_EDGE ( 'NONE', *, *, #1452, .F. ) ;
#884 = LINE ( 'NONE', #1929, #3177 ) ;
#885 = CARTESIAN_POINT ( 'NONE',  ( -12.65000000000000036, 7.109894321884000057, 12.11037676031997634 ) ) ;
#886 = CARTESIAN_POINT ( 'NONE',  ( 19.19999999999999929, 66.64224015768024856, -21.48631775461598181 ) ) ;
#887 = VECTOR ( 'NONE', #299, 999.9999999999998863 ) ;
#888 = DIRECTION ( 'NONE',  ( 0.000000000000000000, -0.5658434441295101536, 0.8245127025920546693 ) ) ;
#889 = CARTESIAN_POINT ( 'NONE',  ( 19.19999999999999929, 14.60989432188499926, 35.51037676031999979 ) ) ;
#890 = CARTESIAN_POINT ( 'NONE',  ( 9.414213562373081601, 71.07344573496813211, -16.06866427768907357 ) ) ;
#891 = VERTEX_POINT ( 'NONE', #3488 ) ;
#892 = ORIENTED_EDGE ( 'NONE', *, *, #850, .T. ) ;
#893 = DIRECTION ( 'NONE',  ( -1.000000000000000000, 0.000000000000000000, 0.000000000000000000 ) ) ;
#894 = ORIENTED_EDGE ( 'NONE', *, *, #930, .F. ) ;
#895 = DIRECTION ( 'NONE',  ( 1.000000000000000000, 0.000000000000000000, 0.000000000000000000 ) ) ;
#896 = CARTESIAN_POINT ( 'NONE',  ( 14.00145552413000161, 70.63697368619270378, -11.01448051323580124 ) ) ;
#897 = FACE_OUTER_BOUND ( 'NONE', #112, .T. ) ;
#898 = AXIS2_PLACEMENT_3D ( 'NONE', #805, #1106, #1449 ) ;
#899 = ORIENTED_EDGE ( 'NONE', *, *, #2130, .F. ) ;
#900 = EDGE_CURVE ( 'NONE', #1470, #1431, #1078, .T. ) ;
#901 = EDGE_LOOP ( 'NONE', ( #196, #3343, #3256, #4018 ) ) ;
#902 = AXIS2_PLACEMENT_3D ( 'NONE', #620, #1566, #4374 ) ;
#903 = EDGE_CURVE ( 'NONE', #2251, #1332, #3443, .T. ) ;
#904 = CARTESIAN_POINT ( 'NONE',  ( -5.999999999999998224, 83.41684704412473650, -9.312893106230502482 ) ) ;
#905 = ADVANCED_FACE ( 'NONE', ( #4181 ), #4363, .F. ) ;
#906 = AXIS2_PLACEMENT_3D ( 'NONE', #1760, #4145, #2415 ) ;
#907 = ORIENTED_EDGE ( 'NONE', *, *, #2930, .T. ) ;
#908 = CYLINDRICAL_SURFACE ( 'NONE', #1257, 6.000000000000001776 ) ;
#909 = DIRECTION ( 'NONE',  ( 0.000000000000000000, -1.000000000000000000, 0.000000000000000000 ) ) ;
#910 = DIRECTION ( 'NONE',  ( 4.796872981674902809E-15, 0.1829067867433648298, 0.9831302596112161396 ) ) ;
#911 = VECTOR ( 'NONE', #3625, 1000.000000000000114 ) ;
#912 = DIRECTION ( 'NONE',  ( -0.000000000000000000, 0.5658434441295098205, -0.8245127025920547803 ) ) ;
#913 = CARTESIAN_POINT ( 'NONE',  ( 19.19999999999999929, 93.79190675367186714, -36.34662379330605830 ) ) ;
#914 = DIRECTION ( 'NONE',  ( 0.000000000000000000, 0.8245127025920560015, 0.5658434441295082662 ) ) ;
#915 = EDGE_LOOP ( 'NONE', ( #1100, #2021, #1015, #4351 ) ) ;
#916 = DIRECTION ( 'NONE',  ( -0.7071067811865521247, 8.659560562354992023E-17, 0.7071067811865430208 ) ) ;
#917 = VERTEX_POINT ( 'NONE', #3780 ) ;
#918 = CARTESIAN_POINT ( 'NONE',  ( -6.628941387086813464, 71.82210394796648245, -17.15956355896756236 ) ) ;
#919 = FACE_OUTER_BOUND ( 'NONE', #370, .T. ) ;
#920 = DIRECTION ( 'NONE',  ( -0.7071067811865449082, -0.5830185231772915255, -0.4001117364339286109 ) ) ;
#921 = EDGE_LOOP ( 'NONE', ( #1322, #3791, #2872, #2985 ) ) ;
#922 = CARTESIAN_POINT ( 'NONE',  ( -11.00000000000000000, 7.109894321884000057, 12.11037676031997634 ) ) ;
#923 = CIRCLE ( 'NONE', #3621, 0.9499999999999995115 ) ;
#924 =( GEOMETRIC_REPRESENTATION_CONTEXT ( 3 ) GLOBAL_UNCERTAINTY_ASSIGNED_CONTEXT ( ( #1128 ) ) GLOBAL_UNIT_ASSIGNED_CONTEXT ( ( #167, #3629, #1601 ) ) REPRESENTATION_CONTEXT ( 'NONE', 'WORKASPACE' ) );
#925 = DIRECTION ( 'NONE',  ( 0.000000000000000000, 0.000000000000000000, 1.000000000000000000 ) ) ;
#926 = EDGE_CURVE ( 'NONE', #3211, #680, #2038, .T. ) ;
#927 = CARTESIAN_POINT ( 'NONE',  ( -13.99854447587000195, 93.72332935876170268, 4.829135922386499580 ) ) ;
#928 = EDGE_CURVE ( 'NONE', #2813, #355, #1750, .T. ) ;
#929 = VECTOR ( 'NONE', #3962, 1000.000000000000114 ) ;
#930 = EDGE_CURVE ( 'NONE', #772, #878, #3399, .T. ) ;
#931 = ORIENTED_EDGE ( 'NONE', *, *, #1753, .F. ) ;
#932 = DIRECTION ( 'NONE',  ( -0.000000000000000000, 0.5658434441295098205, -0.8245127025920547803 ) ) ;
#933 = LINE ( 'NONE', #248, #2049 ) ;
#934 = CARTESIAN_POINT ( 'NONE',  ( 19.19999999999999929, 16.60989432188499748, 30.97556659696046566 ) ) ;
#935 = EDGE_CURVE ( 'NONE', #304, #3573, #3061, .T. ) ;
#936 = LINE ( 'NONE', #3246, #1940 ) ;
#937 = DIRECTION ( 'NONE',  ( 3.469446951953605511E-15, -0.8245127025920560015, -0.5658434441295082662 ) ) ;
#938 = DIRECTION ( 'NONE',  ( 0.7071067811865432429, 0.000000000000000000, 0.7071067811865517916 ) ) ;
#939 = ORIENTED_EDGE ( 'NONE', *, *, #551, .T. ) ;
#940 = LINE ( 'NONE', #4321, #116 ) ;
#941 = ORIENTED_EDGE ( 'NONE', *, *, #2417, .T. ) ;
#942 = CARTESIAN_POINT ( 'NONE',  ( -9.264483764623827611, 70.83906570622976062, -15.72713993392653720 ) ) ;
#943 = DIRECTION ( 'NONE',  ( 0.000000000000000000, 0.000000000000000000, 1.000000000000000000 ) ) ;
#944 = DIRECTION ( 'NONE',  ( -0.7071067811865401342, 0.000000000000000000, 0.7071067811865549002 ) ) ;
#945 = ORIENTED_EDGE ( 'NONE', *, *, #2639, .T. ) ;
#946 = CARTESIAN_POINT ( 'NONE',  ( -12.65000000000000036, 7.109894321884000057, 37.01037676032003532 ) ) ;
#947 = VECTOR ( 'NONE', #3940, 999.9999999999998863 ) ;
#948 = DIRECTION ( 'NONE',  ( 0.000000000000000000, -0.5658434441295098205, 0.8245127025920547803 ) ) ;
#949 = CARTESIAN_POINT ( 'NONE',  ( 10.12847217792256949, 96.81121583787177087, 2.096928556147735989 ) ) ;
#950 = CIRCLE ( 'NONE', #2725, 1.650000000000000355 ) ;
#951 = AXIS2_PLACEMENT_3D ( 'NONE', #3529, #1835, #1502 ) ;
#952 = VERTEX_POINT ( 'NONE', #3424 ) ;
#953 = DIRECTION ( 'NONE',  ( 0.000000000000000000, -1.000000000000000000, 0.000000000000000000 ) ) ;
#954 = FACE_OUTER_BOUND ( 'NONE', #1695, .T. ) ;
#955 = CARTESIAN_POINT ( 'NONE',  ( 11.00000000000000000, 7.109894321884000057, 14.11037676031999943 ) ) ;
#956 = EDGE_CURVE ( 'NONE', #445, #79, #2086, .T. ) ;
#957 = EDGE_CURVE ( 'NONE', #3512, #67, #303, .T. ) ;
#958 = CARTESIAN_POINT ( 'NONE',  ( 6.000000000000001776, 83.41684704412473650, -9.312893106230511364 ) ) ;
#959 = FACE_OUTER_BOUND ( 'NONE', #2028, .T. ) ;
#960 = CARTESIAN_POINT ( 'NONE',  ( -8.000000000000003553, 85.21146076316604479, -11.92789522907364486 ) ) ;
#961 = ORIENTED_EDGE ( 'NONE', *, *, #3618, .T. ) ;
#962 = DIRECTION ( 'NONE',  ( 0.000000000000000000, 0.000000000000000000, 1.000000000000000000 ) ) ;
#963 = ORIENTED_EDGE ( 'NONE', *, *, #4001, .F. ) ;
#964 = EDGE_CURVE ( 'NONE', #766, #3422, #4092, .T. ) ;
#965 = ORIENTED_EDGE ( 'NONE', *, *, #3709, .T. ) ;
#966 = DIRECTION ( 'NONE',  ( 2.842170943040399817E-16, 0.5658434441295098205, -0.8245127025920547803 ) ) ;
#967 = CARTESIAN_POINT ( 'NONE',  ( -19.19854447586999768, 23.60989432188499748, 30.97556659696046566 ) ) ;
#968 = FACE_OUTER_BOUND ( 'NONE', #3993, .T. ) ;
#969 = ORIENTED_EDGE ( 'NONE', *, *, #2632, .T. ) ;
#970 = ORIENTED_EDGE ( 'NONE', *, *, #2022, .T. ) ;
#971 = CARTESIAN_POINT ( 'NONE',  ( -13.99854447587000195, 95.98670313527976816, 1.531085112018253813 ) ) ;
#972 = CARTESIAN_POINT ( 'NONE',  ( -14.94854447587000124, 73.46619090684080788, -15.13704402619688061 ) ) ;
#973 = VECTOR ( 'NONE', #3044, 1000.000000000000000 ) ;
#974 = ORIENTED_EDGE ( 'NONE', *, *, #1503, .T. ) ;
#975 = CARTESIAN_POINT ( 'NONE',  ( -15.10000000000000142, 0.9576354902146000381, 14.31037676031999872 ) ) ;
#976 = AXIS2_PLACEMENT_3D ( 'NONE', #1367, #728, #1071 ) ;
#977 = LINE ( 'NONE', #2328, #4142 ) ;
#978 = EDGE_CURVE ( 'NONE', #546, #1437, #425, .T. ) ;
#979 = CARTESIAN_POINT ( 'NONE',  ( -11.00000000000000000, 7.109894321884000057, 14.11037676031999943 ) ) ;
#980 = LINE ( 'NONE', #3004, #3022 ) ;
#981 = CARTESIAN_POINT ( 'NONE',  ( 19.19999999999999929, 91.57299280543325892, -22.45614119039909795 ) ) ;
#982 = VECTOR ( 'NONE', #2900, 999.9999999999998863 ) ;
#983 = ORIENTED_EDGE ( 'NONE', *, *, #257, .F. ) ;
#984 = VECTOR ( 'NONE', #1151, 1000.000000000000114 ) ;
#985 = ORIENTED_EDGE ( 'NONE', *, *, #1478, .T. ) ;
#986 = EDGE_CURVE ( 'NONE', #355, #1161, #4138, .T. ) ;
#987 = ORIENTED_EDGE ( 'NONE', *, *, #502, .F. ) ;
#988 = CARTESIAN_POINT ( 'NONE',  ( 13.14505283905998390, 6.054947160940040263, 34.51037676031999979 ) ) ;
#989 = ADVANCED_FACE ( 'NONE', ( #92 ), #228, .F. ) ;
#990 = DIRECTION ( 'NONE',  ( 1.000000000000000000, 0.000000000000000000, 0.000000000000000000 ) ) ;
#991 = CARTESIAN_POINT ( 'NONE',  ( -9.414213562373079824, 82.61662357125688061, -8.146856059875943856 ) ) ;
#992 = ORIENTED_EDGE ( 'NONE', *, *, #426, .T. ) ;
#993 = ORIENTED_EDGE ( 'NONE', *, *, #252, .F. ) ;
#994 = CARTESIAN_POINT ( 'NONE',  ( -18.19854447586996926, 21.69081291106343201, 10.61037676031999943 ) ) ;
#995 = CARTESIAN_POINT ( 'NONE',  ( 14.00145552413000161, 68.57569192971170935, -12.42908912355829898 ) ) ;
#996 = VECTOR ( 'NONE', #2870, 1000.000000000000000 ) ;
#997 = ORIENTED_EDGE ( 'NONE', *, *, #2856, .F. ) ;
#998 = DIRECTION ( 'NONE',  ( 0.000000000000000000, -0.5658434441295098205, 0.8245127025920547803 ) ) ;
#999 = AXIS2_PLACEMENT_3D ( 'NONE', #1897, #3254, #4283 ) ;
#1000 = DIRECTION ( 'NONE',  ( 1.000000000000000000, -0.000000000000000000, -0.000000000000000000 ) ) ;
#1001 = DIRECTION ( 'NONE',  ( 0.000000000000000000, 0.000000000000000000, -1.000000000000000000 ) ) ;
#1002 = DIRECTION ( 'NONE',  ( 1.000000000000000000, 0.000000000000000000, 0.000000000000000000 ) ) ;
#1003 = ORIENTED_EDGE ( 'NONE', *, *, #3957, .F. ) ;
#1004 = EDGE_LOOP ( 'NONE', ( #35, #1799, #1212, #1323 ) ) ;
#1005 = AXIS2_PLACEMENT_3D ( 'NONE', #819, #1165, #2515 ) ;
#1006 = ORIENTED_EDGE ( 'NONE', *, *, #1833, .T. ) ;
#1007 = CARTESIAN_POINT ( 'NONE',  ( 15.10000000000000142, 0.9576354902146000381, 13.11037676031999766 ) ) ;
#1008 = CARTESIAN_POINT ( 'NONE',  ( 18.19999999999997087, 67.89979237755500208, -16.53145567272651562 ) ) ;
#1009 = DIRECTION ( 'NONE',  ( -0.7071067811865426878, 0.5000000000000058842, 0.5000000000000008882 ) ) ;
#1010 = ADVANCED_FACE ( 'NONE', ( #2494 ), #1209, .T. ) ;
#1011 = ORIENTED_EDGE ( 'NONE', *, *, #3792, .T. ) ;
#1012 = LINE ( 'NONE', #4353, #2090 ) ;
#1013 = ADVANCED_FACE ( 'NONE', ( #2537 ), #449, .F. ) ;
#1014 = AXIS2_PLACEMENT_3D ( 'NONE', #2606, #1995, #335 ) ;
#1015 = ORIENTED_EDGE ( 'NONE', *, *, #2152, .T. ) ;
#1016 = DIRECTION ( 'NONE',  ( 0.000000000000000000, -1.000000000000000000, 0.000000000000000000 ) ) ;
#1017 = ORIENTED_EDGE ( 'NONE', *, *, #1308, .F. ) ;
#1018 = EDGE_CURVE ( 'NONE', #1410, #766, #2000, .T. ) ;
#1019 = EDGE_LOOP ( 'NONE', ( #2892, #1033, #1296, #4091, #3195, #1776, #193, #3510, #2052, #2320, #4245, #4223, #1725, #57, #1116, #1666, #1922, #1358, #1923, #3147, #837, #117, #4111, #3743, #1817, #4023, #2034, #309, #442, #400 ) ) ;
#1020 = AXIS2_PLACEMENT_3D ( 'NONE', #3706, #596, #1250 ) ;
#1021 = CARTESIAN_POINT ( 'NONE',  ( -13.99854447587000195, 73.46619090683800835, -15.13704402619880085 ) ) ;
#1022 = CARTESIAN_POINT ( 'NONE',  ( 15.10000000000000142, 0.9576354902146000381, 35.51037676031997847 ) ) ;
#1023 = CARTESIAN_POINT ( 'NONE',  ( 18.19999999999997087, 0.9576354902146000381, 10.61037676031999943 ) ) ;
#1024 = ORIENTED_EDGE ( 'NONE', *, *, #4332, .T. ) ;
#1025 = VERTEX_POINT ( 'NONE', #2919 ) ;
#1026 = ORIENTED_EDGE ( 'NONE', *, *, #2178, .T. ) ;
#1027 = CARTESIAN_POINT ( 'NONE',  ( -13.99854447587000195, 72.90034746270987398, -14.31253132360277114 ) ) ;
#1028 = DIRECTION ( 'NONE',  ( 0.000000000000000000, 0.000000000000000000, 1.000000000000000000 ) ) ;
#1029 = CARTESIAN_POINT ( 'NONE',  ( -19.19854447586999768, 0.9576354902146000381, 38.51037676031999979 ) ) ;
#1030 = LINE ( 'NONE', #3439, #2850 ) ;
#1031 = ORIENTED_EDGE ( 'NONE', *, *, #2478, .F. ) ;
#1032 = CARTESIAN_POINT ( 'NONE',  ( 15.10000000000000142, 0.9576354902146000381, 13.11037676031999766 ) ) ;
#1033 = ORIENTED_EDGE ( 'NONE', *, *, #3923, .T. ) ;
#1034 = ORIENTED_EDGE ( 'NONE', *, *, #2545, .T. ) ;
#1035 = CARTESIAN_POINT ( 'NONE',  ( 18.19999999999996732, 65.24341383580338061, -22.43265879374040850 ) ) ;
#1036 = EDGE_CURVE ( 'NONE', #2373, #2441, #1794, .T. ) ;
#1037 = ORIENTED_EDGE ( 'NONE', *, *, #50, .F. ) ;
#1038 = ORIENTED_EDGE ( 'NONE', *, *, #1961, .T. ) ;
#1039 = EDGE_CURVE ( 'NONE', #2498, #4133, #2674, .T. ) ;
#1040 = LINE ( 'NONE', #3655, #3374 ) ;
#1041 = CIRCLE ( 'NONE', #697, 2.000000000000000888 ) ;
#1042 = CARTESIAN_POINT ( 'NONE',  ( 5.999999999999999112, 73.66828292687728208, -19.84970344688678523 ) ) ;
#1043 = CARTESIAN_POINT ( 'NONE',  ( -15.10000000000000142, 0.9576354902146000381, 11.31037676031999872 ) ) ;
#1044 = DIRECTION ( 'NONE',  ( 1.000000000000000000, -1.816464372750583578E-15, 0.000000000000000000 ) ) ;
#1045 = VERTEX_POINT ( 'NONE', #1544 ) ;
#1046 = VERTEX_POINT ( 'NONE', #3590 ) ;
#1047 = VECTOR ( 'NONE', #77, 1000.000000000000000 ) ;
#1048 = CARTESIAN_POINT ( 'NONE',  ( -11.00000000000000000, 7.109894321884000057, 10.61037676031999943 ) ) ;
#1049 = PLANE ( 'NONE',  #2063 ) ;
#1050 = CARTESIAN_POINT ( 'NONE',  ( 11.00000000000000000, 7.109894321884000057, 37.01037676032003532 ) ) ;
#1051 = DIRECTION ( 'NONE',  ( 0.000000000000000000, 0.000000000000000000, 1.000000000000000000 ) ) ;
#1052 = ORIENTED_EDGE ( 'NONE', *, *, #3134, .F. ) ;
#1053 = LINE ( 'NONE', #733, #674 ) ;
#1054 = ORIENTED_EDGE ( 'NONE', *, *, #4047, .T. ) ;
#1055 = ORIENTED_EDGE ( 'NONE', *, *, #2131, .T. ) ;
#1056 = PLANE ( 'NONE',  #2217 ) ;
#1057 = ORIENTED_EDGE ( 'NONE', *, *, #3712, .F. ) ;
#1058 = EDGE_CURVE ( 'NONE', #3303, #2431, #1187, .T. ) ;
#1059 = ORIENTED_EDGE ( 'NONE', *, *, #4038, .F. ) ;
#1060 = AXIS2_PLACEMENT_3D ( 'NONE', #3034, #3120, #2102 ) ;
#1062 = EDGE_CURVE ( 'NONE', #1675, #3546, #491, .T. ) ;
#1061 =( LENGTH_UNIT ( ) NAMED_UNIT ( * ) SI_UNIT ( .MILLI., .METRE. ) );
#1063 = CIRCLE ( 'NONE', #1355, 6.000000000000000000 ) ;
#1064 = ADVANCED_FACE ( 'NONE', ( #1860 ), #2896, .T. ) ;
#1065 = CARTESIAN_POINT ( 'NONE',  ( 92.13349655500205415, 66.33645393343624619, -13.96582486583968574 ) ) ;
#1066 = DIRECTION ( 'NONE',  ( 1.000000000000000000, 0.000000000000000000, 0.000000000000000000 ) ) ;
#1067 = DIRECTION ( 'NONE',  ( 0.000000000000000000, 0.000000000000000000, 1.000000000000000000 ) ) ;
#1068 = VERTEX_POINT ( 'NONE', #2854 ) ;
#1069 = VERTEX_POINT ( 'NONE', #3549 ) ;
#1070 = EDGE_CURVE ( 'NONE', #4081, #717, #173, .T. ) ;
#1071 = DIRECTION ( 'NONE',  ( 4.487231571471349449E-17, 0.000000000000000000, 1.000000000000000000 ) ) ;
#1072 = DIRECTION ( 'NONE',  ( 0.000000000000000000, 0.000000000000000000, 1.000000000000000000 ) ) ;
#1073 = CARTESIAN_POINT ( 'NONE',  ( 9.414213562373081601, 72.72247114015222280, -14.93697738943006570 ) ) ;
#1074 = CARTESIAN_POINT ( 'NONE',  ( 9.828427124746214716, 84.44352529899481397, -6.390723105792261549 ) ) ;
#1075 = VERTEX_POINT ( 'NONE', #2207 ) ;
#1076 = DIRECTION ( 'NONE',  ( 1.000000000000000000, 0.000000000000000000, 0.000000000000000000 ) ) ;
#1077 = VERTEX_POINT ( 'NONE', #550 ) ;
#1078 = LINE ( 'NONE', #2408, #3800 ) ;
#1079 = ORIENTED_EDGE ( 'NONE', *, *, #3354, .F. ) ;
#1080 = CIRCLE ( 'NONE', #1800, 7.000000000000002665 ) ;
#1081 = VECTOR ( 'NONE', #477, 1000.000000000000000 ) ;
#1082 = ORIENTED_EDGE ( 'NONE', *, *, #2260, .F. ) ;
#1083 = AXIS2_PLACEMENT_3D ( 'NONE', #128, #2202, #2551 ) ;
#1084 = CARTESIAN_POINT ( 'NONE',  ( -16.31923971453403865, 0.9576354902146000381, 13.76713617905688558 ) ) ;
#1085 = CARTESIAN_POINT ( 'NONE',  ( -19.19854447586999768, 18.66014685357913194, 26.02581912865466052 ) ) ;
#1086 = PLANE ( 'NONE',  #2005 ) ;
#1087 = EDGE_CURVE ( 'NONE', #2553, #2983, #1565, .T. ) ;
#1088 = VECTOR ( 'NONE', #1682, 1000.000000000000000 ) ;
#1089 = ORIENTED_EDGE ( 'NONE', *, *, #1809, .F. ) ;
#1090 = VERTEX_POINT ( 'NONE', #1487 ) ;
#1091 = ADVANCED_FACE ( 'NONE', ( #3569 ), #4260, .F. ) ;
#1092 = VECTOR ( 'NONE', #2597, 1000.000000000000000 ) ;
#1093 = CARTESIAN_POINT ( 'NONE',  ( 18.19999999999997087, 0.9576354902145999271, 10.61037676031999943 ) ) ;
#1094 = CARTESIAN_POINT ( 'NONE',  ( -19.19854447586999768, 0.9576354902146033687, 11.61037676032001542 ) ) ;
#1095 = DIRECTION ( 'NONE',  ( 0.000000000000000000, 9.912705577010296953E-16, 1.000000000000000000 ) ) ;
#1096 = CARTESIAN_POINT ( 'NONE',  ( -19.19854447586999768, 84.09810808893803369, 23.04310718037919159 ) ) ;
#1097 = ADVANCED_FACE ( 'NONE', ( #1878 ), #2228, .T. ) ;
#1098 = ORIENTED_EDGE ( 'NONE', *, *, #2232, .T. ) ;
#1099 = FACE_OUTER_BOUND ( 'NONE', #3589, .T. ) ;
#1100 = ORIENTED_EDGE ( 'NONE', *, *, #1488, .F. ) ;
#1101 = ORIENTED_EDGE ( 'NONE', *, *, #2685, .T. ) ;
#1102 = CARTESIAN_POINT ( 'NONE',  ( -8.000000000000003553, 95.35326102969091266, -26.70591065658355490 ) ) ;
#1103 = VERTEX_POINT ( 'NONE', #1230 ) ;
#1104 = VECTOR ( 'NONE', #3606, 1000.000000000000000 ) ;
#1105 = ORIENTED_EDGE ( 'NONE', *, *, #13, .T. ) ;
#1106 = DIRECTION ( 'NONE',  ( 0.000000000000000000, 0.000000000000000000, 1.000000000000000000 ) ) ;
#1107 = DIRECTION ( 'NONE',  ( 0.000000000000000000, -0.5658434441295098205, 0.8245127025920547803 ) ) ;
#1108 = DIRECTION ( 'NONE',  ( 0.000000000000000000, 0.000000000000000000, 1.000000000000000000 ) ) ;
#1109 = EDGE_LOOP ( 'NONE', ( #3823, #3623, #4376, #404 ) ) ;
#1110 = AXIS2_PLACEMENT_3D ( 'NONE', #1338, #2093, #3740 ) ;
#1111 = ADVANCED_FACE ( 'NONE', ( #3845 ), #3531, .T. ) ;
#1112 = DIRECTION ( 'NONE',  ( 0.7071067811865444641, 0.4001117364339295546, -0.5830185231772916366 ) ) ;
#1113 = CARTESIAN_POINT ( 'NONE',  ( 15.00145552412999983, 73.83029765206734396, -8.822978277560348914 ) ) ;
#1114 = CARTESIAN_POINT ( 'NONE',  ( 18.20000000000000639, 65.26807886336607112, -13.40281874861144296 ) ) ;
#1115 = CARTESIAN_POINT ( 'NONE',  ( -19.19854447586999768, 66.20048388967148867, -11.63346268865053723 ) ) ;
#1116 = ORIENTED_EDGE ( 'NONE', *, *, #3070, .T. ) ;
#1117 = CARTESIAN_POINT ( 'NONE',  ( 15.71263516863454335, 0.9576354902146000381, 13.43326650016243917 ) ) ;
#1118 = EDGE_CURVE ( 'NONE', #3371, #2352, #2140, .T. ) ;
#1119 = ORIENTED_EDGE ( 'NONE', *, *, #806, .F. ) ;
#1120 = ADVANCED_FACE ( 'NONE', ( #661 ), #1919, .F. ) ;
#1121 = ORIENTED_EDGE ( 'NONE', *, *, #2392, .T. ) ;
#1122 = DIRECTION ( 'NONE',  ( -0.000000000000000000, 0.1829067867433671613, 0.9831302596112156955 ) ) ;
#1123 = ORIENTED_EDGE ( 'NONE', *, *, #3715, .T. ) ;
#1124 = AXIS2_PLACEMENT_3D ( 'NONE', #536, #2630, #3978 ) ;
#1125 = VECTOR ( 'NONE', #2797, 999.9999999999998863 ) ;
#1126 = EDGE_CURVE ( 'NONE', #1045, #3422, #1568, .T. ) ;
#1127 = VERTEX_POINT ( 'NONE', #4348 ) ;
#1128 = UNCERTAINTY_MEASURE_WITH_UNIT (LENGTH_MEASURE( 1.000000000000000082E-05 ), #167, 'distance_accuracy_value', 'NONE');
#1129 = CARTESIAN_POINT ( 'NONE',  ( -19.19854447586999768, 67.89979237755500208, -21.53145567272650140 ) ) ;
#1130 = CYLINDRICAL_SURFACE ( 'NONE', #3175, 0.9499999999999995115 ) ;
#1131 = FACE_OUTER_BOUND ( 'NONE', #424, .T. ) ;
#1132 = CARTESIAN_POINT ( 'NONE',  ( -13.99854447587000195, 73.46619090683800835, -15.13704402619880085 ) ) ;
#1133 = AXIS2_PLACEMENT_3D ( 'NONE', #3167, #3248, #189 ) ;
#1134 = ORIENTED_EDGE ( 'NONE', *, *, #3162, .T. ) ;
#1135 = AXIS2_PLACEMENT_3D ( 'NONE', #3481, #3879, #2200 ) ;
#1136 = DIRECTION ( 'NONE',  ( 1.000000000000000000, 0.000000000000000000, 0.000000000000000000 ) ) ;
#1137 = CARTESIAN_POINT ( 'NONE',  ( 15.71263516863570509, 0.9576354902113980438, 35.18748702047956556 ) ) ;
#1138 = FACE_OUTER_BOUND ( 'NONE', #2366, .T. ) ;
#1139 = CARTESIAN_POINT ( 'NONE',  ( -18.19854447587001189, 95.67753909233552179, 6.170263551737113161 ) ) ;
#1140 = ORIENTED_EDGE ( 'NONE', *, *, #2388, .T. ) ;
#1141 = PLANE ( 'NONE',  #2226 ) ;
#1142 = AXIS2_PLACEMENT_3D ( 'NONE', #4362, #1313, #2660 ) ;
#1143 = ORIENTED_EDGE ( 'NONE', *, *, #2639, .F. ) ;
#1144 = CARTESIAN_POINT ( 'NONE',  ( 9.349999999999999645, 7.109894321884000057, 14.31037676031999872 ) ) ;
#1145 = EDGE_CURVE ( 'NONE', #2314, #2480, #4043, .T. ) ;
#1146 = EDGE_CURVE ( 'NONE', #2454, #413, #4324, .T. ) ;
#1147 = ORIENTED_EDGE ( 'NONE', *, *, #2069, .F. ) ;
#1148 = VECTOR ( 'NONE', #3483, 999.9999999999998863 ) ;
#1149 = ORIENTED_EDGE ( 'NONE', *, *, #3499, .T. ) ;
#1150 = EDGE_CURVE ( 'NONE', #1657, #4059, #458, .T. ) ;
#1151 = DIRECTION ( 'NONE',  ( 0.7071067811865514585, -0.4001117364339282778, 0.5830185231772838650 ) ) ;
#1152 = PLANE ( 'NONE',  #59 ) ;
#1153 = CARTESIAN_POINT ( 'NONE',  ( 92.13349655500205415, 66.20048388967148867, -11.63346268865053723 ) ) ;
#1154 = CARTESIAN_POINT ( 'NONE',  ( 19.19999999999999929, 14.60989432188499926, 35.51037676031999979 ) ) ;
#1155 = CIRCLE ( 'NONE', #386, 3.149999999999986144 ) ;
#1156 = CARTESIAN_POINT ( 'NONE',  ( -11.49854447587000017, 93.72332935876170268, 4.829135922386499580 ) ) ;
#1157 = CARTESIAN_POINT ( 'NONE',  ( 15.10000000000000142, 0.9576354902146000381, 35.51037676031997847 ) ) ;
#1158 = CARTESIAN_POINT ( 'NONE',  ( 14.14999999999997193, 7.109894321884000057, 10.61037676031999943 ) ) ;
#1159 = DIRECTION ( 'NONE',  ( 1.000000000000000000, 0.000000000000000000, 0.000000000000000000 ) ) ;
#1160 = CIRCLE ( 'NONE', #1807, 6.000000000000000000 ) ;
#1161 = VERTEX_POINT ( 'NONE', #3705 ) ;
#1162 = CARTESIAN_POINT ( 'NONE',  ( 42.44006885219000225, 0.9576354902146000381, 26.31037676031999695 ) ) ;
#1163 = CIRCLE ( 'NONE', #745, 0.9499999999999995115 ) ;
#1164 = ORIENTED_EDGE ( 'NONE', *, *, #2473, .T. ) ;
#1165 = DIRECTION ( 'NONE',  ( 0.7071067811865504593, -0.4001117364339262239, 0.5830185231772867516 ) ) ;
#1166 = ORIENTED_EDGE ( 'NONE', *, *, #2860, .F. ) ;
#1167 = EDGE_CURVE ( 'NONE', #355, #646, #2910, .T. ) ;
#1168 = CARTESIAN_POINT ( 'NONE',  ( 0.000000000000000000, 38.04683935021300556, -39.44450200789950145 ) ) ;
#1169 = ORIENTED_EDGE ( 'NONE', *, *, #3903, .T. ) ;
#1170 = DIRECTION ( 'NONE',  ( 1.000000000000000000, 0.000000000000000000, 0.000000000000000000 ) ) ;
#1171 = AXIS2_PLACEMENT_3D ( 'NONE', #4077, #3742, #4101 ) ;
#1172 = EDGE_CURVE ( 'NONE', #4343, #3868, #2271, .T. ) ;
#1173 = EDGE_CURVE ( 'NONE', #3131, #2983, #795, .T. ) ;
#1174 = CYLINDRICAL_SURFACE ( 'NONE', #3670, 0.9499999999999995115 ) ;
#1175 = DIRECTION ( 'NONE',  ( 0.7071067811865426878, 0.000000000000000000, 0.7071067811865524577 ) ) ;
#1176 = LINE ( 'NONE', #2439, #1444 ) ;
#1177 = VECTOR ( 'NONE', #3793, 1000.000000000000000 ) ;
#1178 = FACE_OUTER_BOUND ( 'NONE', #392, .T. ) ;
#1179 = CARTESIAN_POINT ( 'NONE',  ( 19.19999999999999929, 100.2042866453715249, -0.4258380689992684043 ) ) ;
#1180 = DIRECTION ( 'NONE',  ( 0.000000000000000000, -0.8245127025920545583, -0.5658434441295103756 ) ) ;
#1181 = FACE_OUTER_BOUND ( 'NONE', #3997, .T. ) ;
#1182 = ORIENTED_EDGE ( 'NONE', *, *, #610, .T. ) ;
#1183 = AXIS2_PLACEMENT_3D ( 'NONE', #1359, #2348, #3764 ) ;
#1184 = CARTESIAN_POINT ( 'NONE',  ( 18.20000000000000995, 14.60989432188499926, 38.51037676031999979 ) ) ;
#1185 = ORIENTED_EDGE ( 'NONE', *, *, #4182, .F. ) ;
#1186 = VECTOR ( 'NONE', #3240, 1000.000000000000000 ) ;
#1187 = LINE ( 'NONE', #1144, #3497 ) ;
#1188 = CIRCLE ( 'NONE', #4040, 2.500000000000002220 ) ;
#1189 = VERTEX_POINT ( 'NONE', #281 ) ;
#1190 = CARTESIAN_POINT ( 'NONE',  ( 16.50145552412999805, 81.94883717045391336, -3.251417829863580078 ) ) ;
#1191 = ORIENTED_EDGE ( 'NONE', *, *, #3104, .T. ) ;
#1192 = VECTOR ( 'NONE', #2927, 999.9999999999998863 ) ;
#1193 = EDGE_CURVE ( 'NONE', #3397, #485, #3265, .T. ) ;
#1194 = DIRECTION ( 'NONE',  ( 5.782411586589341467E-15, -0.8245127025920558905, -0.5658434441295083772 ) ) ;
#1195 = DIRECTION ( 'NONE',  ( 1.000000000000000000, 0.000000000000000000, 0.000000000000000000 ) ) ;
#1196 = DIRECTION ( 'NONE',  ( 0.000000000000000000, 0.000000000000000000, 1.000000000000000000 ) ) ;
#1197 = ADVANCED_FACE ( 'NONE', ( #574 ), #3658, .F. ) ;
#1198 = ADVANCED_FACE ( 'NONE', ( #1299 ), #328, .F. ) ;
#1199 = DIRECTION ( 'NONE',  ( -1.000000000000000000, 0.000000000000000000, 0.000000000000000000 ) ) ;
#1200 = CYLINDRICAL_SURFACE ( 'NONE', #580, 1.650000000000000355 ) ;
#1201 = LINE ( 'NONE', #127, #219 ) ;
#1202 = LINE ( 'NONE', #3544, #3634 ) ;
#1203 = AXIS2_PLACEMENT_3D ( 'NONE', #4350, #1301, #2651 ) ;
#1204 = ORIENTED_EDGE ( 'NONE', *, *, #3792, .F. ) ;
#1205 = FACE_OUTER_BOUND ( 'NONE', #1981, .T. ) ;
#1206 = EDGE_CURVE ( 'NONE', #362, #1819, #236, .T. ) ;
#1207 = CONICAL_SURFACE ( 'NONE', #1782, 1.650000000000000355, 0.7853981633974548293 ) ;
#1208 = ORIENTED_EDGE ( 'NONE', *, *, #1036, .F. ) ;
#1209 = PLANE ( 'NONE',  #1005 ) ;
#1210 = ORIENTED_EDGE ( 'NONE', *, *, #3350, .F. ) ;
#1211 = AXIS2_PLACEMENT_3D ( 'NONE', #4396, #619, #3320 ) ;
#1212 = ORIENTED_EDGE ( 'NONE', *, *, #778, .F. ) ;
#1213 = DIRECTION ( 'NONE',  ( -1.000000000000000000, 0.000000000000000000, 0.000000000000000000 ) ) ;
#1214 = ORIENTED_EDGE ( 'NONE', *, *, #1018, .T. ) ;
#1215 = VECTOR ( 'NONE', #382, 1000.000000000000000 ) ;
#1216 = CARTESIAN_POINT ( 'NONE',  ( 0.000000000000000000, 38.04683935021300556, -39.44450200789950145 ) ) ;
#1217 = FACE_OUTER_BOUND ( 'NONE', #3617, .T. ) ;
#1218 = DIRECTION ( 'NONE',  ( 1.000000000000000000, -0.000000000000000000, -0.000000000000000000 ) ) ;
#1219 = AXIS2_PLACEMENT_3D ( 'NONE', #2886, #1290, #2614 ) ;
#1220 = CIRCLE ( 'NONE', #668, 0.9499999999999995115 ) ;
#1221 = CARTESIAN_POINT ( 'NONE',  ( 16.50145552413000161, 76.09367142858538102, -12.12102908792853562 ) ) ;
#1222 = ADVANCED_FACE ( 'NONE', ( #1249 ), #1677, .F. ) ;
#1223 = DIRECTION ( 'NONE',  ( 0.7071067811865435759, -0.4001117364339275007, 0.5830185231772939680 ) ) ;
#1224 = CARTESIAN_POINT ( 'NONE',  ( 19.19999999999999929, 26.64056037936930821, 9.560124228625820564 ) ) ;
#1225 = EDGE_LOOP ( 'NONE', ( #1700, #2933, #1983, #965 ) ) ;
#1226 = ORIENTED_EDGE ( 'NONE', *, *, #2192, .T. ) ;
#1227 = CARTESIAN_POINT ( 'NONE',  ( 18.20000000000000995, 14.60989432188499926, 35.51037676031999979 ) ) ;
#1228 = EDGE_CURVE ( 'NONE', #2441, #2428, #2248, .T. ) ;
#1229 = VERTEX_POINT ( 'NONE', #4302 ) ;
#1230 = CARTESIAN_POINT ( 'NONE',  ( 18.19999999999996732, 66.60336886959578351, -22.48556198050007282 ) ) ;
#1231 = EDGE_CURVE ( 'NONE', #2211, #917, #3038, .T. ) ;
#1232 = LINE ( 'NONE', #282, #1591 ) ;
#1233 = EDGE_LOOP ( 'NONE', ( #3355, #3608, #509, #2989, #3278 ) ) ;
#1234 = AXIS2_PLACEMENT_3D ( 'NONE', #2943, #333, #2654 ) ;
#1235 = CARTESIAN_POINT ( 'NONE',  ( -10.12556112966256983, 95.78461111524178762, 6.243744532710270967 ) ) ;
#1236 = AXIS2_PLACEMENT_3D ( 'NONE', #995, #265, #3375 ) ;
#1237 = VERTEX_POINT ( 'NONE', #2714 ) ;
#1238 = CARTESIAN_POINT ( 'NONE',  ( -19.19854447586999768, 23.60989432188499748, 30.97556659696046566 ) ) ;
#1239 = DIRECTION ( 'NONE',  ( 0.000000000000000000, 0.000000000000000000, 1.000000000000000000 ) ) ;
#1240 = FACE_OUTER_BOUND ( 'NONE', #2898, .T. ) ;
#1241 = VECTOR ( 'NONE', #614, 1000.000000000000114 ) ;
#1242 = LINE ( 'NONE', #654, #4221 ) ;
#1243 = DIRECTION ( 'NONE',  ( 2.312964634635737139E-15, -0.8245127025920560015, -0.5658434441295082662 ) ) ;
#1244 = CARTESIAN_POINT ( 'NONE',  ( 14.62645552412999805, 91.72750188008951966, 3.459447025090097938 ) ) ;
#1245 = ORIENTED_EDGE ( 'NONE', *, *, #347, .T. ) ;
#1246 = DIRECTION ( 'NONE',  ( -6.162975822039154730E-33, -0.5658434441295102646, 0.8245127025920545583 ) ) ;
#1247 = EDGE_CURVE ( 'NONE', #1332, #2251, #4246, .T. ) ;
#1248 = ORIENTED_EDGE ( 'NONE', *, *, #314, .F. ) ;
#1249 = FACE_OUTER_BOUND ( 'NONE', #756, .T. ) ;
#1250 = DIRECTION ( 'NONE',  ( 0.000000000000000000, 0.000000000000000000, 1.000000000000000000 ) ) ;
#1251 = LINE ( 'NONE', #283, #80 ) ;
#1252 = AXIS2_PLACEMENT_3D ( 'NONE', #230, #3247, #3673 ) ;
#1253 = EDGE_CURVE ( 'NONE', #1676, #3944, #1188, .T. ) ;
#1254 = ORIENTED_EDGE ( 'NONE', *, *, #667, .T. ) ;
#1255 = FACE_OUTER_BOUND ( 'NONE', #2125, .T. ) ;
#1256 = EDGE_CURVE ( 'NONE', #71, #3123, #3117, .T. ) ;
#1257 = AXIS2_PLACEMENT_3D ( 'NONE', #3960, #3284, #1597 ) ;
#1258 = CARTESIAN_POINT ( 'NONE',  ( 11.00000000000000000, 7.109894321884000057, 14.31037676031999872 ) ) ;
#1259 = CARTESIAN_POINT ( 'NONE',  ( 15.10000000000000142, 11.10989432188000059, 14.11037676031999943 ) ) ;
#1260 = EDGE_CURVE ( 'NONE', #2258, #680, #1898, .T. ) ;
#1261 = VECTOR ( 'NONE', #743, 1000.000000000000114 ) ;
#1262 = ORIENTED_EDGE ( 'NONE', *, *, #1665, .F. ) ;
#1263 = LINE ( 'NONE', #1618, #2748 ) ;
#1264 = CARTESIAN_POINT ( 'NONE',  ( 14.00145552413000338, 95.98670313527976816, 1.531085112018253813 ) ) ;
#1265 = CARTESIAN_POINT ( 'NONE',  ( -19.19854447586999768, 0.9576354902146000381, 14.11037676031999943 ) ) ;
#1266 = CIRCLE ( 'NONE', #3830, 3.000000000000000444 ) ;
#1267 = CIRCLE ( 'NONE', #3831, 0.9499999999999995115 ) ;
#1268 = DIRECTION ( 'NONE',  ( 0.000000000000000000, -0.8245127025920535591, -0.5658434441295118189 ) ) ;
#1269 = DIRECTION ( 'NONE',  ( 2.842170943040399817E-16, 0.5658434441295098205, -0.8245127025920547803 ) ) ;
#1270 = CARTESIAN_POINT ( 'NONE',  ( -14.99854447586999839, 91.76677444677433471, 3.486398852906468004 ) ) ;
#1271 = ORIENTED_EDGE ( 'NONE', *, *, #670, .T. ) ;
#1272 = CARTESIAN_POINT ( 'NONE',  ( -19.19854447586999768, 67.89979237755500208, -16.53145567272651562 ) ) ;
#1273 = EDGE_LOOP ( 'NONE', ( #2707, #724, #3379, #3339 ) ) ;
#1274 = CARTESIAN_POINT ( 'NONE',  ( -5.999999999999996447, 71.87366920783595958, -17.23470132404364463 ) ) ;
#1275 = CARTESIAN_POINT ( 'NONE',  ( 18.20000000000000995, 0.9576354902146000381, 38.51037676031999979 ) ) ;
#1276 = CARTESIAN_POINT ( 'NONE',  ( 0.0007277620649992490006, 75.31915112250879929, -18.71675189540270168 ) ) ;
#1277 = ORIENTED_EDGE ( 'NONE', *, *, #4224, .F. ) ;
#1278 = DIRECTION ( 'NONE',  ( 0.000000000000000000, -0.8245127025920553354, -0.5658434441295091544 ) ) ;
#1279 = VECTOR ( 'NONE', #3919, 1000.000000000000114 ) ;
#1280 = EDGE_CURVE ( 'NONE', #2768, #4102, #3934, .T. ) ;
#1281 = AXIS2_PLACEMENT_3D ( 'NONE', #3313, #1269, #590 ) ;
#1282 = FACE_OUTER_BOUND ( 'NONE', #1916, .T. ) ;
#1283 = LINE ( 'NONE', #3909, #1904 ) ;
#1284 = EDGE_CURVE ( 'NONE', #2788, #1069, #3815, .T. ) ;
#1285 = CIRCLE ( 'NONE', #1142, 1.500000000000003775 ) ;
#1286 = VERTEX_POINT ( 'NONE', #60 ) ;
#1287 = DIRECTION ( 'NONE',  ( -5.684341886080804564E-16, 0.5658434441295102646, -0.8245127025920545583 ) ) ;
#1288 = ADVANCED_FACE ( 'NONE', ( #349 ), #2758, .F. ) ;
#1289 = CARTESIAN_POINT ( 'NONE',  ( -16.92069738514891952, 0.9576354902146000381, 14.11037676031999943 ) ) ;
#1290 = DIRECTION ( 'NONE',  ( 1.000000000000000000, -0.000000000000000000, -0.000000000000000000 ) ) ;
#1291 = DIRECTION ( 'NONE',  ( 0.000000000000000000, -0.5658434441295098205, 0.8245127025920547803 ) ) ;
#1292 = CARTESIAN_POINT ( 'NONE',  ( -18.19854447586996571, 66.83659659810255960, -16.49009662519565111 ) ) ;
#1293 = DIRECTION ( 'NONE',  ( 0.000000000000000000, -0.8245127025920538921, -0.5658434441295111528 ) ) ;
#1294 = DIRECTION ( 'NONE',  ( 0.000000000000000000, 0.000000000000000000, -1.000000000000000000 ) ) ;
#1295 = DIRECTION ( 'NONE',  ( 0.000000000000000000, 0.000000000000000000, -1.000000000000000000 ) ) ;
#1296 = ORIENTED_EDGE ( 'NONE', *, *, #4182, .T. ) ;
#1297 = VECTOR ( 'NONE', #2778, 1000.000000000000000 ) ;
#1298 = VERTEX_POINT ( 'NONE', #3480 ) ;
#1299 = FACE_OUTER_BOUND ( 'NONE', #2874, .T. ) ;
#1300 = DIRECTION ( 'NONE',  ( 0.000000000000000000, -0.5658434441295098205, 0.8245127025920547803 ) ) ;
#1301 = DIRECTION ( 'NONE',  ( -1.000000000000000000, 0.000000000000000000, 0.000000000000000000 ) ) ;
#1302 = ORIENTED_EDGE ( 'NONE', *, *, #3917, .T. ) ;
#1303 = VERTEX_POINT ( 'NONE', #2355 ) ;
#1304 = DIRECTION ( 'NONE',  ( 1.000000000000000000, 0.000000000000000000, 0.000000000000000000 ) ) ;
#1305 = VECTOR ( 'NONE', #3527, 1000.000000000000000 ) ;
#1306 = CARTESIAN_POINT ( 'NONE',  ( -12.65000000000000036, 7.109894321884000057, 34.51037676031999979 ) ) ;
#1307 = AXIS2_PLACEMENT_3D ( 'NONE', #1586, #3274, #4303 ) ;
#1308 = EDGE_CURVE ( 'NONE', #1410, #1045, #3435, .T. ) ;
#1309 = VECTOR ( 'NONE', #872, 999.9999999999998863 ) ;
#1310 = ORIENTED_EDGE ( 'NONE', *, *, #2633, .T. ) ;
#1311 = DIRECTION ( 'NONE',  ( 0.000000000000000000, 5.551115123125800846E-15, 1.000000000000000000 ) ) ;
#1312 = PLANE ( 'NONE',  #1769 ) ;
#1313 = DIRECTION ( 'NONE',  ( 0.000000000000000000, -0.5658434441295098205, 0.8245127025920547803 ) ) ;
#1314 = EDGE_CURVE ( 'NONE', #3451, #2141, #2443, .T. ) ;
#1315 = ADVANCED_FACE ( 'NONE', ( #396 ), #3746, .F. ) ;
#1316 = CARTESIAN_POINT ( 'NONE',  ( -5.999999999999972466, 85.53883033781976053, -5.639041326248168673 ) ) ;
#1317 = CARTESIAN_POINT ( 'NONE',  ( -9.349999999999999645, 7.109894321884000057, 14.11037676031999943 ) ) ;
#1318 = DIRECTION ( 'NONE',  ( 0.000000000000000000, -0.5658434441295098205, 0.8245127025920547803 ) ) ;
#1319 = ORIENTED_EDGE ( 'NONE', *, *, #98, .T. ) ;
#1320 = FACE_OUTER_BOUND ( 'NONE', #2398, .T. ) ;
#1321 = ORIENTED_EDGE ( 'NONE', *, *, #123, .T. ) ;
#1322 = ORIENTED_EDGE ( 'NONE', *, *, #3739, .T. ) ;
#1323 = ORIENTED_EDGE ( 'NONE', *, *, #1455, .F. ) ;
#1324 = CARTESIAN_POINT ( 'NONE',  ( -8.022399770541575492, 71.39984463864318798, -16.54427293761833440 ) ) ;
#1325 = LINE ( 'NONE', #1608, #1453 ) ;
#1326 = FACE_OUTER_BOUND ( 'NONE', #3825, .T. ) ;
#1327 = EDGE_LOOP ( 'NONE', ( #2082, #3616, #1483, #1581 ) ) ;
#1328 = ORIENTED_EDGE ( 'NONE', *, *, #2727, .T. ) ;
#1329 = CARTESIAN_POINT ( 'NONE',  ( 19.19999999999999929, 66.20048388967148867, -11.63346268865053723 ) ) ;
#1330 = DIRECTION ( 'NONE',  ( 0.5270506108201920004, 0.8498338976729878924, 0.000000000000000000 ) ) ;
#1331 = VECTOR ( 'NONE', #163, 1000.000000000000114 ) ;
#1332 = VERTEX_POINT ( 'NONE', #4129 ) ;
#1333 = DIRECTION ( 'NONE',  ( -1.000000000000000000, 0.000000000000000000, 0.000000000000000000 ) ) ;
#1334 = AXIS2_PLACEMENT_3D ( 'NONE', #4171, #1112, #3859 ) ;
#1335 = ADVANCED_FACE ( 'NONE', ( #2055 ), #16, .F. ) ;
#1336 = AXIS2_PLACEMENT_3D ( 'NONE', #4100, #3765, #722 ) ;
#1337 = EDGE_CURVE ( 'NONE', #917, #2595, #2099, .T. ) ;
#1338 = CARTESIAN_POINT ( 'NONE',  ( 15.00145552412999805, 90.53000539288620985, 2.637633686712260506 ) ) ;
#1339 = DIRECTION ( 'NONE',  ( 1.000000000000000000, 0.000000000000000000, 0.000000000000000000 ) ) ;
#1340 = DIRECTION ( 'NONE',  ( 0.000000000000000000, -0.5658434441295098205, 0.8245127025920547803 ) ) ;
#1341 = EDGE_CURVE ( 'NONE', #573, #1069, #2030, .T. ) ;
#1342 = VECTOR ( 'NONE', #223, 1000.000000000000000 ) ;
#1343 = ORIENTED_EDGE ( 'NONE', *, *, #2855, .F. ) ;
#1344 = AXIS2_PLACEMENT_3D ( 'NONE', #718, #2067, #3427 ) ;
#1345 = VERTEX_POINT ( 'NONE', #1007 ) ;
#1346 = ORIENTED_EDGE ( 'NONE', *, *, #2781, .T. ) ;
#1347 = DIRECTION ( 'NONE',  ( 0.000000000000000000, -0.5658434441295098205, 0.8245127025920547803 ) ) ;
#1348 = CARTESIAN_POINT ( 'NONE',  ( 13.05145552413000232, 93.72332935876271165, 4.829135922385150437 ) ) ;
#1349 = FACE_OUTER_BOUND ( 'NONE', #4063, .T. ) ;
#1350 = VERTEX_POINT ( 'NONE', #3390 ) ;
#1351 = EDGE_CURVE ( 'NONE', #1437, #3685, #2114, .T. ) ;
#1352 = VERTEX_POINT ( 'NONE', #2528 ) ;
#1353 = CARTESIAN_POINT ( 'NONE',  ( 19.19999999999999574, 66.20048388967148867, -11.63346268865053723 ) ) ;
#1354 = FACE_OUTER_BOUND ( 'NONE', #915, .T. ) ;
#1355 = AXIS2_PLACEMENT_3D ( 'NONE', #1008, #3093, #2056 ) ;
#1356 = ORIENTED_EDGE ( 'NONE', *, *, #1803, .F. ) ;
#1357 = VECTOR ( 'NONE', #2783, 999.9999999999998863 ) ;
#1358 = ORIENTED_EDGE ( 'NONE', *, *, #3679, .F. ) ;
#1359 = CARTESIAN_POINT ( 'NONE',  ( -11.00000000000000000, 7.109894321884000057, 38.51037676031999979 ) ) ;
#1360 = CARTESIAN_POINT ( 'NONE',  ( 42.44006885219000225, 0.9576354902146000381, 26.31037676031999695 ) ) ;
#1361 = LINE ( 'NONE', #2331, #2876 ) ;
#1362 = AXIS2_PLACEMENT_3D ( 'NONE', #731, #2717, #4085 ) ;
#1363 = ORIENTED_EDGE ( 'NONE', *, *, #928, .F. ) ;
#1364 = ORIENTED_EDGE ( 'NONE', *, *, #1488, .T. ) ;
#1365 = EDGE_CURVE ( 'NONE', #3131, #2267, #3184, .T. ) ;
#1366 = ORIENTED_EDGE ( 'NONE', *, *, #2520, .T. ) ;
#1367 = CARTESIAN_POINT ( 'NONE',  ( -16.49854447586999839, 70.63697368619189376, -11.01448051323450095 ) ) ;
#1368 = DIRECTION ( 'NONE',  ( 0.000000000000000000, 0.8846780299804521963, -0.4662025131527135491 ) ) ;
#1369 = CARTESIAN_POINT ( 'NONE',  ( 16.92069738514887334, 0.9576354902146000381, 34.51037676031999979 ) ) ;
#1370 = CARTESIAN_POINT ( 'NONE',  ( 18.19999999999996732, 46.78146719713878809, -11.99499615151700027 ) ) ;
#1371 = ORIENTED_EDGE ( 'NONE', *, *, #2629, .F. ) ;
#1372 = CARTESIAN_POINT ( 'NONE',  ( 16.31923971453400668, 0.9576354902146000381, 13.76713617905689446 ) ) ;
#1373 = EDGE_CURVE ( 'NONE', #3068, #3211, #846, .T. ) ;
#1374 = ADVANCED_FACE ( 'NONE', ( #3836 ), #3559, .T. ) ;
#1375 = VERTEX_POINT ( 'NONE', #521 ) ;
#1376 = LINE ( 'NONE', #3102, #2794 ) ;
#1377 = ORIENTED_EDGE ( 'NONE', *, *, #3891, .F. ) ;
#1378 = VECTOR ( 'NONE', #2198, 999.9999999999998863 ) ;
#1379 = EDGE_LOOP ( 'NONE', ( #3020, #36, #3253, #93 ) ) ;
#1380 = CIRCLE ( 'NONE', #1020, 12.99999999999998224 ) ;
#1381 = CARTESIAN_POINT ( 'NONE',  ( 16.19999999999999929, 100.7701300895010519, -1.250350771591330679 ) ) ;
#1382 = CARTESIAN_POINT ( 'NONE',  ( 14.95145552413000090, 93.72332935876271165, 4.829135922385150437 ) ) ;
#1383 = CARTESIAN_POINT ( 'NONE',  ( 0.0007277620649981388860, 17.60989432188499748, 11.65518838015890069 ) ) ;
#1384 = AXIS2_PLACEMENT_3D ( 'NONE', #1614, #1924, #2702 ) ;
#1385 = ORIENTED_EDGE ( 'NONE', *, *, #3023, .T. ) ;
#1386 = ORIENTED_EDGE ( 'NONE', *, *, #3378, .T. ) ;
#1387 = EDGE_LOOP ( 'NONE', ( #776, #2407, #3091, #598 ) ) ;
#1388 = DIRECTION ( 'NONE',  ( 0.000000000000000000, 0.5658434441295098205, -0.8245127025920547803 ) ) ;
#1389 = DIRECTION ( 'NONE',  ( -1.000000000000000000, 0.000000000000000000, 0.000000000000000000 ) ) ;
#1390 = LINE ( 'NONE', #2716, #3196 ) ;
#1391 = LINE ( 'NONE', #709, #2706 ) ;
#1392 = EDGE_LOOP ( 'NONE', ( #3924, #2463, #961, #1527 ) ) ;
#1393 = CARTESIAN_POINT ( 'NONE',  ( -18.19854447586996926, 67.89979237755500208, -16.53145567272651562 ) ) ;
#1394 = ADVANCED_FACE ( 'NONE', ( #3204, #145, #2218 ), #2846, .T. ) ;
#1395 = ORIENTED_EDGE ( 'NONE', *, *, #2305, .F. ) ;
#1396 = ORIENTED_EDGE ( 'NONE', *, *, #667, .F. ) ;
#1397 = FACE_OUTER_BOUND ( 'NONE', #641, .T. ) ;
#1398 = EDGE_CURVE ( 'NONE', #3910, #1237, #830, .T. ) ;
#1399 = EDGE_CURVE ( 'NONE', #1077, #2361, #108, .T. ) ;
#1400 = ORIENTED_EDGE ( 'NONE', *, *, #2605, .T. ) ;
#1401 = ORIENTED_EDGE ( 'NONE', *, *, #1284, .F. ) ;
#1402 = CONICAL_SURFACE ( 'NONE', #2591, 7.000000000000016875, 0.7853981633974421728 ) ;
#1403 = EDGE_CURVE ( 'NONE', #2096, #4227, #1155, .T. ) ;
#1404 = CARTESIAN_POINT ( 'NONE',  ( -10.12556112966257693, 69.81246098359982000, -11.58032395736408127 ) ) ;
#1405 = VECTOR ( 'NONE', #1641, 1000.000000000000000 ) ;
#1406 = LINE ( 'NONE', #2070, #2677 ) ;
#1407 = CARTESIAN_POINT ( 'NONE',  ( 19.19999999999999929, 67.89801422206001291, -14.10700079642669280 ) ) ;
#1408 = FACE_OUTER_BOUND ( 'NONE', #1233, .T. ) ;
#1409 = EDGE_LOOP ( 'NONE', ( #3432, #420, #623, #3049 ) ) ;
#1410 = VERTEX_POINT ( 'NONE', #1516 ) ;
#1411 = VECTOR ( 'NONE', #517, 999.9999999999998863 ) ;
#1412 = CARTESIAN_POINT ( 'NONE',  ( -1.065814103639999922E-14, -23.39010567811999763, 14.11037676031999943 ) ) ;
#1413 = FACE_OUTER_BOUND ( 'NONE', #3700, .T. ) ;
#1414 = CARTESIAN_POINT ( 'NONE',  ( -11.00000000000000000, 7.109894321884000057, 37.01037676032003532 ) ) ;
#1415 = CARTESIAN_POINT ( 'NONE',  ( 11.00000000000000000, 7.109894321884000057, 10.61037676031999943 ) ) ;
#1416 = ORIENTED_EDGE ( 'NONE', *, *, #2152, .F. ) ;
#1417 = CARTESIAN_POINT ( 'NONE',  ( -13.98517405423499937, 95.78461111524190130, 6.243744532710270967 ) ) ;
#1418 = VERTEX_POINT ( 'NONE', #125 ) ;
#1419 = DIRECTION ( 'NONE',  ( 0.000000000000000000, 0.9992442258840701363, -0.03887128808446423112 ) ) ;
#1420 = ORIENTED_EDGE ( 'NONE', *, *, #741, .T. ) ;
#1421 = EDGE_CURVE ( 'NONE', #4312, #4343, #2548, .T. ) ;
#1422 = ORIENTED_EDGE ( 'NONE', *, *, #555, .T. ) ;
#1423 = VECTOR ( 'NONE', #2447, 999.9999999999998863 ) ;
#1424 = DIRECTION ( 'NONE',  ( 0.000000000000000000, -6.938893903907228378E-15, 1.000000000000000000 ) ) ;
#1425 = AXIS2_PLACEMENT_3D ( 'NONE', #1414, #3119, #3838 ) ;
#1426 = EDGE_CURVE ( 'NONE', #2010, #1788, #4074, .T. ) ;
#1427 = FACE_OUTER_BOUND ( 'NONE', #4261, .T. ) ;
#1428 = LINE ( 'NONE', #1043, #2044 ) ;
#1429 = LINE ( 'NONE', #2048, #617 ) ;
#1430 = AXIS2_PLACEMENT_3D ( 'NONE', #2836, #876, #529 ) ;
#1431 = VERTEX_POINT ( 'NONE', #1869 ) ;
#1432 = ORIENTED_EDGE ( 'NONE', *, *, #44, .F. ) ;
#1433 = CARTESIAN_POINT ( 'NONE',  ( 6.316813380355240426, 71.86277611877466143, -17.21882857621080731 ) ) ;
#1434 = DIRECTION ( 'NONE',  ( -1.000000000000000000, 0.000000000000000000, 0.000000000000000000 ) ) ;
#1435 = DIRECTION ( 'NONE',  ( 0.000000000000000000, -0.8245127025920526709, -0.5658434441295129291 ) ) ;
#1436 = LINE ( 'NONE', #419, #1631 ) ;
#1437 = VERTEX_POINT ( 'NONE', #3524 ) ;
#1438 = VECTOR ( 'NONE', #856, 999.9999999999998863 ) ;
#1439 = CARTESIAN_POINT ( 'NONE',  ( 19.19999999999999929, 64.50558403233901572, -20.91348677509789411 ) ) ;
#1440 = ORIENTED_EDGE ( 'NONE', *, *, #2770, .F. ) ;
#1441 = EDGE_LOOP ( 'NONE', ( #2374, #2619, #368, #1356 ) ) ;
#1442 = CARTESIAN_POINT ( 'NONE',  ( 11.00000000000000000, 7.109894321884000057, 37.01037676032003532 ) ) ;
#1443 = ORIENTED_EDGE ( 'NONE', *, *, #41, .F. ) ;
#1444 = VECTOR ( 'NONE', #3138, 999.9999999999998863 ) ;
#1445 = AXIS2_PLACEMENT_3D ( 'NONE', #1258, #649, #2299 ) ;
#1446 = CIRCLE ( 'NONE', #1652, 2.000000000000001776 ) ;
#1447 = EDGE_LOOP ( 'NONE', ( #480, #3169 ) ) ;
#1448 = ADVANCED_FACE ( 'NONE', ( #1810 ), #501, .F. ) ;
#1449 = DIRECTION ( 'NONE',  ( -1.000000000000000000, 0.000000000000000000, 0.000000000000000000 ) ) ;
#1450 = DIRECTION ( 'NONE',  ( 0.000000000000000000, 0.5658434441295098205, -0.8245127025920547803 ) ) ;
#1451 = CARTESIAN_POINT ( 'NONE',  ( 14.95145552413000090, 70.63697368619270378, -11.01448051323580124 ) ) ;
#1452 = EDGE_CURVE ( 'NONE', #1589, #1431, #1479, .T. ) ;
#1453 = VECTOR ( 'NONE', #2249, 1000.000000000000000 ) ;
#1454 = ORIENTED_EDGE ( 'NONE', *, *, #3434, .T. ) ;
#1455 = EDGE_CURVE ( 'NONE', #435, #4343, #3441, .T. ) ;
#1456 = ORIENTED_EDGE ( 'NONE', *, *, #3378, .F. ) ;
#1457 = VECTOR ( 'NONE', #2958, 1000.000000000000000 ) ;
#1458 = DIRECTION ( 'NONE',  ( 1.000000000000000000, -0.000000000000000000, -0.000000000000000000 ) ) ;
#1459 = CARTESIAN_POINT ( 'NONE',  ( 18.20000000000000639, 56.68096213375051207, -2.095501214905391318 ) ) ;
#1460 = PLANE ( 'NONE',  #2196 ) ;
#1461 = DIRECTION ( 'NONE',  ( 0.000000000000000000, 0.8245127025920544472, 0.5658434441295103756 ) ) ;
#1462 = EDGE_LOOP ( 'NONE', ( #3412, #3722, #384, #159 ) ) ;
#1463 = DIRECTION ( 'NONE',  ( 0.000000000000000000, -0.1829067867433580574, -0.9831302596112173608 ) ) ;
#1464 = ADVANCED_FACE ( 'NONE', ( #1178 ), #2486, .F. ) ;
#1465 = ORIENTED_EDGE ( 'NONE', *, *, #123, .F. ) ;
#1466 = ORIENTED_EDGE ( 'NONE', *, *, #225, .F. ) ;
#1467 = DIRECTION ( 'NONE',  ( 0.000000000000000000, 0.8245127025920560015, 0.5658434441295082662 ) ) ;
#1468 = VERTEX_POINT ( 'NONE', #1156 ) ;
#1469 = CIRCLE ( 'NONE', #4379, 3.149999999999986144 ) ;
#1470 = VERTEX_POINT ( 'NONE', #1829 ) ;
#1471 = CARTESIAN_POINT ( 'NONE',  ( -14.99854447586999839, 92.79337916940426112, -0.6604171236559869262 ) ) ;
#1472 = VECTOR ( 'NONE', #1511, 1000.000000000000000 ) ;
#1473 = CARTESIAN_POINT ( 'NONE',  ( 9.349999999999999645, 7.109894321884000057, 12.11037676031997634 ) ) ;
#1474 = DIRECTION ( 'NONE',  ( 0.000000000000000000, -0.7071067811865440200, 0.7071067811865511255 ) ) ;
#1475 = DIRECTION ( 'NONE',  ( 1.000000000000000000, 0.000000000000000000, 0.000000000000000000 ) ) ;
#1476 = ORIENTED_EDGE ( 'NONE', *, *, #957, .T. ) ;
#1477 = VECTOR ( 'NONE', #2920, 1000.000000000000000 ) ;
#1478 = EDGE_CURVE ( 'NONE', #3105, #42, #4006, .T. ) ;
#1479 = LINE ( 'NONE', #2868, #1730 ) ;
#1480 = EDGE_CURVE ( 'NONE', #485, #2096, #867, .T. ) ;
#1481 = DIRECTION ( 'NONE',  ( 0.000000000000000000, 0.000000000000000000, 1.000000000000000000 ) ) ;
#1482 = FACE_OUTER_BOUND ( 'NONE', #3661, .T. ) ;
#1483 = ORIENTED_EDGE ( 'NONE', *, *, #3350, .T. ) ;
#1484 = CARTESIAN_POINT ( 'NONE',  ( 18.20000000000000995, 23.60989432188499748, 30.97556659696046566 ) ) ;
#1485 = AXIS2_PLACEMENT_3D ( 'NONE', #103, #55, #9 ) ;
#1486 = ORIENTED_EDGE ( 'NONE', *, *, #1991, .F. ) ;
#1487 = CARTESIAN_POINT ( 'NONE',  ( -16.19854447586999768, 98.71692064424117063, 7.043281181533592061 ) ) ;
#1488 = EDGE_CURVE ( 'NONE', #3819, #4048, #1242, .T. ) ;
#1489 = EDGE_LOOP ( 'NONE', ( #1034, #2611, #4127, #200, #4277, #4352, #802, #1140, #1055, #820, #2653, #4393, #255, #2671, #594, #1808, #3813, #3730, #3767, #974, #3567, #3486, #1560, #553, #3140 ) ) ;
#1490 = VECTOR ( 'NONE', #1999, 999.9999999999998863 ) ;
#1491 = AXIS2_PLACEMENT_3D ( 'NONE', #1272, #893, #962 ) ;
#1492 = ORIENTED_EDGE ( 'NONE', *, *, #3566, .T. ) ;
#1493 = LINE ( 'NONE', #3198, #3404 ) ;
#1494 = CARTESIAN_POINT ( 'NONE',  ( -18.19854447586996571, 66.60336886959578351, -22.48556198050007282 ) ) ;
#1495 = DIRECTION ( 'NONE',  ( -1.000000000000000000, 0.000000000000000000, 0.000000000000000000 ) ) ;
#1496 = CARTESIAN_POINT ( 'NONE',  ( -10.12556112966256983, 94.54784206135376223, 5.394979366515922692 ) ) ;
#1497 = DIRECTION ( 'NONE',  ( 2.312964634635738322E-15, 0.8245127025920564456, 0.5658434441295074890 ) ) ;
#1498 = DIRECTION ( 'NONE',  ( 1.000000000000000000, 0.000000000000000000, 0.000000000000000000 ) ) ;
#1499 = FACE_OUTER_BOUND ( 'NONE', #459, .T. ) ;
#1500 = DIRECTION ( 'NONE',  ( 0.000000000000000000, -0.5658434441295098205, 0.8245127025920548913 ) ) ;
#1501 = ORIENTED_EDGE ( 'NONE', *, *, #758, .F. ) ;
#1502 = DIRECTION ( 'NONE',  ( 0.000000000000000000, -0.8245127025920554464, -0.5658434441295089323 ) ) ;
#1503 = EDGE_CURVE ( 'NONE', #4335, #3723, #30, .T. ) ;
#1504 = EDGE_LOOP ( 'NONE', ( #2418, #3686 ) ) ;
#1505 = CARTESIAN_POINT ( 'NONE',  ( -15.71263516863455045, 0.9576354902146000381, 35.18748702047754762 ) ) ;
#1506 = VERTEX_POINT ( 'NONE', #229 ) ;
#1507 = AXIS2_PLACEMENT_3D ( 'NONE', #1792, #3168, #441 ) ;
#1508 = EDGE_CURVE ( 'NONE', #2666, #1470, #810, .T. ) ;
#1509 = CARTESIAN_POINT ( 'NONE',  ( 12.65000000000000036, 7.109894321884000057, 37.01037676032003532 ) ) ;
#1510 = ORIENTED_EDGE ( 'NONE', *, *, #2360, .T. ) ;
#1511 = DIRECTION ( 'NONE',  ( 0.000000000000000000, 0.000000000000000000, 1.000000000000000000 ) ) ;
#1512 = DIRECTION ( 'NONE',  ( -0.7071067811865426878, -0.7071067811865524577, -0.000000000000000000 ) ) ;
#1513 = DIRECTION ( 'NONE',  ( 0.000000000000000000, -0.8245127025920554464, -0.5658434441295087103 ) ) ;
#1514 = AXIS2_PLACEMENT_3D ( 'NONE', #2888, #1536, #3165 ) ;
#1515 = AXIS2_PLACEMENT_3D ( 'NONE', #2814, #2476, #405 ) ;
#1516 = CARTESIAN_POINT ( 'NONE',  ( 14.62645552412999983, 72.63280116486399152, -9.644791615938098417 ) ) ;
#1517 = DIRECTION ( 'NONE',  ( 0.000000000000000000, 0.000000000000000000, 1.000000000000000000 ) ) ;
#1518 = LINE ( 'NONE', #168, #996 ) ;
#1519 = DIRECTION ( 'NONE',  ( -0.000000000000000000, 0.5658434441295098205, -0.8245127025920547803 ) ) ;
#1520 = VECTOR ( 'NONE', #1463, 1000.000000000000114 ) ;
#1521 = VERTEX_POINT ( 'NONE', #2616 ) ;
#1522 = CARTESIAN_POINT ( 'NONE',  ( 19.19999999999999574, 66.83659659810255960, -16.49009662519565111 ) ) ;
#1523 = CIRCLE ( 'NONE', #180, 7.000000000000004441 ) ;
#1524 = ORIENTED_EDGE ( 'NONE', *, *, #3490, .F. ) ;
#1525 = DIRECTION ( 'NONE',  ( 0.000000000000000000, -0.5658434441295098205, 0.8245127025920547803 ) ) ;
#1526 = EDGE_CURVE ( 'NONE', #2267, #1303, #936, .T. ) ;
#1527 = ORIENTED_EDGE ( 'NONE', *, *, #1552, .F. ) ;
#1528 = ADVANCED_FACE ( 'NONE', ( #1578 ), #3987, .T. ) ;
#1529 = EDGE_LOOP ( 'NONE', ( #2648, #1899, #4266, #1319 ) ) ;
#1530 = EDGE_CURVE ( 'NONE', #3512, #2796, #274, .T. ) ;
#1531 = APPLICATION_PROTOCOL_DEFINITION ( 'draft international standard', 'automotive_design', 1998, #3691 ) ;
#1532 = CARTESIAN_POINT ( 'NONE',  ( -19.19854447586999413, 21.69081291106343201, 4.610376760320001210 ) ) ;
#1533 = EDGE_CURVE ( 'NONE', #3303, #1077, #3077, .T. ) ;
#1534 = DIRECTION ( 'NONE',  ( 0.000000000000000000, 0.000000000000000000, -1.000000000000000000 ) ) ;
#1535 = CYLINDRICAL_SURFACE ( 'NONE', #3001, 0.9499999999999995115 ) ;
#1536 = DIRECTION ( 'NONE',  ( -1.000000000000000000, -0.000000000000000000, -0.000000000000000000 ) ) ;
#1537 = DIRECTION ( 'NONE',  ( 0.000000000000000000, -0.8245127025920560015, -0.5658434441295082662 ) ) ;
#1538 = DIRECTION ( 'NONE',  ( 0.5270506108201920004, 0.8498338976729878924, 0.000000000000000000 ) ) ;
#1539 = LINE ( 'NONE', #3839, #1148 ) ;
#1540 = ORIENTED_EDGE ( 'NONE', *, *, #3735, .F. ) ;
#1541 = AXIS2_PLACEMENT_3D ( 'NONE', #889, #2241, #3267 ) ;
#1542 = DIRECTION ( 'NONE',  ( -0.7071067811865509034, 0.3296549584564931190, 0.6255618341659303638 ) ) ;
#1543 = ORIENTED_EDGE ( 'NONE', *, *, #179, .F. ) ;
#1544 = CARTESIAN_POINT ( 'NONE',  ( 14.62645552412999805, 74.89617494138207121, -12.94284242630636861 ) ) ;
#1545 = VECTOR ( 'NONE', #4064, 1000.000000000000000 ) ;
#1546 = VERTEX_POINT ( 'NONE', #2264 ) ;
#1547 = ORIENTED_EDGE ( 'NONE', *, *, #2130, .T. ) ;
#1548 = DIRECTION ( 'NONE',  ( 0.7071067811865464625, 8.659560562354920532E-17, -0.7071067811865486830 ) ) ;
#1549 = VERTEX_POINT ( 'NONE', #1557 ) ;
#1550 = CIRCLE ( 'NONE', #2396, 1.500000000000003997 ) ;
#1551 = CIRCLE ( 'NONE', #4051, 2.000000000000000000 ) ;
#1552 = EDGE_CURVE ( 'NONE', #1788, #2039, #1979, .T. ) ;
#1553 = DIRECTION ( 'NONE',  ( 4.930380657631324879E-32, -0.5658434441295099315, 0.8245127025920548913 ) ) ;
#1554 = CARTESIAN_POINT ( 'NONE',  ( 18.20000000000000995, 17.60989432188499748, 35.51037676031999979 ) ) ;
#1555 = LINE ( 'NONE', #564, #160 ) ;
#1556 = EDGE_CURVE ( 'NONE', #2234, #2587, #1220, .T. ) ;
#1557 = CARTESIAN_POINT ( 'NONE',  ( -19.19854447586999768, 50.62032946276523404, -13.59631560465128075 ) ) ;
#1558 = DIRECTION ( 'NONE',  ( 0.000000000000000000, 0.000000000000000000, -1.000000000000000000 ) ) ;
#1559 = DIRECTION ( 'NONE',  ( -0.7071067811865492381, -0.3296549584564935631, -0.6255618341659320292 ) ) ;
#1560 = ORIENTED_EDGE ( 'NONE', *, *, #226, .T. ) ;
#1561 = ORIENTED_EDGE ( 'NONE', *, *, #4230, .T. ) ;
#1562 = DIRECTION ( 'NONE',  ( 1.000000000000000000, 0.000000000000000000, 0.000000000000000000 ) ) ;
#1563 = AXIS2_PLACEMENT_3D ( 'NONE', #3437, #4130, #3033 ) ;
#1564 = ORIENTED_EDGE ( 'NONE', *, *, #17, .F. ) ;
#1565 = LINE ( 'NONE', #510, #3135 ) ;
#1566 = DIRECTION ( 'NONE',  ( -5.684341886080804564E-16, 0.5658434441295102646, -0.8245127025920545583 ) ) ;
#1567 = ORIENTED_EDGE ( 'NONE', *, *, #3951, .T. ) ;
#1568 = CIRCLE ( 'NONE', #3129, 2.500000000000002220 ) ;
#1569 = ORIENTED_EDGE ( 'NONE', *, *, #1994, .T. ) ;
#1570 = DIRECTION ( 'NONE',  ( 0.000000000000000000, 0.5658434441295099315, -0.8245127025920548913 ) ) ;
#1571 = AXIS2_PLACEMENT_3D ( 'NONE', #26, #715, #2724 ) ;
#1572 = PLANE ( 'NONE',  #628 ) ;
#1573 = DIRECTION ( 'NONE',  ( -0.000000000000000000, -0.5658434441295097095, 0.8245127025920548913 ) ) ;
#1574 = DIRECTION ( 'NONE',  ( -1.000000000000000000, 0.000000000000000000, 0.000000000000000000 ) ) ;
#1575 = EDGE_CURVE ( 'NONE', #546, #3105, #2911, .T. ) ;
#1576 = AXIS2_PLACEMENT_3D ( 'NONE', #297, #1291, #611 ) ;
#1577 = ADVANCED_FACE ( 'NONE', ( #2592 ), #251, .F. ) ;
#1578 = FACE_OUTER_BOUND ( 'NONE', #1489, .T. ) ;
#1579 = CARTESIAN_POINT ( 'NONE',  ( -18.19854447587000834, 67.33217077793051430, -13.28248809383464391 ) ) ;
#1580 = CARTESIAN_POINT ( 'NONE',  ( -11.00000000000000000, 7.109894321884000057, 37.01037676032003532 ) ) ;
#1581 = ORIENTED_EDGE ( 'NONE', *, *, #3409, .F. ) ;
#1582 = EDGE_CURVE ( 'NONE', #2187, #1778, #3570, .T. ) ;
#1583 = CARTESIAN_POINT ( 'NONE',  ( -1.065814103639999922E-14, -23.39010567811999763, 26.31037676031999695 ) ) ;
#1584 = ORIENTED_EDGE ( 'NONE', *, *, #2229, .F. ) ;
#1585 = DIRECTION ( 'NONE',  ( 0.000000000000000000, 0.8245127025920548913, 0.5658434441295099315 ) ) ;
#1586 = CARTESIAN_POINT ( 'NONE',  ( 6.000000000000001776, 82.61662357125689482, -8.146856059875952738 ) ) ;
#1587 = FACE_OUTER_BOUND ( 'NONE', #4039, .T. ) ;
#1588 = ADVANCED_FACE ( 'NONE', ( #4366 ), #3963, .T. ) ;
#1589 = VERTEX_POINT ( 'NONE', #1316 ) ;
#1590 = FACE_OUTER_BOUND ( 'NONE', #1441, .T. ) ;
#1591 = VECTOR ( 'NONE', #4349, 1000.000000000000000 ) ;
#1592 = ORIENTED_EDGE ( 'NONE', *, *, #1575, .T. ) ;
#1593 = CARTESIAN_POINT ( 'NONE',  ( -11.49854447587000017, 70.63697368619180850, -11.01448051323450095 ) ) ;
#1594 = DIRECTION ( 'NONE',  ( 0.000000000000000000, -0.5658434441295098205, 0.8245127025920547803 ) ) ;
#1595 = AXIS2_PLACEMENT_3D ( 'NONE', #313, #948, #625 ) ;
#1596 = ORIENTED_EDGE ( 'NONE', *, *, #279, .T. ) ;
#1597 = DIRECTION ( 'NONE',  ( 0.000000000000000000, 0.000000000000000000, 1.000000000000000000 ) ) ;
#1598 = DIRECTION ( 'NONE',  ( 0.000000000000000000, -0.9831302596112171388, 0.1829067867433589456 ) ) ;
#1599 = CARTESIAN_POINT ( 'NONE',  ( -18.19854447587000834, 56.68096213375051207, -2.095501214905391318 ) ) ;
#1600 = CARTESIAN_POINT ( 'NONE',  ( 92.13349655500205415, 69.65451938699700918, -22.60425383548280465 ) ) ;
#1601 =( NAMED_UNIT ( * ) SI_UNIT ( $, .STERADIAN. ) SOLID_ANGLE_UNIT ( ) );
#1602 = DIRECTION ( 'NONE',  ( 0.000000000000000000, 0.000000000000000000, -1.000000000000000000 ) ) ;
#1603 = CARTESIAN_POINT ( 'NONE',  ( 18.20000000000000639, 66.33645393343624619, -13.96582486583968574 ) ) ;
#1604 = LINE ( 'NONE', #2620, #3615 ) ;
#1605 = EDGE_CURVE ( 'NONE', #702, #3685, #977, .T. ) ;
#1606 = EDGE_LOOP ( 'NONE', ( #815, #277, #4296, #157 ) ) ;
#1607 = CARTESIAN_POINT ( 'NONE',  ( -8.278116471474044502, 71.29226420522620344, -16.38751326350193338 ) ) ;
#1608 = CARTESIAN_POINT ( 'NONE',  ( -18.19854447587001189, 17.60989432188499748, 11.65518838015890069 ) ) ;
#1609 = LINE ( 'NONE', #991, #1990 ) ;
#1610 = AXIS2_PLACEMENT_3D ( 'NONE', #2023, #2686, #2002 ) ;
#1611 = ORIENTED_EDGE ( 'NONE', *, *, #4094, .F. ) ;
#1612 = CARTESIAN_POINT ( 'NONE',  ( -19.19854447586999768, 66.56362714128356117, -23.51262202846904970 ) ) ;
#1613 = ADVANCED_FACE ( 'NONE', ( #3696 ), #3928, .T. ) ;
#1614 = CARTESIAN_POINT ( 'NONE',  ( -11.00000000000000000, 7.109894321884000057, 37.01037676032003532 ) ) ;
#1615 = LINE ( 'NONE', #1259, #2608 ) ;
#1616 = CIRCLE ( 'NONE', #1973, 1.650000000000000355 ) ;
#1617 = ORIENTED_EDGE ( 'NONE', *, *, #1833, .F. ) ;
#1618 = CARTESIAN_POINT ( 'NONE',  ( -14.62354447587000017, 72.63280116486399152, -9.644791615938100193 ) ) ;
#1619 = LINE ( 'NONE', #2950, #911 ) ;
#1620 = DIRECTION ( 'NONE',  ( 0.000000000000000000, 0.000000000000000000, -1.000000000000000000 ) ) ;
#1621 = CARTESIAN_POINT ( 'NONE',  ( 11.00000000000000000, 7.109894321884000057, 12.11037676031997634 ) ) ;
#1622 = CYLINDRICAL_SURFACE ( 'NONE', #1252, 1.500000000000003775 ) ;
#1623 = DIRECTION ( 'NONE',  ( 0.000000000000000000, -0.8245127025920560015, -0.5658434441295082662 ) ) ;
#1624 = CARTESIAN_POINT ( 'NONE',  ( -11.00000000000000000, 7.109894321884000057, 34.51037676031999979 ) ) ;
#1625 = DIRECTION ( 'NONE',  ( 1.000000000000000000, -0.000000000000000000, -0.000000000000000000 ) ) ;
#1626 = ORIENTED_EDGE ( 'NONE', *, *, #2503, .T. ) ;
#1627 = CARTESIAN_POINT ( 'NONE',  ( 18.20000000000000639, 66.33645393343624619, -13.96582486583968574 ) ) ;
#1628 = FACE_OUTER_BOUND ( 'NONE', #3069, .T. ) ;
#1629 = PLANE ( 'NONE',  #1203 ) ;
#1630 = ORIENTED_EDGE ( 'NONE', *, *, #671, .T. ) ;
#1631 = VECTOR ( 'NONE', #3774, 1000.000000000000114 ) ;
#1632 = VERTEX_POINT ( 'NONE', #1221 ) ;
#1633 = DIRECTION ( 'NONE',  ( -1.000000000000000000, -0.000000000000000000, -0.000000000000000000 ) ) ;
#1634 = AXIS2_PLACEMENT_3D ( 'NONE', #2422, #2715, #2121 ) ;
#1635 = EDGE_CURVE ( 'NONE', #2480, #3068, #3628, .T. ) ;
#1636 = AXIS2_PLACEMENT_3D ( 'NONE', #4173, #2869, #522 ) ;
#1637 = DIRECTION ( 'NONE',  ( -0.000000000000000000, 0.5658434441295098205, -0.8245127025920547803 ) ) ;
#1638 = ADVANCED_FACE ( 'NONE', ( #567 ), #1913, .T. ) ;
#1639 = EDGE_CURVE ( 'NONE', #2428, #3451, #2213, .T. ) ;
#1640 = ORIENTED_EDGE ( 'NONE', *, *, #4001, .T. ) ;
#1641 = DIRECTION ( 'NONE',  ( 1.000000000000000000, 0.000000000000000000, -0.000000000000000000 ) ) ;
#1642 = CARTESIAN_POINT ( 'NONE',  ( 10.12847217792257837, 70.83906570622976062, -15.72713993392653720 ) ) ;
#1643 = CARTESIAN_POINT ( 'NONE',  ( -18.19854447587001189, 14.60989432188499926, 38.51037676031999979 ) ) ;
#1644 = CARTESIAN_POINT ( 'NONE',  ( -11.00000000000000000, 7.109894321884000057, 34.51037676031999979 ) ) ;
#1645 = LINE ( 'NONE', #2287, #3311 ) ;
#1646 = CARTESIAN_POINT ( 'NONE',  ( -13.99854447587000195, 70.63697368619270378, -11.01448051323580124 ) ) ;
#1647 = LINE ( 'NONE', #1603, #1241 ) ;
#1648 = CARTESIAN_POINT ( 'NONE',  ( -18.19854447587001189, 17.60989432188499748, 30.97556659696046566 ) ) ;
#1649 = CIRCLE ( 'NONE', #3925, 7.000000000000020428 ) ;
#1650 = EDGE_LOOP ( 'NONE', ( #4346, #2014, #2036, #1123 ) ) ;
#1651 = VECTOR ( 'NONE', #4340, 1000.000000000000000 ) ;
#1652 = AXIS2_PLACEMENT_3D ( 'NONE', #1154, #786, #1785 ) ;
#1653 = ORIENTED_EDGE ( 'NONE', *, *, #935, .T. ) ;
#1654 = DIRECTION ( 'NONE',  ( 0.000000000000000000, 0.8245127025920560015, 0.5658434441295082662 ) ) ;
#1655 = DIRECTION ( 'NONE',  ( 0.000000000000000000, 1.000000000000000000, 0.000000000000000000 ) ) ;
#1656 = DIRECTION ( 'NONE',  ( 0.000000000000000000, 0.5658434441295098205, -0.8245127025920547803 ) ) ;
#1657 = VERTEX_POINT ( 'NONE', #1660 ) ;
#1658 = ORIENTED_EDGE ( 'NONE', *, *, #3070, .F. ) ;
#1659 = LINE ( 'NONE', #3015, #3654 ) ;
#1660 = CARTESIAN_POINT ( 'NONE',  ( -5.999999999999996447, 71.87366920783595958, -17.23470132404364463 ) ) ;
#1661 = ADVANCED_FACE ( 'NONE', ( #4330 ), #4285, .F. ) ;
#1662 = AXIS2_PLACEMENT_3D ( 'NONE', #2012, #1965, #2600 ) ;
#1663 = ADVANCED_FACE ( 'NONE', ( #3999 ), #3734, .F. ) ;
#1664 = CIRCLE ( 'NONE', #1491, 4.999999999999984013 ) ;
#1665 = EDGE_CURVE ( 'NONE', #3952, #3150, #3358, .T. ) ;
#1666 = ORIENTED_EDGE ( 'NONE', *, *, #2882, .T. ) ;
#1667 = DIRECTION ( 'NONE',  ( 0.000000000000000000, -0.5658434441295098205, 0.8245127025920547803 ) ) ;
#1668 = EDGE_CURVE ( 'NONE', #2274, #1506, #100, .T. ) ;
#1669 = CARTESIAN_POINT ( 'NONE',  ( -16.19854447586999768, 100.7701300895010519, -1.250350771591331567 ) ) ;
#1670 = DIRECTION ( 'NONE',  ( 0.000000000000000000, 0.8846780299804523073, -0.4662025131527136601 ) ) ;
#1671 = LINE ( 'NONE', #3965, #1104 ) ;
#1672 = FACE_OUTER_BOUND ( 'NONE', #2485, .T. ) ;
#1673 = ORIENTED_EDGE ( 'NONE', *, *, #1480, .F. ) ;
#1674 = AXIS2_PLACEMENT_3D ( 'NONE', #2642, #254, #914 ) ;
#1675 = VERTEX_POINT ( 'NONE', #972 ) ;
#1676 = VERTEX_POINT ( 'NONE', #3330 ) ;
#1677 = CYLINDRICAL_SURFACE ( 'NONE', #4267, 0.9499999999999995115 ) ;
#1678 = CARTESIAN_POINT ( 'NONE',  ( -15.10000000000000142, 11.10989432188000059, 34.51037676031999979 ) ) ;
#1679 = CARTESIAN_POINT ( 'NONE',  ( -14.99854447586999839, 92.79337916940426112, -0.6604171236559869262 ) ) ;
#1680 = ORIENTED_EDGE ( 'NONE', *, *, #488, .F. ) ;
#1681 = ORIENTED_EDGE ( 'NONE', *, *, #1173, .T. ) ;
#1682 = DIRECTION ( 'NONE',  ( -1.000000000000000000, 0.000000000000000000, 0.000000000000000000 ) ) ;
#1683 = CARTESIAN_POINT ( 'NONE',  ( 18.19999999999999574, 11.10989432188000059, 14.11037676031999943 ) ) ;
#1684 = ORIENTED_EDGE ( 'NONE', *, *, #2365, .T. ) ;
#1685 = AXIS2_PLACEMENT_3D ( 'NONE', #3537, #1825, #4211 ) ;
#1686 = EDGE_CURVE ( 'NONE', #3759, #2768, #2937, .T. ) ;
#1687 = LINE ( 'NONE', #2046, #131 ) ;
#1688 = CARTESIAN_POINT ( 'NONE',  ( -11.00000000000000000, 7.109894321884000057, 14.31037676031999872 ) ) ;
#1689 = DIRECTION ( 'NONE',  ( -1.000000000000000000, 0.000000000000000000, 0.000000000000000000 ) ) ;
#1690 = VECTOR ( 'NONE', #730, 999.9999999999998863 ) ;
#1691 = VERTEX_POINT ( 'NONE', #3714 ) ;
#1692 = ADVANCED_FACE ( 'NONE', ( #1282 ), #3158, .F. ) ;
#1693 = AXIS2_PLACEMENT_3D ( 'NONE', #2246, #256, #1756 ) ;
#1694 = ORIENTED_EDGE ( 'NONE', *, *, #2959, .F. ) ;
#1695 = EDGE_LOOP ( 'NONE', ( #2743, #2026, #3217, #2450, #1101, #1386 ) ) ;
#1696 = DIRECTION ( 'NONE',  ( 0.000000000000000000, 0.8245127025920560015, 0.5658434441295082662 ) ) ;
#1697 = DIRECTION ( 'NONE',  ( 0.000000000000000000, 0.000000000000000000, 1.000000000000000000 ) ) ;
#1698 = DIRECTION ( 'NONE',  ( 0.000000000000000000, -0.5658434441295098205, 0.8245127025920547803 ) ) ;
#1699 = CARTESIAN_POINT ( 'NONE',  ( -19.19854447586999768, 64.80187635021334813, -14.28749677859189404 ) ) ;
#1700 = ORIENTED_EDGE ( 'NONE', *, *, #2632, .F. ) ;
#1701 = CARTESIAN_POINT ( 'NONE',  ( -13.99854447587000195, 70.63697368619180850, -11.01448051323450095 ) ) ;
#1702 = ORIENTED_EDGE ( 'NONE', *, *, #2662, .T. ) ;
#1703 = CARTESIAN_POINT ( 'NONE',  ( -9.485174054234999375, 68.57569192971170935, -12.42908912355829898 ) ) ;
#1704 = CIRCLE ( 'NONE', #4199, 4.999999999999980460 ) ;
#1705 = VERTEX_POINT ( 'NONE', #2628 ) ;
#1706 = STYLED_ITEM ( 'NONE', ( #2143 ), #3017 ) ;
#1707 = ORIENTED_EDGE ( 'NONE', *, *, #2662, .F. ) ;
#1708 = AXIS2_PLACEMENT_3D ( 'NONE', #3614, #2317, #3707 ) ;
#1709 = EDGE_CURVE ( 'NONE', #2791, #181, #2511, .T. ) ;
#1710 = LINE ( 'NONE', #2731, #2816 ) ;
#1711 = LINE ( 'NONE', #3500, #3040 ) ;
#1712 = DIRECTION ( 'NONE',  ( 0.7071067811865524577, -0.7071067811865425767, -0.000000000000000000 ) ) ;
#1713 = VECTOR ( 'NONE', #3506, 1000.000000000000000 ) ;
#1714 = ORIENTED_EDGE ( 'NONE', *, *, #3163, .F. ) ;
#1715 = ORIENTED_EDGE ( 'NONE', *, *, #3620, .F. ) ;
#1716 = ADVANCED_FACE ( 'NONE', ( #3690 ), #2017, .F. ) ;
#1717 = VERTEX_POINT ( 'NONE', #4026 ) ;
#1718 = DIRECTION ( 'NONE',  ( 1.000000000000000000, 0.000000000000000000, 0.000000000000000000 ) ) ;
#1719 = EDGE_CURVE ( 'NONE', #1788, #2010, #4090, .T. ) ;
#1720 = DIRECTION ( 'NONE',  ( -0.7071067811865512365, 0.3296549584564953950, 0.6255618341659289205 ) ) ;
#1721 = CARTESIAN_POINT ( 'NONE',  ( -18.19854447587000834, 64.03938151918627852, -21.79816480507836474 ) ) ;
#1722 = LINE ( 'NONE', #2357, #3335 ) ;
#1723 = VERTEX_POINT ( 'NONE', #1593 ) ;
#1724 = DIRECTION ( 'NONE',  ( 0.000000000000000000, 0.000000000000000000, 1.000000000000000000 ) ) ;
#1725 = ORIENTED_EDGE ( 'NONE', *, *, #1779, .T. ) ;
#1726 = ORIENTED_EDGE ( 'NONE', *, *, #1530, .T. ) ;
#1727 = CARTESIAN_POINT ( 'NONE',  ( 19.19999999999999929, 100.2042866453715391, -0.4258380689992593560 ) ) ;
#1728 = EDGE_CURVE ( 'NONE', #2039, #2922, #2729, .T. ) ;
#1729 = ORIENTED_EDGE ( 'NONE', *, *, #1719, .T. ) ;
#1730 = VECTOR ( 'NONE', #1136, 1000.000000000000000 ) ;
#1731 = CIRCLE ( 'NONE', #3870, 2.500000000000002665 ) ;
#1732 = ORIENTED_EDGE ( 'NONE', *, *, #1145, .T. ) ;
#1733 = DIRECTION ( 'NONE',  ( 2.775557561562890427E-17, 0.8245127025920547803, 0.5658434441295098205 ) ) ;
#1734 = AXIS2_PLACEMENT_3D ( 'NONE', #1404, #3270, #2644 ) ;
#1735 = DIRECTION ( 'NONE',  ( -5.684341886080804564E-16, 0.5658434441295102646, -0.8245127025920545583 ) ) ;
#1736 = DIRECTION ( 'NONE',  ( 0.000000000000000000, -0.8245127025920562236, -0.5658434441295079331 ) ) ;
#1737 = CARTESIAN_POINT ( 'NONE',  ( 18.19999999999997087, 67.89979237755500208, -22.53145567272651917 ) ) ;
#1738 = EDGE_LOOP ( 'NONE', ( #983, #2475, #4347, #11 ) ) ;
#1739 = VERTEX_POINT ( 'NONE', #1683 ) ;
#1740 = DIRECTION ( 'NONE',  ( -0.000000000000000000, -0.000000000000000000, -1.000000000000000000 ) ) ;
#1741 = CARTESIAN_POINT ( 'NONE',  ( -19.19854447586999768, 16.60989432188499748, 30.97556659696046566 ) ) ;
#1742 = CARTESIAN_POINT ( 'NONE',  ( -5.999999999999996447, 75.31730833206138698, -18.71801655862776670 ) ) ;
#1743 = PLANE ( 'NONE',  #3907 ) ;
#1744 = EDGE_CURVE ( 'NONE', #702, #2645, #46, .T. ) ;
#1745 = ORIENTED_EDGE ( 'NONE', *, *, #2108, .T. ) ;
#1746 = LINE ( 'NONE', #1771, #245 ) ;
#1747 = EDGE_CURVE ( 'NONE', #451, #4201, #2, .T. ) ;
#1748 = EDGE_LOOP ( 'NONE', ( #2598, #3865, #1052, #871 ) ) ;
#1749 = ORIENTED_EDGE ( 'NONE', *, *, #1635, .F. ) ;
#1750 = LINE ( 'NONE', #1035, #1868 ) ;
#1751 = ADVANCED_FACE ( 'NONE', ( #1354 ), #2579, .F. ) ;
#1752 = ORIENTED_EDGE ( 'NONE', *, *, #1777, .F. ) ;
#1753 = EDGE_CURVE ( 'NONE', #3293, #618, #250, .T. ) ;
#1754 = ORIENTED_EDGE ( 'NONE', *, *, #551, .F. ) ;
#1755 = AXIS2_PLACEMENT_3D ( 'NONE', #2664, #4035, #2219 ) ;
#1756 = DIRECTION ( 'NONE',  ( 1.000000000000000000, 0.000000000000000000, 0.000000000000000000 ) ) ;
#1757 = CONICAL_SURFACE ( 'NONE', #1971, 1.650000000000000355, 0.7853981633974467247 ) ;
#1758 = VECTOR ( 'NONE', #2076, 1000.000000000000114 ) ;
#1759 = CARTESIAN_POINT ( 'NONE',  ( -14.99854447586999839, 90.53000539288625248, 2.637633686712201886 ) ) ;
#1760 = CARTESIAN_POINT ( 'NONE',  ( -13.99854447587000195, 93.72332935876170268, 4.829135922386499580 ) ) ;
#1761 = FACE_OUTER_BOUND ( 'NONE', #3532, .T. ) ;
#1762 = ORIENTED_EDGE ( 'NONE', *, *, #4033, .F. ) ;
#1763 = EDGE_LOOP ( 'NONE', ( #3057, #3401, #2091, #3716 ) ) ;
#1764 = AXIS2_PLACEMENT_3D ( 'NONE', #476, #121, #1474 ) ;
#1765 = DIRECTION ( 'NONE',  ( -1.000000000000000000, 0.000000000000000000, 0.000000000000000000 ) ) ;
#1766 = LINE ( 'NONE', #2356, #3552 ) ;
#1767 = CARTESIAN_POINT ( 'NONE',  ( 19.19999999999999929, 12.10989432187999171, 34.51037676031999979 ) ) ;
#1768 = LINE ( 'NONE', #86, #3551 ) ;
#1769 = AXIS2_PLACEMENT_3D ( 'NONE', #4290, #3261, #2589 ) ;
#1770 = ORIENTED_EDGE ( 'NONE', *, *, #900, .T. ) ;
#1771 = CARTESIAN_POINT ( 'NONE',  ( 6.055674923005279986, -13.14432507699493691, 34.51037676031999979 ) ) ;
#1772 = ORIENTED_EDGE ( 'NONE', *, *, #2365, .F. ) ;
#1773 = ORIENTED_EDGE ( 'NONE', *, *, #1533, .T. ) ;
#1774 = CARTESIAN_POINT ( 'NONE',  ( 92.13349655500205415, 50.15412694961251816, -14.48099363463172828 ) ) ;
#1775 = EDGE_CURVE ( 'NONE', #891, #2915, #3641, .T. ) ;
#1776 = ORIENTED_EDGE ( 'NONE', *, *, #454, .T. ) ;
#1777 = EDGE_CURVE ( 'NONE', #952, #2666, #601, .T. ) ;
#1778 = VERTEX_POINT ( 'NONE', #1306 ) ;
#1779 = EDGE_CURVE ( 'NONE', #1045, #1632, #3732, .T. ) ;
#1780 = CIRCLE ( 'NONE', #2976, 3.149999999999972378 ) ;
#1781 = DIRECTION ( 'NONE',  ( 1.000000000000000000, 0.000000000000000000, 0.000000000000000000 ) ) ;
#1782 = AXIS2_PLACEMENT_3D ( 'NONE', #1050, #3817, #4084 ) ;
#1783 = DIRECTION ( 'NONE',  ( 0.000000000000000000, 0.000000000000000000, 1.000000000000000000 ) ) ;
#1784 = LINE ( 'NONE', #3113, #3539 ) ;
#1785 = DIRECTION ( 'NONE',  ( 0.000000000000000000, 0.000000000000000000, 1.000000000000000000 ) ) ;
#1786 = AXIS2_PLACEMENT_3D ( 'NONE', #3344, #3299, #3368 ) ;
#1787 = ORIENTED_EDGE ( 'NONE', *, *, #3618, .F. ) ;
#1788 = VERTEX_POINT ( 'NONE', #4387 ) ;
#1789 = DIRECTION ( 'NONE',  ( 0.000000000000000000, 0.8245127025920543362, 0.5658434441295105977 ) ) ;
#1790 = LINE ( 'NONE', #2508, #2769 ) ;
#1791 = CARTESIAN_POINT ( 'NONE',  ( -16.49854447586999839, 73.83029765206732975, -8.822978277560306282 ) ) ;
#1792 = CARTESIAN_POINT ( 'NONE',  ( -14.99854447586999839, 90.53000539288625248, 2.637633686712201886 ) ) ;
#1793 = ORIENTED_EDGE ( 'NONE', *, *, #1253, .T. ) ;
#1794 = CIRCLE ( 'NONE', #4272, 6.000000000000000000 ) ;
#1795 = LINE ( 'NONE', #2404, #3578 ) ;
#1796 = EDGE_LOOP ( 'NONE', ( #4197, #1787 ) ) ;
#1797 = ORIENTED_EDGE ( 'NONE', *, *, #1668, .F. ) ;
#1798 = DIRECTION ( 'NONE',  ( 0.000000000000000000, 0.8245127025920548913, 0.5658434441295099315 ) ) ;
#1799 = ORIENTED_EDGE ( 'NONE', *, *, #2545, .F. ) ;
#1800 = AXIS2_PLACEMENT_3D ( 'NONE', #4291, #3669, #1196 ) ;
#1801 = AXIS2_PLACEMENT_3D ( 'NONE', #1644, #2978, #3337 ) ;
#1802 = ORIENTED_EDGE ( 'NONE', *, *, #3264, .T. ) ;
#1803 = EDGE_CURVE ( 'NONE', #2318, #2251, #2618, .T. ) ;
#1804 = LINE ( 'NONE', #2566, #4110 ) ;
#1805 = CARTESIAN_POINT ( 'NONE',  ( -19.19854447586999768, 12.10989432187999171, -0.04367677909054999696 ) ) ;
#1806 = CARTESIAN_POINT ( 'NONE',  ( 16.19999999999999929, 95.67753909233550758, 6.170263551737104279 ) ) ;
#1807 = AXIS2_PLACEMENT_3D ( 'NONE', #1393, #2035, #1724 ) ;
#1808 = ORIENTED_EDGE ( 'NONE', *, *, #316, .T. ) ;
#1809 = EDGE_CURVE ( 'NONE', #408, #1657, #542, .T. ) ;
#1810 = FACE_OUTER_BOUND ( 'NONE', #2346, .T. ) ;
#1811 = DIRECTION ( 'NONE',  ( 0.000000000000000000, 0.000000000000000000, 1.000000000000000000 ) ) ;
#1812 = DIRECTION ( 'NONE',  ( -1.000000000000000000, 0.000000000000000000, 0.000000000000000000 ) ) ;
#1813 = DIRECTION ( 'NONE',  ( -0.7071067811865517916, 0.4999999999999999445, 0.4999999999999938383 ) ) ;
#1814 = AXIS2_PLACEMENT_3D ( 'NONE', #1972, #2344, #669 ) ;
#1815 = ORIENTED_EDGE ( 'NONE', *, *, #1337, .T. ) ;
#1816 = CARTESIAN_POINT ( 'NONE',  ( 5.999999999999999112, 85.45910859858625486, -33.49603198613767319 ) ) ;
#1817 = ORIENTED_EDGE ( 'NONE', *, *, #4278, .T. ) ;
#1818 = DIRECTION ( 'NONE',  ( 0.000000000000000000, 0.000000000000000000, 1.000000000000000000 ) ) ;
#1819 = VERTEX_POINT ( 'NONE', #635 ) ;
#1820 = AXIS2_PLACEMENT_3D ( 'NONE', #1624, #1294, #2310 ) ;
#1821 = ORIENTED_EDGE ( 'NONE', *, *, #825, .F. ) ;
#1822 = DIRECTION ( 'NONE',  ( 1.000000000000000000, 0.000000000000000000, 0.000000000000000000 ) ) ;
#1823 = CONICAL_SURFACE ( 'NONE', #4311, 1.650000000000000355, 0.7853981633974467247 ) ;
#1824 = DIRECTION ( 'NONE',  ( 0.000000000000000000, -0.5658434441295098205, 0.8245127025920547803 ) ) ;
#1825 = DIRECTION ( 'NONE',  ( -0.7071067811865456854, 0.3296549584564952839, 0.6255618341659352488 ) ) ;
#1826 = CARTESIAN_POINT ( 'NONE',  ( -19.19854447586999768, 14.60989432188499926, 37.51037676031999979 ) ) ;
#1827 = EDGE_CURVE ( 'NONE', #1778, #3819, #980, .T. ) ;
#1828 = EDGE_CURVE ( 'NONE', #3868, #1161, #2235, .T. ) ;
#1829 = CARTESIAN_POINT ( 'NONE',  ( 5.999999999999994671, 85.06587244930885561, -8.181206217971478623 ) ) ;
#1830 = CARTESIAN_POINT ( 'NONE',  ( -14.99854447587000017, 76.09367142858538102, -12.12102908792853029 ) ) ;
#1831 = PLANE ( 'NONE',  #854 ) ;
#1832 = FACE_OUTER_BOUND ( 'NONE', #3031, .T. ) ;
#1833 = EDGE_CURVE ( 'NONE', #1025, #362, #1671, .T. ) ;
#1834 = ORIENTED_EDGE ( 'NONE', *, *, #4047, .F. ) ;
#1835 = DIRECTION ( 'NONE',  ( 0.000000000000000000, -0.5658434441295098205, 0.8245127025920547803 ) ) ;
#1836 = VECTOR ( 'NONE', #3383, 999.9999999999998863 ) ;
#1837 = ORIENTED_EDGE ( 'NONE', *, *, #527, .F. ) ;
#1838 = CARTESIAN_POINT ( 'NONE',  ( 14.00145552413000161, 93.72332935876170268, 4.829135922386499580 ) ) ;
#1839 = PRODUCT_DEFINITION_FORMATION_WITH_SPECIFIED_SOURCE ( 'ä»', '', #3282, .NOT_KNOWN. ) ;
#1840 = VERTEX_POINT ( 'NONE', #1270 ) ;
#1841 = AXIS2_PLACEMENT_3D ( 'NONE', #2585, #3955, #2970 ) ;
#1842 = ORIENTED_EDGE ( 'NONE', *, *, #1744, .T. ) ;
#1843 = PLANE ( 'NONE',  #1905 ) ;
#1844 = DIRECTION ( 'NONE',  ( 0.000000000000000000, -0.8245127025920548913, -0.5658434441295099315 ) ) ;
#1845 = PLANE ( 'NONE',  #69 ) ;
#1846 = CARTESIAN_POINT ( 'NONE',  ( 14.00145552413000161, 70.63697368619270378, -11.01448051323580124 ) ) ;
#1847 = CIRCLE ( 'NONE', #3695, 28.65000000000000213 ) ;
#1848 = CONICAL_SURFACE ( 'NONE', #3777, 14.00000000000000355, 0.7853981633974526089 ) ;
#1849 = EDGE_CURVE ( 'NONE', #525, #2066, #1885, .T. ) ;
#1850 = CARTESIAN_POINT ( 'NONE',  ( 92.13349655500205415, 21.69081291106343201, 4.610376760320001210 ) ) ;
#1851 = CARTESIAN_POINT ( 'NONE',  ( -11.00000000000000000, 7.109894321884000057, 38.51037676031999979 ) ) ;
#1852 = DIRECTION ( 'NONE',  ( 0.000000000000000000, 0.5658434441295072670, -0.8245127025920567787 ) ) ;
#1853 = CARTESIAN_POINT ( 'NONE',  ( 92.13349655500205415, 53.88374705483423099, -7.403569394788110714 ) ) ;
#1854 = ORIENTED_EDGE ( 'NONE', *, *, #203, .T. ) ;
#1855 = CARTESIAN_POINT ( 'NONE',  ( 19.19999999999999929, 21.69081291106343201, 11.61037676032002075 ) ) ;
#1856 = EDGE_CURVE ( 'NONE', #4227, #2096, #1469, .T. ) ;
#1857 = CONICAL_SURFACE ( 'NONE', #3632, 1.650000000000000355, 0.7853981633974467247 ) ;
#1858 = ADVANCED_FACE ( 'NONE', ( #2955 ), #4295, .F. ) ;
#1859 = VERTEX_POINT ( 'NONE', #960 ) ;
#1860 = FACE_OUTER_BOUND ( 'NONE', #1738, .T. ) ;
#1861 = ORIENTED_EDGE ( 'NONE', *, *, #1308, .T. ) ;
#1862 = EDGE_CURVE ( 'NONE', #1705, #3819, #760, .T. ) ;
#1863 = VERTEX_POINT ( 'NONE', #2665 ) ;
#1864 = AXIS2_PLACEMENT_3D ( 'NONE', #1806, #1867, #1513 ) ;
#1865 = FACE_OUTER_BOUND ( 'NONE', #1387, .T. ) ;
#1866 = PLANE ( 'NONE',  #1685 ) ;
#1867 = DIRECTION ( 'NONE',  ( 0.000000000000000000, -0.5658434441295098205, 0.8245127025920547803 ) ) ;
#1868 = VECTOR ( 'NONE', #2430, 1000.000000000000114 ) ;
#1869 = CARTESIAN_POINT ( 'NONE',  ( 5.999999999999987566, 85.53883033781976053, -5.639041326248166008 ) ) ;
#1870 = DIRECTION ( 'NONE',  ( 0.000000000000000000, -0.5658434441295098205, 0.8245127025920547803 ) ) ;
#1871 = LINE ( 'NONE', #2570, #3770 ) ;
#1872 = FACE_OUTER_BOUND ( 'NONE', #4073, .T. ) ;
#1873 = VECTOR ( 'NONE', #1076, 1000.000000000000000 ) ;
#1874 = ORIENTED_EDGE ( 'NONE', *, *, #107, .F. ) ;
#1875 = DIRECTION ( 'NONE',  ( -1.000000000000000000, 0.000000000000000000, 0.000000000000000000 ) ) ;
#1876 = PRODUCT_RELATED_PRODUCT_CATEGORY ( 'part', '', ( #3282 ) ) ;
#1877 = EDGE_LOOP ( 'NONE', ( #735, #737, #2853, #4086 ) ) ;
#1878 = FACE_OUTER_BOUND ( 'NONE', #21, .T. ) ;
#1879 = EDGE_LOOP ( 'NONE', ( #379, #1038, #2625, #3958, #549, #3139 ) ) ;
#1880 = ORIENTED_EDGE ( 'NONE', *, *, #3104, .F. ) ;
#1881 = EDGE_CURVE ( 'NONE', #1691, #469, #2309, .T. ) ;
#1882 = LINE ( 'NONE', #3236, #496 ) ;
#1883 = EDGE_LOOP ( 'NONE', ( #2253, #3479, #3530, #2491 ) ) ;
#1884 = EDGE_CURVE ( 'NONE', #2066, #2666, #231, .T. ) ;
#1885 = CIRCLE ( 'NONE', #3591, 1.999999999999999778 ) ;
#1886 = CARTESIAN_POINT ( 'NONE',  ( -16.19854447586999768, 102.4191554946851568, -0.1186638833323230557 ) ) ;
#1887 = CARTESIAN_POINT ( 'NONE',  ( 19.19999999999999574, 67.66656464904821178, -22.52692102803093732 ) ) ;
#1888 = DIRECTION ( 'NONE',  ( 0.000000000000000000, 0.000000000000000000, 1.000000000000000000 ) ) ;
#1889 = DIRECTION ( 'NONE',  ( 0.000000000000000000, 0.000000000000000000, 1.000000000000000000 ) ) ;
#1890 = FACE_OUTER_BOUND ( 'NONE', #494, .T. ) ;
#1891 = FACE_OUTER_BOUND ( 'NONE', #2895, .T. ) ;
#1892 = DIRECTION ( 'NONE',  ( 0.000000000000000000, -0.5658434441295118189, 0.8245127025920535591 ) ) ;
#1893 = ORIENTED_EDGE ( 'NONE', *, *, #1503, .F. ) ;
#1894 = CIRCLE ( 'NONE', #4243, 1.650000000000000355 ) ;
#1895 = CARTESIAN_POINT ( 'NONE',  ( 5.999999999999999112, 71.87366920783595958, -17.23470132404364463 ) ) ;
#1896 = ORIENTED_EDGE ( 'NONE', *, *, #1145, .F. ) ;
#1897 = CARTESIAN_POINT ( 'NONE',  ( -18.19854447587000834, 52.43832144663120687, -6.338141902024653440 ) ) ;
#1898 = CIRCLE ( 'NONE', #2458, 29.65000000000000924 ) ;
#1899 = ORIENTED_EDGE ( 'NONE', *, *, #1777, .T. ) ;
#1900 = AXIS2_PLACEMENT_3D ( 'NONE', #1360, #3476, #1066 ) ;
#1901 = VERTEX_POINT ( 'NONE', #1244 ) ;
#1902 = EDGE_CURVE ( 'NONE', #3611, #1025, #2594, .T. ) ;
#1903 = CARTESIAN_POINT ( 'NONE',  ( 19.19999999999999929, 0.9576354902146010373, 34.51037676031999979 ) ) ;
#1904 = VECTOR ( 'NONE', #2923, 1000.000000000000227 ) ;
#1905 = AXIS2_PLACEMENT_3D ( 'NONE', #2772, #2751, #4120 ) ;
#1906 = EDGE_CURVE ( 'NONE', #1985, #2538, #1915, .T. ) ;
#1907 = EDGE_CURVE ( 'NONE', #4320, #3546, #2103, .T. ) ;
#1908 = CARTESIAN_POINT ( 'NONE',  ( 12.23368857116362918, 74.35789377065309225, -13.31225198251795128 ) ) ;
#1909 = DIRECTION ( 'NONE',  ( -0.000000000000000000, -0.5658434441295099315, 0.8245127025920548913 ) ) ;
#1910 = CARTESIAN_POINT ( 'NONE',  ( 19.19999999999999929, 21.69081291106343201, 4.610376760320001210 ) ) ;
#1911 = ADVANCED_FACE ( 'NONE', ( #3027 ), #3231, .T. ) ;
#1912 = AXIS2_PLACEMENT_3D ( 'NONE', #890, #2827, #4195 ) ;
#1913 = PLANE ( 'NONE',  #2925 ) ;
#1914 = FACE_OUTER_BOUND ( 'NONE', #1462, .T. ) ;
#1915 = LINE ( 'NONE', #4319, #887 ) ;
#1916 = EDGE_LOOP ( 'NONE', ( #73, #4042, #91, #2559 ) ) ;
#1917 = DIRECTION ( 'NONE',  ( -1.000000000000000000, 0.000000000000000000, 0.000000000000000000 ) ) ;
#1918 = ORIENTED_EDGE ( 'NONE', *, *, #3259, .T. ) ;
#1919 = PLANE ( 'NONE',  #444 ) ;
#1920 = LINE ( 'NONE', #2987, #1477 ) ;
#1921 = FACE_OUTER_BOUND ( 'NONE', #2054, .T. ) ;
#1922 = ORIENTED_EDGE ( 'NONE', *, *, #2256, .F. ) ;
#1923 = ORIENTED_EDGE ( 'NONE', *, *, #2464, .T. ) ;
#1924 = DIRECTION ( 'NONE',  ( 0.000000000000000000, 0.000000000000000000, 1.000000000000000000 ) ) ;
#1925 = CARTESIAN_POINT ( 'NONE',  ( -16.19854447586999768, 96.24338253646502039, 5.345750849145056272 ) ) ;
#1926 = VECTOR ( 'NONE', #1813, 1000.000000000000114 ) ;
#1927 = PRODUCT_DEFINITION ( 'æœ', '', #1839, #2154 ) ;
#1928 = ORIENTED_EDGE ( 'NONE', *, *, #3649, .F. ) ;
#1929 = CARTESIAN_POINT ( 'NONE',  ( -16.49854447586999484, 90.53000539288622406, 2.637633686712237857 ) ) ;
#1930 = CARTESIAN_POINT ( 'NONE',  ( 18.20000000000002061, 67.33217077793051430, -13.28248809383464391 ) ) ;
#1931 = CARTESIAN_POINT ( 'NONE',  ( -19.19854447586999768, 96.24338253646502039, 5.345750849145052719 ) ) ;
#1932 = ADVANCED_FACE ( 'NONE', ( #569 ), #3268, .F. ) ;
#1933 = ADVANCED_FACE ( 'NONE', ( #276 ), #2980, .F. ) ;
#1934 = CARTESIAN_POINT ( 'NONE',  ( -19.19854447586999768, 50.45744858485000606, -0.04367677909054999696 ) ) ;
#1935 = CARTESIAN_POINT ( 'NONE',  ( 0.0007277620649981388860, 23.60989432188499748, 30.97556659696046566 ) ) ;
#1936 = CARTESIAN_POINT ( 'NONE',  ( -18.19854447586996571, 56.68096213375051207, -2.095501214905391318 ) ) ;
#1937 = ORIENTED_EDGE ( 'NONE', *, *, #347, .F. ) ;
#1938 = FACE_OUTER_BOUND ( 'NONE', #3553, .T. ) ;
#1939 = EDGE_CURVE ( 'NONE', #3341, #2209, #2967, .T. ) ;
#1940 = VECTOR ( 'NONE', #589, 999.9999999999998863 ) ;
#1941 = ORIENTED_EDGE ( 'NONE', *, *, #3769, .T. ) ;
#1942 = DIRECTION ( 'NONE',  ( -1.000000000000000000, -0.000000000000000000, -0.000000000000000000 ) ) ;
#1943 = FACE_OUTER_BOUND ( 'NONE', #235, .T. ) ;
#1944 = DIRECTION ( 'NONE',  ( -0.000000000000000000, 0.8245127025920547803, 0.5658434441295098205 ) ) ;
#1945 = ORIENTED_EDGE ( 'NONE', *, *, #2436, .F. ) ;
#1946 = CARTESIAN_POINT ( 'NONE',  ( -19.19854447586999768, 26.64056037936930466, 9.560124228625824117 ) ) ;
#1947 = CIRCLE ( 'NONE', #2934, 6.000000000000001776 ) ;
#1948 = CARTESIAN_POINT ( 'NONE',  ( -18.19854447587001189, 17.60989432187999881, 38.51037676031999979 ) ) ;
#1949 = CARTESIAN_POINT ( 'NONE',  ( -19.19854447586999768, 50.45744858485000606, 37.51037676031999979 ) ) ;
#1950 = VECTOR ( 'NONE', #1016, 1000.000000000000000 ) ;
#1951 = EDGE_LOOP ( 'NONE', ( #3036, #4179, #1343, #1262 ) ) ;
#1952 = DIRECTION ( 'NONE',  ( -1.000000000000000000, -0.000000000000000000, -0.000000000000000000 ) ) ;
#1953 = FACE_OUTER_BOUND ( 'NONE', #2380, .T. ) ;
#1954 = DIRECTION ( 'NONE',  ( 2.842170943040399817E-16, 0.5658434441295098205, -0.8245127025920547803 ) ) ;
#1955 = DIRECTION ( 'NONE',  ( -0.000000000000000000, 0.03887128808446423112, 0.9992442258840701363 ) ) ;
#1956 = ADVANCED_FACE ( 'NONE', ( #2777 ), #2071, .F. ) ;
#1957 = CARTESIAN_POINT ( 'NONE',  ( 18.20000000000000639, 66.20048388967148867, -13.63346268865053723 ) ) ;
#1958 = DIRECTION ( 'NONE',  ( -0.000000000000000000, -0.000000000000000000, -1.000000000000000000 ) ) ;
#1959 = VERTEX_POINT ( 'NONE', #3045 ) ;
#1960 = FACE_OUTER_BOUND ( 'NONE', #2573, .T. ) ;
#1961 = EDGE_CURVE ( 'NONE', #3631, #435, #4123, .T. ) ;
#1962 = ORIENTED_EDGE ( 'NONE', *, *, #3852, .T. ) ;
#1963 = CARTESIAN_POINT ( 'NONE',  ( -7.493896194019811219, 71.59728835673996628, -16.83197593269015968 ) ) ;
#1964 = ADVANCED_FACE ( 'NONE', ( #3066 ), #2800, .T. ) ;
#1965 = DIRECTION ( 'NONE',  ( -0.000000000000000000, 0.4662025131527136046, 0.8846780299804523073 ) ) ;
#1966 = DIRECTION ( 'NONE',  ( -1.000000000000000000, 0.000000000000000000, 0.000000000000000000 ) ) ;
#1967 = ORIENTED_EDGE ( 'NONE', *, *, #798, .T. ) ;
#1968 = CIRCLE ( 'NONE', #1610, 1.650000000000000355 ) ;
#1969 = EDGE_LOOP ( 'NONE', ( #1592, #1440, #775, #2190 ) ) ;
#1970 = DIRECTION ( 'NONE',  ( -0.7071067811865447972, 0.3296549584564962831, 0.6255618341659356929 ) ) ;
#1971 = AXIS2_PLACEMENT_3D ( 'NONE', #3475, #4166, #516 ) ;
#1972 = CARTESIAN_POINT ( 'NONE',  ( 14.00145552413000161, 93.72332935876271165, 4.829135922385150437 ) ) ;
#1973 = AXIS2_PLACEMENT_3D ( 'NONE', #2732, #32, #2349 ) ;
#1974 = AXIS2_PLACEMENT_3D ( 'NONE', #4054, #998, #1333 ) ;
#1975 = ORIENTED_EDGE ( 'NONE', *, *, #2417, .F. ) ;
#1976 = LINE ( 'NONE', #3912, #1186 ) ;
#1977 = FACE_BOUND ( 'NONE', #3803, .T. ) ;
#1978 = CARTESIAN_POINT ( 'NONE',  ( -19.19854447586999768, 12.10989432187999171, 34.51037676031999979 ) ) ;
#1979 = LINE ( 'NONE', #4011, #2565 ) ;
#1980 = DIRECTION ( 'NONE',  ( 0.000000000000000000, 0.000000000000000000, 1.000000000000000000 ) ) ;
#1981 = EDGE_LOOP ( 'NONE', ( #3389, #1057, #1143, #2375 ) ) ;
#1982 = CARTESIAN_POINT ( 'NONE',  ( 19.19999999999999929, 23.60989432188499748, 30.97556659696046566 ) ) ;
#1983 = ORIENTED_EDGE ( 'NONE', *, *, #202, .F. ) ;
#1984 = EDGE_CURVE ( 'NONE', #1521, #369, #1428, .T. ) ;
#1985 = VERTEX_POINT ( 'NONE', #1085 ) ;
#1986 = CARTESIAN_POINT ( 'NONE',  ( -7.221531549871967215, 71.68783486266596583, -16.96391480215288894 ) ) ;
#1987 = CARTESIAN_POINT ( 'NONE',  ( 18.20000000000000995, 17.60989432188499748, 35.51037676031999979 ) ) ;
#1988 = CARTESIAN_POINT ( 'NONE',  ( 19.19999999999999929, 21.69081291106343201, 11.61037676032001364 ) ) ;
#1989 = ORIENTED_EDGE ( 'NONE', *, *, #2232, .F. ) ;
#1990 = VECTOR ( 'NONE', #576, 1000.000000000000114 ) ;
#1991 = EDGE_CURVE ( 'NONE', #1298, #3107, #1784, .T. ) ;
#1992 = ORIENTED_EDGE ( 'NONE', *, *, #2906, .T. ) ;
#1993 = FACE_OUTER_BOUND ( 'NONE', #213, .T. ) ;
#1994 = EDGE_CURVE ( 'NONE', #280, #3502, #1616, .T. ) ;
#1995 = DIRECTION ( 'NONE',  ( -1.000000000000000000, -0.000000000000000000, -0.000000000000000000 ) ) ;
#1996 = VECTOR ( 'NONE', #3681, 1000.000000000000000 ) ;
#1997 = EDGE_CURVE ( 'NONE', #4103, #1286, #3400, .T. ) ;
#1998 = ORIENTED_EDGE ( 'NONE', *, *, #1984, .T. ) ;
#1999 = DIRECTION ( 'NONE',  ( -2.842170943040399817E-16, -0.5658434441295099315, 0.8245127025920548913 ) ) ;
#2000 = CIRCLE ( 'NONE', #3351, 2.500000000000000444 ) ;
#2001 = DIRECTION ( 'NONE',  ( 0.7071067811865425767, 0.000000000000000000, -0.7071067811865524577 ) ) ;
#2002 = DIRECTION ( 'NONE',  ( -1.000000000000000000, 0.000000000000000000, 0.000000000000000000 ) ) ;
#2003 = CARTESIAN_POINT ( 'NONE',  ( -18.19854447586999413, 11.10989432188000059, 14.11037676031999943 ) ) ;
#2004 = CARTESIAN_POINT ( 'NONE',  ( -11.49854447587000017, 95.98670313527976816, 1.531085112018253813 ) ) ;
#2005 = AXIS2_PLACEMENT_3D ( 'NONE', #457, #3811, #2117 ) ;
#2006 = EDGE_LOOP ( 'NONE', ( #941, #1941, #3257, #1271 ) ) ;
#2007 = AXIS2_PLACEMENT_3D ( 'NONE', #243, #2681, #2945 ) ;
#2009 = EDGE_LOOP ( 'NONE', ( #3116, #3798, #96, #315 ) ) ;
#2008 = CIRCLE ( 'NONE', #520, 6.000000000000001776 ) ;
#2010 = VERTEX_POINT ( 'NONE', #2024 ) ;
#2011 = CARTESIAN_POINT ( 'NONE',  ( -18.19854447587000834, 66.20048388967148867, -11.63346268865053723 ) ) ;
#2012 = CARTESIAN_POINT ( 'NONE',  ( 92.13349655500205415, 65.24341383580338061, -22.43265879374040850 ) ) ;
#2013 = DIRECTION ( 'NONE',  ( 0.000000000000000000, 0.8245127025920535591, 0.5658434441295118189 ) ) ;
#2014 = ORIENTED_EDGE ( 'NONE', *, *, #2499, .F. ) ;
#2015 = ORIENTED_EDGE ( 'NONE', *, *, #1039, .F. ) ;
#2016 = LINE ( 'NONE', #3373, #1088 ) ;
#2017 = PLANE ( 'NONE',  #1236 ) ;
#2018 = EDGE_CURVE ( 'NONE', #2645, #3806, #2438, .T. ) ;
#2019 = VECTOR ( 'NONE', #1655, 1000.000000000000000 ) ;
#2020 = CIRCLE ( 'NONE', #2798, 3.000000000000002665 ) ;
#2021 = ORIENTED_EDGE ( 'NONE', *, *, #1862, .F. ) ;
#2022 = EDGE_CURVE ( 'NONE', #3341, #646, #2094, .T. ) ;
#2023 = CARTESIAN_POINT ( 'NONE',  ( -11.00000000000000000, 7.109894321884000057, 12.11037676031997634 ) ) ;
#2024 = CARTESIAN_POINT ( 'NONE',  ( 13.05145552413000232, 96.55254657941229368, 0.7065724094219058005 ) ) ;
#2025 = DIRECTION ( 'NONE',  ( 1.000000000000000000, 0.000000000000000000, 0.000000000000000000 ) ) ;
#2026 = ORIENTED_EDGE ( 'NONE', *, *, #1526, .T. ) ;
#2027 = AXIS2_PLACEMENT_3D ( 'NONE', #1936, #4013, #1980 ) ;
#2028 = EDGE_LOOP ( 'NONE', ( #3051, #660, #892, #4390 ) ) ;
#2029 = ORIENTED_EDGE ( 'NONE', *, *, #903, .T. ) ;
#2030 = LINE ( 'NONE', #2693, #1545 ) ;
#2031 = CARTESIAN_POINT ( 'NONE',  ( 15.00145552412999983, 94.03014822329235756, 0.1883480425382806911 ) ) ;
#2032 = DIRECTION ( 'NONE',  ( 0.000000000000000000, -0.9992442258840701363, 0.03887128808446423112 ) ) ;
#2033 = DIRECTION ( 'NONE',  ( -0.7071067811865409114, -0.02748615139798075632, -0.7065723681841348247 ) ) ;
#2034 = ORIENTED_EDGE ( 'NONE', *, *, #2994, .T. ) ;
#2035 = DIRECTION ( 'NONE',  ( 1.000000000000000000, 0.000000000000000000, 0.000000000000000000 ) ) ;
#2036 = ORIENTED_EDGE ( 'NONE', *, *, #2368, .T. ) ;
#2037 = AXIS2_PLACEMENT_3D ( 'NONE', #675, #1000, #2393 ) ;
#2038 = LINE ( 'NONE', #736, #318 ) ;
#2039 = VERTEX_POINT ( 'NONE', #1382 ) ;
#2040 = AXIS2_PLACEMENT_3D ( 'NONE', #896, #2940, #990 ) ;
#2041 = EDGE_CURVE ( 'NONE', #1298, #1332, #3454, .T. ) ;
#2042 = ORIENTED_EDGE ( 'NONE', *, *, #3797, .T. ) ;
#2043 = ADVANCED_FACE ( 'NONE', ( #2116 ), #2394, .F. ) ;
#2044 = VECTOR ( 'NONE', #4167, 1000.000000000000000 ) ;
#2045 = EDGE_CURVE ( 'NONE', #2582, #1901, #676, .T. ) ;
#2046 = CARTESIAN_POINT ( 'NONE',  ( -18.19854447586996571, 46.78146719713878809, -11.99499615151700027 ) ) ;
#2047 = CARTESIAN_POINT ( 'NONE',  ( -19.19854447586999768, 96.24338253646502039, 5.345750849145058048 ) ) ;
#2048 = CARTESIAN_POINT ( 'NONE',  ( -19.19854447586999413, 71.29485304233206477, -21.47853188827884807 ) ) ;
#2049 = VECTOR ( 'NONE', #1573, 1000.000000000000227 ) ;
#2050 = ORIENTED_EDGE ( 'NONE', *, *, #2833, .F. ) ;
#2051 = AXIS2_PLACEMENT_3D ( 'NONE', #3155, #1781, #409 ) ;
#2052 = ORIENTED_EDGE ( 'NONE', *, *, #741, .F. ) ;
#2053 = ADVANCED_FACE ( 'NONE', ( #3430 ), #343, .F. ) ;
#2054 = EDGE_LOOP ( 'NONE', ( #345, #2815, #331, #1992, #2837, #2771 ) ) ;
#2055 = FACE_OUTER_BOUND ( 'NONE', #2146, .T. ) ;
#2056 = DIRECTION ( 'NONE',  ( 0.000000000000000000, 0.000000000000000000, 1.000000000000000000 ) ) ;
#2057 = DIRECTION ( 'NONE',  ( -0.000000000000000000, 0.8245127025920550023, 0.5658434441295098205 ) ) ;
#2058 = CARTESIAN_POINT ( 'NONE',  ( -19.19854447586999768, 14.60989432188499926, 35.51037676031999979 ) ) ;
#2059 = VERTEX_POINT ( 'NONE', #1022 ) ;
#2060 = DIRECTION ( 'NONE',  ( 0.000000000000000000, 0.000000000000000000, -1.000000000000000000 ) ) ;
#2061 = VERTEX_POINT ( 'NONE', #2370 ) ;
#2062 = CARTESIAN_POINT ( 'NONE',  ( 12.23368857116363095, 72.09451999413502676, -10.01420117214968108 ) ) ;
#2063 = AXIS2_PLACEMENT_3D ( 'NONE', #3772, #707, #1434 ) ;
#2064 = ORIENTED_EDGE ( 'NONE', *, *, #1247, .F. ) ;
#2065 = AXIS2_PLACEMENT_3D ( 'NONE', #1113, #2641, #937 ) ;
#2066 = VERTEX_POINT ( 'NONE', #3741 ) ;
#2067 = DIRECTION ( 'NONE',  ( 0.000000000000000000, -0.5658434441295098205, 0.8245127025920547803 ) ) ;
#2068 = CONICAL_SURFACE ( 'NONE', #727, 6.000000000000001776, 0.7853981633974543852 ) ;
#2069 = EDGE_CURVE ( 'NONE', #353, #747, #700, .T. ) ;
#2070 = CARTESIAN_POINT ( 'NONE',  ( 15.10000000000000142, 0.9576354902146000381, 11.31037676031999872 ) ) ;
#2071 = CYLINDRICAL_SURFACE ( 'NONE', #4184, 1.650000000000000355 ) ;
#2072 = CARTESIAN_POINT ( 'NONE',  ( -13.04854447587000266, 73.46619090684080788, -15.13704402619688061 ) ) ;
#2073 = EDGE_CURVE ( 'NONE', #218, #232, #1711, .T. ) ;
#2074 = ORIENTED_EDGE ( 'NONE', *, *, #801, .F. ) ;
#2075 = ORIENTED_EDGE ( 'NONE', *, *, #4356, .F. ) ;
#2076 = DIRECTION ( 'NONE',  ( 0.000000000000000000, 0.1829067867433661343, 0.9831302596112159176 ) ) ;
#2077 = DIRECTION ( 'NONE',  ( -7.395570986446986770E-32, -0.5658434441295099315, 0.8245127025920548913 ) ) ;
#2078 = LINE ( 'NONE', #2784, #3188 ) ;
#2079 = DIRECTION ( 'NONE',  ( 0.000000000000000000, -0.9992442258840701363, 0.03887128808446423112 ) ) ;
#2080 = EDGE_CURVE ( 'NONE', #3422, #917, #3827, .T. ) ;
#2081 = AXIS2_PLACEMENT_3D ( 'NONE', #1496, #3477, #2821 ) ;
#2082 = ORIENTED_EDGE ( 'NONE', *, *, #1582, .T. ) ;
#2083 = DIRECTION ( 'NONE',  ( -1.000000000000000000, 0.000000000000000000, 0.000000000000000000 ) ) ;
#2084 = ORIENTED_EDGE ( 'NONE', *, *, #367, .F. ) ;
#2085 = ORIENTED_EDGE ( 'NONE', *, *, #3797, .F. ) ;
#2086 = LINE ( 'NONE', #2792, #2147 ) ;
#2087 = ORIENTED_EDGE ( 'NONE', *, *, #3769, .F. ) ;
#2088 = VECTOR ( 'NONE', #1889, 1000.000000000000000 ) ;
#2089 = CIRCLE ( 'NONE', #3218, 2.500000000000000444 ) ;
#2090 = VECTOR ( 'NONE', #4024, 1000.000000000000000 ) ;
#2091 = ORIENTED_EDGE ( 'NONE', *, *, #2497, .F. ) ;
#2092 = AXIS2_PLACEMENT_3D ( 'NONE', #1484, #2224, #548 ) ;
#2093 = DIRECTION ( 'NONE',  ( 2.842170943040399817E-16, 0.5658434441295098205, -0.8245127025920547803 ) ) ;
#2094 = LINE ( 'NONE', #3810, #1261 ) ;
#2095 = LINE ( 'NONE', #4388, #3663 ) ;
#2096 = VERTEX_POINT ( 'NONE', #498 ) ;
#2097 = EDGE_LOOP ( 'NONE', ( #877, #4148, #1082, #2075 ) ) ;
#2098 = EDGE_CURVE ( 'NONE', #3611, #1819, #2885, .T. ) ;
#2099 = LINE ( 'NONE', #438, #3471 ) ;
#2100 = CARTESIAN_POINT ( 'NONE',  ( 18.19999999999996732, 64.03938151918627852, -21.79816480507836474 ) ) ;
#2101 = DIRECTION ( 'NONE',  ( -0.000000000000000000, -0.5658434441295098205, 0.8245127025920547803 ) ) ;
#2102 = DIRECTION ( 'NONE',  ( 0.000000000000000000, -0.8245127025920560015, -0.5658434441295082662 ) ) ;
#2103 = CIRCLE ( 'NONE', #186, 0.9499999999999995115 ) ;
#2104 = ORIENTED_EDGE ( 'NONE', *, *, #3846, .T. ) ;
#2105 = CARTESIAN_POINT ( 'NONE',  ( -18.19854447586996571, 46.78146719713878809, -11.99499615151700027 ) ) ;
#2106 = ADVANCED_FACE ( 'NONE', ( #3856 ), #1866, .F. ) ;
#2107 = ORIENTED_EDGE ( 'NONE', *, *, #1284, .T. ) ;
#2108 = EDGE_CURVE ( 'NONE', #2741, #2206, #704, .T. ) ;
#2109 = ORIENTED_EDGE ( 'NONE', *, *, #1809, .T. ) ;
#2110 = DIRECTION ( 'NONE',  ( 1.000000000000000000, 0.000000000000000000, 0.000000000000000000 ) ) ;
#2111 = EDGE_LOOP ( 'NONE', ( #513, #3315, #2050, #2389 ) ) ;
#2112 = ORIENTED_EDGE ( 'NONE', *, *, #2527, .F. ) ;
#2113 = VECTOR ( 'NONE', #2329, 1000.000000000000227 ) ;
#2114 = CIRCLE ( 'NONE', #201, 3.000000000000005773 ) ;
#2115 = DIRECTION ( 'NONE',  ( -1.000000000000000000, -0.000000000000000000, -0.000000000000000000 ) ) ;
#2116 = FACE_OUTER_BOUND ( 'NONE', #552, .T. ) ;
#2117 = DIRECTION ( 'NONE',  ( 0.000000000000000000, 0.7071067811865439090, -0.7071067811865512365 ) ) ;
#2118 = ORIENTED_EDGE ( 'NONE', *, *, #1087, .T. ) ;
#2119 = ORIENTED_EDGE ( 'NONE', *, *, #2939, .F. ) ;
#2120 = CARTESIAN_POINT ( 'NONE',  ( 9.264483764623832940, 70.83906570622976062, -15.72713993392653720 ) ) ;
#2121 = DIRECTION ( 'NONE',  ( 0.000000000000000000, -0.8245127025920558905, -0.5658434441295083772 ) ) ;
#2122 = CARTESIAN_POINT ( 'NONE',  ( 14.00145552413000161, 70.63697368619180850, -11.01448051323450095 ) ) ;
#2123 = FACE_OUTER_BOUND ( 'NONE', #583, .T. ) ;
#2124 = VECTOR ( 'NONE', #2561, 999.9999999999998863 ) ;
#2125 = EDGE_LOOP ( 'NONE', ( #2493, #3414, #436, #3675, #3828, #2471 ) ) ;
#2126 = FACE_OUTER_BOUND ( 'NONE', #4371, .T. ) ;
#2127 = ADVANCED_FACE ( 'NONE', ( #1131 ), #4115, .F. ) ;
#2128 = ORIENTED_EDGE ( 'NONE', *, *, #964, .F. ) ;
#2129 = DIRECTION ( 'NONE',  ( 0.000000000000000000, 0.000000000000000000, 1.000000000000000000 ) ) ;
#2130 = EDGE_CURVE ( 'NONE', #181, #2791, #2391, .T. ) ;
#2131 = EDGE_CURVE ( 'NONE', #263, #218, #493, .T. ) ;
#2132 = ORIENTED_EDGE ( 'NONE', *, *, #2045, .F. ) ;
#2133 = ORIENTED_EDGE ( 'NONE', *, *, #1256, .F. ) ;
#2134 = ADVANCED_FACE ( 'NONE', ( #3201 ), #1845, .T. ) ;
#2135 = DIRECTION ( 'NONE',  ( 0.000000000000000000, -0.8245127025920558905, -0.5658434441295083772 ) ) ;
#2136 = CIRCLE ( 'NONE', #1563, 2.500000000000002665 ) ;
#2137 = CARTESIAN_POINT ( 'NONE',  ( 19.19999999999999929, 96.24338253646502039, 5.345750849145047390 ) ) ;
#2138 = PLANE ( 'NONE',  #1764 ) ;
#2139 = LINE ( 'NONE', #143, #1081 ) ;
#2140 = CIRCLE ( 'NONE', #2345, 2.500000000000000444 ) ;
#2141 = VERTEX_POINT ( 'NONE', #3876 ) ;
#2142 = CARTESIAN_POINT ( 'NONE',  ( 14.00145552413000161, 96.55254657941769381, 0.7065724094256120580 ) ) ;
#2143 = PRESENTATION_STYLE_ASSIGNMENT (( #126 ) ) ;
#2144 = DIRECTION ( 'NONE',  ( -0.7071067811865419106, -0.4001117364339307758, 0.5830185231772938570 ) ) ;
#2145 = CARTESIAN_POINT ( 'NONE',  ( -18.19854447587001189, 0.9576354902145999271, 38.51037676031999979 ) ) ;
#2146 = EDGE_LOOP ( 'NONE', ( #2698, #1400, #3548, #12 ) ) ;
#2147 = VECTOR ( 'NONE', #3447, 1000.000000000000000 ) ;
#2148 = CYLINDRICAL_SURFACE ( 'NONE', #3939, 1.999999999999998890 ) ;
#2149 = ORIENTED_EDGE ( 'NONE', *, *, #4365, .T. ) ;
#2150 = DIRECTION ( 'NONE',  ( -0.7071067811865436870, -0.5000000000000053291, -0.5000000000000003331 ) ) ;
#2151 = ORIENTED_EDGE ( 'NONE', *, *, #648, .T. ) ;
#2152 = EDGE_CURVE ( 'NONE', #1705, #3423, #2543, .T. ) ;
#2153 = ORIENTED_EDGE ( 'NONE', *, *, #825, .T. ) ;
#2154 = PRODUCT_DEFINITION_CONTEXT ( 'detailed design', #2909, 'design' ) ;
#2155 = CARTESIAN_POINT ( 'NONE',  ( -13.99854447587000195, 70.63697368619270378, -11.01448051323580124 ) ) ;
#2156 = EDGE_CURVE ( 'NONE', #2915, #2498, #3556, .T. ) ;
#2157 = LINE ( 'NONE', #3179, #1472 ) ;
#2158 = CARTESIAN_POINT ( 'NONE',  ( -19.19854447586999768, 66.64224015768024856, -21.48631775461598892 ) ) ;
#2159 = LINE ( 'NONE', #2525, #2212 ) ;
#2160 = CONICAL_SURFACE ( 'NONE', #3802, 2.999999999999997335, 0.7853981633974537191 ) ;
#2161 = ORIENTED_EDGE ( 'NONE', *, *, #1747, .F. ) ;
#2162 = DIRECTION ( 'NONE',  ( -0.000000000000000000, -0.000000000000000000, -1.000000000000000000 ) ) ;
#2163 = CARTESIAN_POINT ( 'NONE',  ( -13.99854447587000195, 93.72332935876271165, 4.829135922385150437 ) ) ;
#2164 = LINE ( 'NONE', #3920, #1305 ) ;
#2165 = VECTOR ( 'NONE', #2992, 1000.000000000000000 ) ;
#2166 = ORIENTED_EDGE ( 'NONE', *, *, #1961, .F. ) ;
#2167 = DIRECTION ( 'NONE',  ( 0.000000000000000000, 0.8245127025920538921, 0.5658434441295111528 ) ) ;
#2168 = EDGE_LOOP ( 'NONE', ( #875, #818, #3657, #746, #3472, #4300 ) ) ;
#2169 = DIRECTION ( 'NONE',  ( 0.000000000000000000, -0.8245127025920527819, -0.5658434441295125961 ) ) ;
#2170 = ORIENTED_EDGE ( 'NONE', *, *, #3133, .F. ) ;
#2171 = ORIENTED_EDGE ( 'NONE', *, *, #1939, .T. ) ;
#2172 = CARTESIAN_POINT ( 'NONE',  ( -18.19854447586996571, 25.93345359818274076, 8.853017447439263776 ) ) ;
#2173 = EDGE_CURVE ( 'NONE', #3723, #1068, #3520, .T. ) ;
#2174 = CIRCLE ( 'NONE', #3239, 1.650000000000000355 ) ;
#2175 = CARTESIAN_POINT ( 'NONE',  ( 19.19999999999999929, 47.48857397832533422, -11.28788937033046480 ) ) ;
#2176 = CARTESIAN_POINT ( 'NONE',  ( -5.999999999999996447, 72.15662769602269577, -14.11246468683799371 ) ) ;
#2177 = DIRECTION ( 'NONE',  ( 0.000000000000000000, -0.8846780299804523073, 0.4662025131527136601 ) ) ;
#2178 = EDGE_CURVE ( 'NONE', #878, #2981, #2843, .T. ) ;
#2179 = EDGE_CURVE ( 'NONE', #2352, #3446, #3913, .T. ) ;
#2180 = AXIS2_PLACEMENT_3D ( 'NONE', #3600, #1287, #4268 ) ;
#2181 = CARTESIAN_POINT ( 'NONE',  ( 19.19999999999999929, -2.390105678115999943, 10.61037676031999943 ) ) ;
#2182 = LINE ( 'NONE', #1179, #2269 ) ;
#2183 = DIRECTION ( 'NONE',  ( 0.000000000000000000, -0.8846780299804521963, 0.4662025131527135491 ) ) ;
#2184 = DIRECTION ( 'NONE',  ( 0.000000000000000000, 4.625929269271481378E-15, 1.000000000000000000 ) ) ;
#2185 = ORIENTED_EDGE ( 'NONE', *, *, #3574, .F. ) ;
#2186 = CARTESIAN_POINT ( 'NONE',  ( 11.00000000000000000, 7.109894321884000057, 37.01037676032003532 ) ) ;
#2187 = VERTEX_POINT ( 'NONE', #3160 ) ;
#2188 = CARTESIAN_POINT ( 'NONE',  ( -13.97180363260000036, 97.32656449751962668, 7.301950439996131692 ) ) ;
#2189 = ORIENTED_EDGE ( 'NONE', *, *, #986, .F. ) ;
#2190 = ORIENTED_EDGE ( 'NONE', *, *, #978, .F. ) ;
#2191 = CIRCLE ( 'NONE', #2764, 1.999999999999999778 ) ;
#2192 = EDGE_CURVE ( 'NONE', #263, #451, #205, .T. ) ;
#2193 = CARTESIAN_POINT ( 'NONE',  ( 11.58084093275035720, 94.23864979788170615, 5.182788074967422887 ) ) ;
#2194 = CARTESIAN_POINT ( 'NONE',  ( 7.850000000000027178, 7.109894321884000057, 10.61037676031999943 ) ) ;
#2195 = DIRECTION ( 'NONE',  ( 1.000000000000000000, 0.000000000000000000, 0.000000000000000000 ) ) ;
#2196 = AXIS2_PLACEMENT_3D ( 'NONE', #4174, #2057, #3417 ) ;
#2197 = CIRCLE ( 'NONE', #3554, 3.149999999999986144 ) ;
#2198 = DIRECTION ( 'NONE',  ( 0.000000000000000000, 0.5658434441295099315, -0.8245127025920548913 ) ) ;
#2199 = ADVANCED_FACE ( 'NONE', ( #785 ), #2138, .F. ) ;
#2200 = DIRECTION ( 'NONE',  ( 0.000000000000000000, 0.8245127025920560015, 0.5658434441295082662 ) ) ;
#2201 = CARTESIAN_POINT ( 'NONE',  ( 7.999999999999998224, 83.81008319340216417, -34.62771887439668461 ) ) ;
#2202 = DIRECTION ( 'NONE',  ( 1.000000000000000000, 0.000000000000000000, 0.000000000000000000 ) ) ;
#2203 = ORIENTED_EDGE ( 'NONE', *, *, #956, .F. ) ;
#2204 = CARTESIAN_POINT ( 'NONE',  ( -19.19854447586999768, 66.56362714128356117, -23.51262202846904970 ) ) ;
#2205 = ADVANCED_FACE ( 'NONE', ( #3893 ), #2820, .F. ) ;
#2206 = VERTEX_POINT ( 'NONE', #2194 ) ;
#2207 = CARTESIAN_POINT ( 'NONE',  ( -18.19854447587001189, 17.60989432188499748, 35.51037676031999979 ) ) ;
#2208 = EDGE_CURVE ( 'NONE', #4305, #71, #2483, .T. ) ;
#2209 = VERTEX_POINT ( 'NONE', #3309 ) ;
#2210 = CARTESIAN_POINT ( 'NONE',  ( -18.19854447587001189, 70.17434498214620930, -11.33197158211370059 ) ) ;
#2211 = VERTEX_POINT ( 'NONE', #1642 ) ;
#2212 = VECTOR ( 'NONE', #499, 999.9999999999998863 ) ;
#2213 = CIRCLE ( 'NONE', #311, 1.999999999999963807 ) ;
#2214 = DIRECTION ( 'NONE',  ( -1.000000000000000000, 0.000000000000000000, 0.000000000000000000 ) ) ;
#2215 = DIRECTION ( 'NONE',  ( -1.000000000000000000, 0.000000000000000000, 0.000000000000000000 ) ) ;
#2216 = LINE ( 'NONE', #2544, #3568 ) ;
#2217 = AXIS2_PLACEMENT_3D ( 'NONE', #447, #115, #1798 ) ;
#2218 = FACE_OUTER_BOUND ( 'NONE', #1879, .T. ) ;
#2219 = DIRECTION ( 'NONE',  ( 1.000000000000000000, 0.000000000000000000, 0.000000000000000000 ) ) ;
#2220 = CARTESIAN_POINT ( 'NONE',  ( -19.19854447586999768, 100.2042866453715391, -0.4258380689992555257 ) ) ;
#2221 = ORIENTED_EDGE ( 'NONE', *, *, #27, .T. ) ;
#2222 = AXIS2_PLACEMENT_3D ( 'NONE', #3662, #3037, #2699 ) ;
#2223 = ORIENTED_EDGE ( 'NONE', *, *, #3103, .T. ) ;
#2224 = DIRECTION ( 'NONE',  ( 1.000000000000000000, -0.000000000000000000, -0.000000000000000000 ) ) ;
#2225 = ADVANCED_FACE ( 'NONE', ( #1217 ), #3693, .F. ) ;
#2226 = AXIS2_PLACEMENT_3D ( 'NONE', #2852, #1542, #3883 ) ;
#2227 = ORIENTED_EDGE ( 'NONE', *, *, #1856, .T. ) ;
#2228 = PLANE ( 'NONE',  #999 ) ;
#2229 = EDGE_CURVE ( 'NONE', #138, #3573, #295, .T. ) ;
#2230 = ORIENTED_EDGE ( 'NONE', *, *, #3353, .T. ) ;
#2231 = ORIENTED_EDGE ( 'NONE', *, *, #3023, .F. ) ;
#2232 = EDGE_CURVE ( 'NONE', #2571, #2498, #2469, .T. ) ;
#2233 = DIRECTION ( 'NONE',  ( -0.7071067811865424657, 0.02748615139798069734, 0.7065723681841332704 ) ) ;
#2234 = VERTEX_POINT ( 'NONE', #2261 ) ;
#2235 = CIRCLE ( 'NONE', #2027, 14.00000000000000355 ) ;
#2236 = CARTESIAN_POINT ( 'NONE',  ( 18.20000000000000639, 53.88374705483423099, -7.403569394788110714 ) ) ;
#2237 = LINE ( 'NONE', #653, #1192 ) ;
#2238 = LINE ( 'NONE', #3262, #2627 ) ;
#2239 = AXIS2_PLACEMENT_3D ( 'NONE', #2753, #1735, #3406 ) ;
#2240 = DIRECTION ( 'NONE',  ( 1.000000000000000000, 0.000000000000000000, 0.000000000000000000 ) ) ;
#2241 = DIRECTION ( 'NONE',  ( -1.000000000000000000, 0.000000000000000000, 0.000000000000000000 ) ) ;
#2242 = LINE ( 'NONE', #462, #3050 ) ;
#2243 = ORIENTED_EDGE ( 'NONE', *, *, #3232, .F. ) ;
#2244 = ORIENTED_EDGE ( 'NONE', *, *, #3946, .T. ) ;
#2245 = VECTOR ( 'NONE', #3875, 1000.000000000000114 ) ;
#2246 = CARTESIAN_POINT ( 'NONE',  ( -5.999999999999984901, 85.43168602279556012, -6.214945698749072989 ) ) ;
#2247 = EDGE_LOOP ( 'NONE', ( #4240, #2960, #3364, #1815 ) ) ;
#2248 = LINE ( 'NONE', #3612, #3703 ) ;
#2249 = DIRECTION ( 'NONE',  ( 0.000000000000000000, 0.000000000000000000, 1.000000000000000000 ) ) ;
#2250 = DIRECTION ( 'NONE',  ( 1.000000000000000000, 0.000000000000000000, 0.000000000000000000 ) ) ;
#2251 = VERTEX_POINT ( 'NONE', #4361 ) ;
#2252 = VECTOR ( 'NONE', #365, 1000.000000000000114 ) ;
#2253 = ORIENTED_EDGE ( 'NONE', *, *, #4205, .F. ) ;
#2254 = ADVANCED_FACE ( 'NONE', ( #1977, #4314, #1953 ), #1312, .F. ) ;
#2255 = DIRECTION ( 'NONE',  ( 0.000000000000000000, -0.5658434441295118189, 0.8245127025920535591 ) ) ;
#2256 = EDGE_CURVE ( 'NONE', #3446, #2582, #3689, .T. ) ;
#2257 = AXIS2_PLACEMENT_3D ( 'NONE', #3496, #97, #740 ) ;
#2258 = VERTEX_POINT ( 'NONE', #1289 ) ;
#2259 = DIRECTION ( 'NONE',  ( 0.7071067811865524577, 0.000000000000000000, -0.7071067811865425767 ) ) ;
#2260 = EDGE_CURVE ( 'NONE', #2793, #2553, #1619, .T. ) ;
#2261 = CARTESIAN_POINT ( 'NONE',  ( 13.05145552413000232, 73.46619090684080788, -15.13704402619688061 ) ) ;
#2262 = DIRECTION ( 'NONE',  ( 0.000000000000000000, 0.8245127025920547803, 0.5658434441295098205 ) ) ;
#2263 = VECTOR ( 'NONE', #2077, 999.9999999999998863 ) ;
#2264 = CARTESIAN_POINT ( 'NONE',  ( 16.50145552412999805, 92.79337916940426112, -0.6604171236559881475 ) ) ;
#2265 = CYLINDRICAL_SURFACE ( 'NONE', #2984, 6.000000000000001776 ) ;
#2266 = DIRECTION ( 'NONE',  ( 0.000000000000000000, 0.000000000000000000, 1.000000000000000000 ) ) ;
#2267 = VERTEX_POINT ( 'NONE', #1930 ) ;
#2268 = CARTESIAN_POINT ( 'NONE',  ( 19.19999999999999929, 96.58912183258813400, -31.03855561342339087 ) ) ;
#2269 = VECTOR ( 'NONE', #3860, 1000.000000000000114 ) ;
#2270 = ORIENTED_EDGE ( 'NONE', *, *, #3869, .F. ) ;
#2271 = LINE ( 'NONE', #259, #221 ) ;
#2272 = DIRECTION ( 'NONE',  ( 1.000000000000000000, 0.000000000000000000, 0.000000000000000000 ) ) ;
#2273 = DIRECTION ( 'NONE',  ( -0.7071067811865524577, 0.000000000000000000, -0.7071067811865426878 ) ) ;
#2274 = VERTEX_POINT ( 'NONE', #2567 ) ;
#2275 = CARTESIAN_POINT ( 'NONE',  ( 19.19999999999999929, 53.41754454168151511, -8.288247424768561800 ) ) ;
#2276 = AXIS2_PLACEMENT_3D ( 'NONE', #621, #3346, #920 ) ;
#2277 = DIRECTION ( 'NONE',  ( 0.000000000000000000, -0.8245127025920534480, -0.5658434441295117079 ) ) ;
#2278 = CARTESIAN_POINT ( 'NONE',  ( 12.65000000000000036, 7.109894321884000057, 14.11037676031999943 ) ) ;
#2279 = CIRCLE ( 'NONE', #800, 1.500000000000003997 ) ;
#2280 = EDGE_CURVE ( 'NONE', #690, #2813, #585, .T. ) ;
#2281 = EDGE_LOOP ( 'NONE', ( #2823, #681, #1540, #2166 ) ) ;
#2282 = PLANE ( 'NONE',  #3534 ) ;
#2283 = FACE_BOUND ( 'NONE', #3331, .T. ) ;
#2284 = DIRECTION ( 'NONE',  ( 0.000000000000000000, -0.000000000000000000, 1.000000000000000000 ) ) ;
#2285 = EDGE_CURVE ( 'NONE', #841, #695, #2659, .T. ) ;
#2286 = DIRECTION ( 'NONE',  ( -1.000000000000000000, 0.000000000000000000, 0.000000000000000000 ) ) ;
#2287 = CARTESIAN_POINT ( 'NONE',  ( 18.20000000000000995, 19.36725363476568518, 26.73292590984120665 ) ) ;
#2288 = DIRECTION ( 'NONE',  ( 0.000000000000000000, -1.000000000000000000, 0.000000000000000000 ) ) ;
#2289 = EDGE_LOOP ( 'NONE', ( #2621, #2243, #3283, #3410 ) ) ;
#2290 = CARTESIAN_POINT ( 'NONE',  ( 19.19999999999999929, 14.60989432188499926, 38.51037676031999979 ) ) ;
#2291 = AXIS2_PLACEMENT_3D ( 'NONE', #1850, #1199, #2825 ) ;
#2292 = VERTEX_POINT ( 'NONE', #630 ) ;
#2293 = DIRECTION ( 'NONE',  ( 0.000000000000000000, 0.000000000000000000, 1.000000000000000000 ) ) ;
#2294 = DIRECTION ( 'NONE',  ( 1.000000000000000000, 0.000000000000000000, 0.000000000000000000 ) ) ;
#2295 = FACE_OUTER_BOUND ( 'NONE', #3678, .T. ) ;
#2296 = ORIENTED_EDGE ( 'NONE', *, *, #2917, .T. ) ;
#2297 = LINE ( 'NONE', #1946, #4080 ) ;
#2298 = AXIS2_PLACEMENT_3D ( 'NONE', #4198, #1562, #171 ) ;
#2299 = DIRECTION ( 'NONE',  ( 1.000000000000000000, 0.000000000000000000, 0.000000000000000000 ) ) ;
#2300 = DIRECTION ( 'NONE',  ( 0.000000000000000000, -0.5658434441295098205, 0.8245127025920547803 ) ) ;
#2301 = ORIENTED_EDGE ( 'NONE', *, *, #4165, .T. ) ;
#2302 = DIRECTION ( 'NONE',  ( -0.000000000000000000, -0.5658434441295099315, 0.8245127025920548913 ) ) ;
#2303 = DIRECTION ( 'NONE',  ( -0.7071067811865439090, 0.7071067811865512365, 0.000000000000000000 ) ) ;
#2304 = DIRECTION ( 'NONE',  ( 0.000000000000000000, 0.000000000000000000, -1.000000000000000000 ) ) ;
#2305 = EDGE_CURVE ( 'NONE', #4133, #2274, #4029, .T. ) ;
#2306 = EDGE_CURVE ( 'NONE', #4281, #3790, #933, .T. ) ;
#2307 = DIRECTION ( 'NONE',  ( -1.000000000000000000, 0.000000000000000000, 0.000000000000000000 ) ) ;
#2308 = CARTESIAN_POINT ( 'NONE',  ( 11.00000000000000000, 7.109894321884000057, 12.11037676031997634 ) ) ;
#2309 = LINE ( 'NONE', #2003, #4025 ) ;
#2310 = DIRECTION ( 'NONE',  ( 1.000000000000000000, 0.000000000000000000, 0.000000000000000000 ) ) ;
#2311 = EDGE_CURVE ( 'NONE', #1345, #369, #4251, .T. ) ;
#2312 = CYLINDRICAL_SURFACE ( 'NONE', #4188, 28.64999999999999858 ) ;
#2313 = ORIENTED_EDGE ( 'NONE', *, *, #2878, .F. ) ;
#2314 = VERTEX_POINT ( 'NONE', #3937 ) ;
#2315 = CARTESIAN_POINT ( 'NONE',  ( 19.19999999999999929, 16.60989432188499038, 35.51037676031999979 ) ) ;
#2316 = CARTESIAN_POINT ( 'NONE',  ( -14.94854447587000124, 70.63697368619270378, -11.01448051323580124 ) ) ;
#2317 = DIRECTION ( 'NONE',  ( 1.000000000000000000, 0.000000000000000000, 0.000000000000000000 ) ) ;
#2318 = VERTEX_POINT ( 'NONE', #885 ) ;
#2319 = EDGE_CURVE ( 'NONE', #1090, #717, #2326, .T. ) ;
#2320 = ORIENTED_EDGE ( 'NONE', *, *, #1231, .T. ) ;
#2321 = FACE_BOUND ( 'NONE', #3227, .T. ) ;
#2322 = AXIS2_PLACEMENT_3D ( 'NONE', #37, #1388, #1789 ) ;
#2323 = CARTESIAN_POINT ( 'NONE',  ( 5.999999999999999112, 72.15662769602269577, -14.11246468683799549 ) ) ;
#2324 = AXIS2_PLACEMENT_3D ( 'NONE', #3619, #1213, #2539 ) ;
#2325 = ORIENTED_EDGE ( 'NONE', *, *, #2179, .F. ) ;
#2326 = LINE ( 'NONE', #3333, #3252 ) ;
#2327 = VECTOR ( 'NONE', #2500, 1000.000000000000000 ) ;
#2328 = CARTESIAN_POINT ( 'NONE',  ( 16.19999999999999929, 103.2436681972772021, 0.4471795607972116615 ) ) ;
#2329 = DIRECTION ( 'NONE',  ( -0.7071067811865496822, -0.4001117364339256133, 0.5830185231772878618 ) ) ;
#2330 = CARTESIAN_POINT ( 'NONE',  ( 8.000000000000001776, 95.35326102969091266, -26.70591065658356200 ) ) ;
#2331 = CARTESIAN_POINT ( 'NONE',  ( 7.999999999999998224, 75.31915112250879929, -18.71675189540270168 ) ) ;
#2332 = ORIENTED_EDGE ( 'NONE', *, *, #758, .T. ) ;
#2333 = ORIENTED_EDGE ( 'NONE', *, *, #203, .F. ) ;
#2334 = EDGE_CURVE ( 'NONE', #218, #1075, #2237, .T. ) ;
#2335 = EDGE_LOOP ( 'NONE', ( #787, #3297, #3906, #3807 ) ) ;
#2336 = CARTESIAN_POINT ( 'NONE',  ( -16.49854447586999839, 72.90034746270994503, -14.31253132360272673 ) ) ;
#2337 = DIRECTION ( 'NONE',  ( -1.000000000000000000, 0.000000000000000000, 0.000000000000000000 ) ) ;
#2338 = LINE ( 'NONE', #1988, #2541 ) ;
#2339 = ORIENTED_EDGE ( 'NONE', *, *, #3595, .F. ) ;
#2340 = CIRCLE ( 'NONE', #851, 0.9499999999999995115 ) ;
#2341 = ORIENTED_EDGE ( 'NONE', *, *, #3672, .F. ) ;
#2342 = DIRECTION ( 'NONE',  ( -1.000000000000000000, 0.000000000000000000, 0.000000000000000000 ) ) ;
#2343 = ADVANCED_FACE ( 'NONE', ( #2283, #3645, #4337, #2636, #4004, #954 ), #3668, .T. ) ;
#2344 = DIRECTION ( 'NONE',  ( 0.000000000000000000, -0.5658434441295098205, 0.8245127025920547803 ) ) ;
#2345 = AXIS2_PLACEMENT_3D ( 'NONE', #1838, #3193, #155 ) ;
#2346 = EDGE_LOOP ( 'NONE', ( #3863, #3835, #3966, #2382 ) ) ;
#2347 = VECTOR ( 'NONE', #2766, 1000.000000000000000 ) ;
#2348 = DIRECTION ( 'NONE',  ( -0.000000000000000000, -0.000000000000000000, -1.000000000000000000 ) ) ;
#2349 = DIRECTION ( 'NONE',  ( -1.000000000000000000, 0.000000000000000000, 0.000000000000000000 ) ) ;
#2350 = CARTESIAN_POINT ( 'NONE',  ( 16.19999999999999929, 102.4191554946851568, -0.1186638833323297587 ) ) ;
#2351 = CONICAL_SURFACE ( 'NONE', #453, 4.999999999999984013, 0.7853981633974418397 ) ;
#2352 = VERTEX_POINT ( 'NONE', #3021 ) ;
#2353 = ORIENTED_EDGE ( 'NONE', *, *, #2045, .T. ) ;
#2354 = ORIENTED_EDGE ( 'NONE', *, *, #13, .F. ) ;
#2355 = CARTESIAN_POINT ( 'NONE',  ( 18.20000000000000639, 95.67753909233550758, 6.170263551737101615 ) ) ;
#2356 = CARTESIAN_POINT ( 'NONE',  ( -18.19854447587000834, 64.03938151918627852, -21.79816480507836474 ) ) ;
#2357 = CARTESIAN_POINT ( 'NONE',  ( 9.349999999999999645, 7.109894321884000057, 14.31037676031999872 ) ) ;
#2358 = ORIENTED_EDGE ( 'NONE', *, *, #1206, .T. ) ;
#2359 = CARTESIAN_POINT ( 'NONE',  ( -13.99854447587000195, 93.72332935876271165, 4.829135922385150437 ) ) ;
#2360 = EDGE_CURVE ( 'NONE', #1437, #2645, #4382, .T. ) ;
#2361 = VERTEX_POINT ( 'NONE', #2278 ) ;
#2362 = DIRECTION ( 'NONE',  ( 0.000000000000000000, 0.000000000000000000, -1.000000000000000000 ) ) ;
#2363 = ADVANCED_FACE ( 'NONE', ( #881 ), #3932, .F. ) ;
#2364 = CIRCLE ( 'NONE', #3449, 1.650000000000000355 ) ;
#2365 = EDGE_CURVE ( 'NONE', #469, #1739, #1615, .T. ) ;
#2366 = EDGE_LOOP ( 'NONE', ( #859, #765 ) ) ;
#2367 = EDGE_LOOP ( 'NONE', ( #1754, #3115, #4041, #1762 ) ) ;
#2368 = EDGE_CURVE ( 'NONE', #2061, #2426, #4331, .T. ) ;
#2369 = PLANE ( 'NONE',  #626 ) ;
#2370 = CARTESIAN_POINT ( 'NONE',  ( -14.62354447586999839, 91.72750188008951966, 3.459447025090097938 ) ) ;
#2371 = DIRECTION ( 'NONE',  ( 0.000000000000000000, -0.9831302596112161396, 0.1829067867433648575 ) ) ;
#2372 = CLOSED_SHELL ( 'NONE', ( #3381, #3762, #989, #2521, #3814, #339, #473, #3565, #3848, #880, #3448, #403, #1198, #1222, #182, #74, #2718, #1663, #2881, #1956, #3327, #129, #3763, #260, #2254, #4391, #198, #1197, #1933, #2971, #158, #2998, #1091, #694, #3983, #4228, #1464, #1394, #1528, #1577, #3682, #845, #2199, #4252, #3517, #3214, #2343, #500, #3436, #3702, #2694, #1588, #3622, #3317, #4271, #3318, #3241, #478, #3024, #511, #3056, #1964, #1858, #1335, #2043, #1064, #2964, #1716, #1315, #3210, #3495, #3979, #531, #558, #4383, #2609, #2053, #2703, #4117, #1288, #774, #3558, #3043, #1448, #4069, #2205, #725, #720, #3108, #479, #2134, #2225, #3130, #1692, #2691, #3656, #4273, #1013, #874, #2127, #1638, #1932, #340, #3302, #640, #1111, #2968, #1911, #2106, #2722, #4031, #803, #2363, #562, #153, #4298, #1374, #4062, #1613, #2444, #2773, #3516, #673, #70, #3470, #1097, #430, #4008, #1661, #2419, #2993, #535, #2746, #3329, #1010, #2774, #336, #3895, #1120, #4200, #905, #285, #1751, #2577, #363, #3098 ) ) ;
#2373 = VERTEX_POINT ( 'NONE', #581 ) ;
#2374 = ORIENTED_EDGE ( 'NONE', *, *, #2453, .F. ) ;
#2375 = ORIENTED_EDGE ( 'NONE', *, *, #1228, .F. ) ;
#2376 = DIRECTION ( 'NONE',  ( 0.000000000000000000, 0.7071067811865439090, -0.7071067811865512365 ) ) ;
#2377 = DIRECTION ( 'NONE',  ( 1.000000000000000000, 0.000000000000000000, 0.000000000000000000 ) ) ;
#2378 = DIRECTION ( 'NONE',  ( 1.000000000000000000, 0.000000000000000000, 0.000000000000000000 ) ) ;
#2379 = DIRECTION ( 'NONE',  ( 0.000000000000000000, 0.8245127025920548913, 0.5658434441295099315 ) ) ;
#2380 = EDGE_LOOP ( 'NONE', ( #2602, #1098, #3478, #2448, #2728, #4259, #1732, #1059 ) ) ;
#2381 = CARTESIAN_POINT ( 'NONE',  ( -14.62354447587000017, 74.89617494138207121, -12.94284242630637038 ) ) ;
#2382 = ORIENTED_EDGE ( 'NONE', *, *, #3377, .T. ) ;
#2383 = VECTOR ( 'NONE', #1670, 999.9999999999998863 ) ;
#2384 = LINE ( 'NONE', #359, #3577 ) ;
#2385 = VERTEX_POINT ( 'NONE', #199 ) ;
#2386 = VECTOR ( 'NONE', #455, 1000.000000000000000 ) ;
#2387 = EDGE_CURVE ( 'NONE', #67, #664, #2946, .T. ) ;
#2388 = EDGE_CURVE ( 'NONE', #2803, #263, #602, .T. ) ;
#2389 = ORIENTED_EDGE ( 'NONE', *, *, #1828, .F. ) ;
#2390 = DIRECTION ( 'NONE',  ( 0.000000000000000000, 0.7071067811865439090, -0.7071067811865512365 ) ) ;
#2391 = CIRCLE ( 'NONE', #840, 0.9499999999999995115 ) ;
#2392 = EDGE_CURVE ( 'NONE', #1103, #2813, #140, .T. ) ;
#2393 = DIRECTION ( 'NONE',  ( 0.000000000000000000, 6.938893903907228378E-15, 1.000000000000000000 ) ) ;
#2394 = CYLINDRICAL_SURFACE ( 'NONE', #3182, 1.500000000000003775 ) ;
#2395 = DIRECTION ( 'NONE',  ( -5.684341886080804564E-16, 0.5658434441295099315, -0.8245127025920548913 ) ) ;
#2396 = AXIS2_PLACEMENT_3D ( 'NONE', #949, #2300, #3728 ) ;
#2397 = VERTEX_POINT ( 'NONE', #351 ) ;
#2398 = EDGE_LOOP ( 'NONE', ( #3736, #2107, #381, #1454 ) ) ;
#2399 = DIRECTION ( 'NONE',  ( -5.684341886080804564E-16, 0.5658434441295102646, -0.8245127025920545583 ) ) ;
#2400 = FACE_OUTER_BOUND ( 'NONE', #3154, .T. ) ;
#2401 = FACE_OUTER_BOUND ( 'NONE', #2006, .T. ) ;
#2402 = CARTESIAN_POINT ( 'NONE',  ( -18.19854447587000834, 52.43832144663120687, -6.338141902024656993 ) ) ;
#2403 = ORIENTED_EDGE ( 'NONE', *, *, #376, .F. ) ;
#2404 = CARTESIAN_POINT ( 'NONE',  ( 19.19999999999999929, 67.70543593713269104, -21.52767680214684987 ) ) ;
#2405 = ORIENTED_EDGE ( 'NONE', *, *, #2041, .F. ) ;
#2406 = AXIS2_PLACEMENT_3D ( 'NONE', #4226, #4375, #307 ) ;
#2407 = ORIENTED_EDGE ( 'NONE', *, *, #1719, .F. ) ;
#2408 = CARTESIAN_POINT ( 'NONE',  ( 5.999999999999987566, 85.43168602279556012, -6.214945698749072989 ) ) ;
#2409 = AXIS2_PLACEMENT_3D ( 'NONE', #3391, #751, #3747 ) ;
#2410 = ORIENTED_EDGE ( 'NONE', *, *, #1862, .T. ) ;
#2411 = EDGE_LOOP ( 'NONE', ( #4140, #348, #2270, #2403 ) ) ;
#2412 = DIRECTION ( 'NONE',  ( 0.000000000000000000, 0.000000000000000000, 1.000000000000000000 ) ) ;
#2413 = EDGE_CURVE ( 'NONE', #353, #1090, #1266, .T. ) ;
#2414 = DIRECTION ( 'NONE',  ( 0.000000000000000000, -0.5658434441295098205, 0.8245127025920547803 ) ) ;
#2415 = DIRECTION ( 'NONE',  ( 1.000000000000000000, 0.000000000000000000, 0.000000000000000000 ) ) ;
#2416 = FACE_OUTER_BOUND ( 'NONE', #3594, .T. ) ;
#2417 = EDGE_CURVE ( 'NONE', #525, #1470, #1283, .T. ) ;
#2418 = ORIENTED_EDGE ( 'NONE', *, *, #1907, .F. ) ;
#2419 = ADVANCED_FACE ( 'NONE', ( #244 ), #858, .F. ) ;
#2420 = VERTEX_POINT ( 'NONE', #1903 ) ;
#2421 = CARTESIAN_POINT ( 'NONE',  ( 6.778590904297521647, 71.79326676646533656, -17.11754376939267530 ) ) ;
#2422 = CARTESIAN_POINT ( 'NONE',  ( -10.12556112966256983, 96.81121583787177087, 2.096928556147735101 ) ) ;
#2423 = CARTESIAN_POINT ( 'NONE',  ( -16.49854447586999484, 90.53000539288622406, 2.637633686712251624 ) ) ;
#2424 = FACE_OUTER_BOUND ( 'NONE', #857, .T. ) ;
#2425 = CIRCLE ( 'NONE', #3785, 0.9499999999999995115 ) ;
#2426 = VERTEX_POINT ( 'NONE', #3258 ) ;
#2427 = DIRECTION ( 'NONE',  ( 0.7071067811865549002, 0.7071067811865401342, 0.000000000000000000 ) ) ;
#2428 = VERTEX_POINT ( 'NONE', #220 ) ;
#2429 = EDGE_LOOP ( 'NONE', ( #1443, #1937 ) ) ;
#2430 = DIRECTION ( 'NONE',  ( 0.000000000000000000, -0.8846780299804521963, 0.4662025131527135491 ) ) ;
#2431 = VERTEX_POINT ( 'NONE', #2879 ) ;
#2432 = AXIS2_PLACEMENT_3D ( 'NONE', #3804, #3754, #2745 ) ;
#2433 = AXIS2_PLACEMENT_3D ( 'NONE', #3122, #3442, #3097 ) ;
#2434 = EDGE_LOOP ( 'NONE', ( #1420, #3367, #1134, #2104, #3192, #3692, #3013, #3372, #241, #4096 ) ) ;
#2435 =( NAMED_UNIT ( * ) SI_UNIT ( $, .STERADIAN. ) SOLID_ANGLE_UNIT ( ) );
#2436 = EDGE_CURVE ( 'NONE', #1468, #3990, #1, .T. ) ;
#2437 = DIRECTION ( 'NONE',  ( 1.000000000000000000, 0.000000000000000000, 0.000000000000000000 ) ) ;
#2438 = LINE ( 'NONE', #1407, #3755 ) ;
#2439 = CARTESIAN_POINT ( 'NONE',  ( -14.99854447586999839, 91.76677444677429207, 3.486398852906524848 ) ) ;
#2440 = VERTEX_POINT ( 'NONE', #4265 ) ;
#2441 = VERTEX_POINT ( 'NONE', #266 ) ;
#2442 = EDGE_CURVE ( 'NONE', #2440, #3250, #4287, .T. ) ;
#2443 = LINE ( 'NONE', #4151, #1758 ) ;
#2444 = ADVANCED_FACE ( 'NONE', ( #3575 ), #4322, .T. ) ;
#2445 = LINE ( 'NONE', #3416, #2263 ) ;
#2446 = DIRECTION ( 'NONE',  ( 0.000000000000000000, -0.8846780299804519743, 0.4662025131527140487 ) ) ;
#2447 = DIRECTION ( 'NONE',  ( -2.632694444181972716E-16, -0.8245127025920548913, -0.5658434441295099315 ) ) ;
#2448 = ORIENTED_EDGE ( 'NONE', *, *, #1775, .F. ) ;
#2449 = CARTESIAN_POINT ( 'NONE',  ( -11.57792988449035931, 70.12165324707179082, -11.36813266581543402 ) ) ;
#2450 = ORIENTED_EDGE ( 'NONE', *, *, #1070, .T. ) ;
#2451 = EDGE_LOOP ( 'NONE', ( #1385, #1456, #1147, #3930 ) ) ;
#2452 = DIRECTION ( 'NONE',  ( -0.7071067811865464625, 0.000000000000000000, -0.7071067811865486830 ) ) ;
#2453 = EDGE_CURVE ( 'NONE', #1298, #2318, #3473, .T. ) ;
#2454 = VERTEX_POINT ( 'NONE', #4000 ) ;
#2455 = ORIENTED_EDGE ( 'NONE', *, *, #1314, .F. ) ;
#2456 = VECTOR ( 'NONE', #76, 1000.000000000000000 ) ;
#2457 = LINE ( 'NONE', #4163, #2327 ) ;
#2458 = AXIS2_PLACEMENT_3D ( 'NONE', #1412, #1740, #1718 ) ;
#2459 = CYLINDRICAL_SURFACE ( 'NONE', #898, 1.650000000000000355 ) ;
#2460 = DIRECTION ( 'NONE',  ( 0.000000000000000000, 0.000000000000000000, 1.000000000000000000 ) ) ;
#2461 = FACE_OUTER_BOUND ( 'NONE', #4372, .T. ) ;
#2462 = AXIS2_PLACEMENT_3D ( 'NONE', #3961, #2303, #3357 ) ;
#2463 = ORIENTED_EDGE ( 'NONE', *, *, #2809, .T. ) ;
#2464 = EDGE_CURVE ( 'NONE', #489, #841, #1550, .T. ) ;
#2465 = DIRECTION ( 'NONE',  ( 1.000000000000000000, 0.000000000000000000, 0.000000000000000000 ) ) ;
#2466 = CARTESIAN_POINT ( 'NONE',  ( -19.19854447586999768, 0.9576354902146010373, 34.51037676031999979 ) ) ;
#2467 = DIRECTION ( 'NONE',  ( 1.000000000000000000, -0.000000000000000000, -0.000000000000000000 ) ) ;
#2468 = DIRECTION ( 'NONE',  ( -0.7071067811865545671, 0.02748615139798313636, 0.7065723681841209469 ) ) ;
#2469 = CIRCLE ( 'NONE', #780, 29.64999999999999503 ) ;
#2470 =( GEOMETRIC_REPRESENTATION_CONTEXT ( 3 ) GLOBAL_UNCERTAINTY_ASSIGNED_CONTEXT ( ( #3851 ) ) GLOBAL_UNIT_ASSIGNED_CONTEXT ( ( #1061, #3784, #2435 ) ) REPRESENTATION_CONTEXT ( 'NONE', 'WORKASPACE' ) );
#2471 = ORIENTED_EDGE ( 'NONE', *, *, #1668, .T. ) ;
#2472 = DIRECTION ( 'NONE',  ( -1.000000000000000000, 0.000000000000000000, 0.000000000000000000 ) ) ;
#2473 = EDGE_CURVE ( 'NONE', #1077, #2741, #1882, .T. ) ;
#2474 = EDGE_LOOP ( 'NONE', ( #2029, #3725 ) ) ;
#2475 = ORIENTED_EDGE ( 'NONE', *, *, #4329, .F. ) ;
#2476 = DIRECTION ( 'NONE',  ( -0.000000000000000000, -0.000000000000000000, 1.000000000000000000 ) ) ;
#2477 = ORIENTED_EDGE ( 'NONE', *, *, #978, .T. ) ;
#2478 = EDGE_CURVE ( 'NONE', #3790, #2292, #3610, .T. ) ;
#2479 = VECTOR ( 'NONE', #768, 999.9999999999998863 ) ;
#2480 = VERTEX_POINT ( 'NONE', #1767 ) ;
#2481 = DIRECTION ( 'NONE',  ( -1.000000000000000000, 0.000000000000000000, 0.000000000000000000 ) ) ;
#2482 = DIRECTION ( 'NONE',  ( 0.000000000000000000, -1.000000000000000000, 0.000000000000000000 ) ) ;
#2483 = LINE ( 'NONE', #606, #3245 ) ;
#2484 = DIRECTION ( 'NONE',  ( 0.000000000000000000, -0.5658434441295098205, 0.8245127025920547803 ) ) ;
#2485 = EDGE_LOOP ( 'NONE', ( #154, #1715, #52, #2583 ) ) ;
#2486 = PLANE ( 'NONE',  #3867 ) ;
#2487 = CARTESIAN_POINT ( 'NONE',  ( 16.31923971453401023, 0.9576354902146000381, 34.85361734158309588 ) ) ;
#2488 = DIRECTION ( 'NONE',  ( 0.000000000000000000, -0.5658434441295098205, 0.8245127025920547803 ) ) ;
#2489 = DIRECTION ( 'NONE',  ( 0.000000000000000000, 0.000000000000000000, 1.000000000000000000 ) ) ;
#2490 = CIRCLE ( 'NONE', #3063, 3.000000000000002665 ) ;
#2491 = ORIENTED_EDGE ( 'NONE', *, *, #3917, .F. ) ;
#2492 = CARTESIAN_POINT ( 'NONE',  ( 19.19999999999999929, 50.96130878459499769, 34.51037676031999979 ) ) ;
#2493 = ORIENTED_EDGE ( 'NONE', *, *, #3047, .T. ) ;
#2494 = FACE_OUTER_BOUND ( 'NONE', #1763, .T. ) ;
#2495 = EDGE_CURVE ( 'NONE', #181, #1959, #39, .T. ) ;
#2496 = VERTEX_POINT ( 'NONE', #4153 ) ;
#2497 = EDGE_CURVE ( 'NONE', #3806, #2267, #2078, .T. ) ;
#2498 = VERTEX_POINT ( 'NONE', #418 ) ;
#2499 = EDGE_CURVE ( 'NONE', #2061, #1468, #4187, .T. ) ;
#2500 = DIRECTION ( 'NONE',  ( 0.000000000000000000, 0.000000000000000000, 1.000000000000000000 ) ) ;
#2501 = AXIS2_PLACEMENT_3D ( 'NONE', #1934, #2307, #3651 ) ;
#2502 = FACE_OUTER_BOUND ( 'NONE', #1004, .T. ) ;
#2503 = EDGE_CURVE ( 'NONE', #766, #2595, #2535, .T. ) ;
#2504 = DIRECTION ( 'NONE',  ( 0.000000000000000000, 0.000000000000000000, 1.000000000000000000 ) ) ;
#2505 = CARTESIAN_POINT ( 'NONE',  ( 42.44006885219000225, 0.9576354902146000381, 26.31037676031999695 ) ) ;
#2506 = VECTOR ( 'NONE', #2789, 1000.000000000000000 ) ;
#2507 = CARTESIAN_POINT ( 'NONE',  ( 18.19999999999997087, 67.89979237755500208, -16.53145567272651562 ) ) ;
#2508 = CARTESIAN_POINT ( 'NONE',  ( 16.50145552412999805, 90.53000539288620985, 2.637633686712258285 ) ) ;
#2509 = CARTESIAN_POINT ( 'NONE',  ( 16.19999999999999929, 95.67753909233550758, 6.170263551737106056 ) ) ;
#2510 = CARTESIAN_POINT ( 'NONE',  ( -18.19854447587001189, 14.60989432188499926, 35.51037676031999979 ) ) ;
#2511 = CIRCLE ( 'NONE', #470, 0.9499999999999995115 ) ;
#2512 = VERTEX_POINT ( 'NONE', #2423 ) ;
#2513 = DIRECTION ( 'NONE',  ( -1.000000000000000000, 0.000000000000000000, 0.000000000000000000 ) ) ;
#2514 = VERTEX_POINT ( 'NONE', #2807 ) ;
#2515 = DIRECTION ( 'NONE',  ( 0.000000000000000000, -0.8245127025920548913, -0.5658434441295099315 ) ) ;
#2516 = AXIS2_PLACEMENT_3D ( 'NONE', #3455, #1340, #2688 ) ;
#2517 = ORIENTED_EDGE ( 'NONE', *, *, #698, .F. ) ;
#2518 = FACE_OUTER_BOUND ( 'NONE', #1606, .T. ) ;
#2519 = ORIENTED_EDGE ( 'NONE', *, *, #3171, .T. ) ;
#2520 = EDGE_CURVE ( 'NONE', #2983, #3293, #398, .T. ) ;
#2521 = ADVANCED_FACE ( 'NONE', ( #3795 ), #2829, .F. ) ;
#2522 = AXIS2_PLACEMENT_3D ( 'NONE', #1021, #2414, #342 ) ;
#2523 = FACE_OUTER_BOUND ( 'NONE', #533, .T. ) ;
#2524 = DIRECTION ( 'NONE',  ( 0.000000000000000000, 0.000000000000000000, -1.000000000000000000 ) ) ;
#2525 = CARTESIAN_POINT ( 'NONE',  ( -11.49854447587000017, 70.63697368619180850, -11.01448051323450095 ) ) ;
#2526 = AXIS2_PLACEMENT_3D ( 'NONE', #1238, #1952, #3624 ) ;
#2527 = EDGE_CURVE ( 'NONE', #4201, #2274, #2739, .T. ) ;
#2528 = CARTESIAN_POINT ( 'NONE',  ( -9.828427124746204058, 82.38224354251852333, -7.805331716113402152 ) ) ;
#2529 = CARTESIAN_POINT ( 'NONE',  ( -7.999999999999998224, 75.31730833206138698, -18.71801655862776315 ) ) ;
#2530 = PLANE ( 'NONE',  #1912 ) ;
#2531 = CYLINDRICAL_SURFACE ( 'NONE', #4007, 14.00000000000000355 ) ;
#2532 = ORIENTED_EDGE ( 'NONE', *, *, #588, .T. ) ;
#2533 = CARTESIAN_POINT ( 'NONE',  ( -9.264483764623827611, 70.83906570622976062, -15.72713993392653720 ) ) ;
#2534 = VECTOR ( 'NONE', #4249, 1000.000000000000114 ) ;
#2535 = CIRCLE ( 'NONE', #637, 2.500000000000000444 ) ;
#2536 = VERTEX_POINT ( 'NONE', #4108 ) ;
#2537 = FACE_OUTER_BOUND ( 'NONE', #3607, .T. ) ;
#2538 = VERTEX_POINT ( 'NONE', #110 ) ;
#2539 = DIRECTION ( 'NONE',  ( 0.000000000000000000, 0.000000000000000000, 1.000000000000000000 ) ) ;
#2540 = ORIENTED_EDGE ( 'NONE', *, *, #3464, .F. ) ;
#2541 = VECTOR ( 'NONE', #2273, 1000.000000000000000 ) ;
#2542 = DIRECTION ( 'NONE',  ( 0.000000000000000000, -0.8245127025920531150, -0.5658434441295123740 ) ) ;
#2543 = LINE ( 'NONE', #2865, #1411 ) ;
#2544 = CARTESIAN_POINT ( 'NONE',  ( -19.19854447586999768, 62.60272303237699987, -17.74103311032468611 ) ) ;
#2545 = EDGE_CURVE ( 'NONE', #3014, #2536, #3263, .T. ) ;
#2546 = EDGE_CURVE ( 'NONE', #1127, #3107, #3336, .T. ) ;
#2547 = AXIS2_PLACEMENT_3D ( 'NONE', #797, #2150, #3511 ) ;
#2548 = LINE ( 'NONE', #460, #600 ) ;
#2549 = DIRECTION ( 'NONE',  ( -1.000000000000000000, 0.000000000000000000, 0.000000000000000000 ) ) ;
#2550 = FACE_OUTER_BOUND ( 'NONE', #1529, .T. ) ;
#2551 = DIRECTION ( 'NONE',  ( 0.000000000000000000, 0.000000000000000000, -1.000000000000000000 ) ) ;
#2552 = EDGE_CURVE ( 'NONE', #1418, #2918, #651, .T. ) ;
#2553 = VERTEX_POINT ( 'NONE', #1114 ) ;
#2554 = DIRECTION ( 'NONE',  ( 0.000000000000000000, 0.000000000000000000, 1.000000000000000000 ) ) ;
#2555 = ORIENTED_EDGE ( 'NONE', *, *, #4010, .T. ) ;
#2556 = CARTESIAN_POINT ( 'NONE',  ( -5.999999999999998224, 82.61662357125689482, -8.146856059875947409 ) ) ;
#2557 = AXIS2_PLACEMENT_3D ( 'NONE', #2556, #4241, #2169 ) ;
#2558 = ORIENTED_EDGE ( 'NONE', *, *, #1206, .F. ) ;
#2559 = ORIENTED_EDGE ( 'NONE', *, *, #3411, .F. ) ;
#2560 = ADVANCED_BREP_SHAPE_REPRESENTATION ( '332000147,uvc32_mount_dyx0922', ( #3017, #357 ), #2470 ) ;
#2561 = DIRECTION ( 'NONE',  ( 7.930164461610889072E-17, -0.8245127025920548913, -0.5658434441295099315 ) ) ;
#2562 = ORIENTED_EDGE ( 'NONE', *, *, #1314, .T. ) ;
#2563 = AXIS2_PLACEMENT_3D ( 'NONE', #3985, #1218, #1620 ) ;
#2564 = DIRECTION ( 'NONE',  ( 0.000000000000000000, 0.000000000000000000, 1.000000000000000000 ) ) ;
#2565 = VECTOR ( 'NONE', #4293, 999.9999999999998863 ) ;
#2566 = CARTESIAN_POINT ( 'NONE',  ( -9.349999999999999645, 7.109894321884000057, 14.31037676031999872 ) ) ;
#2567 = CARTESIAN_POINT ( 'NONE',  ( -15.10000000000000142, 0.9576354902146000381, 38.51037676031999979 ) ) ;
#2568 = CARTESIAN_POINT ( 'NONE',  ( -7.999999999999989342, 73.52269461302005027, -16.10301443578461544 ) ) ;
#2569 = DIRECTION ( 'NONE',  ( -0.7071067811865521247, 8.659560562354992023E-17, 0.7071067811865430208 ) ) ;
#2570 = CARTESIAN_POINT ( 'NONE',  ( 0.0007277620649981388860, 17.60989432188499748, 35.51037676031999979 ) ) ;
#2571 = VERTEX_POINT ( 'NONE', #1369 ) ;
#2572 = AXIS2_PLACEMENT_3D ( 'NONE', #1701, #354, #711 ) ;
#2573 = EDGE_LOOP ( 'NONE', ( #3849, #215, #2790, #2668 ) ) ;
#2574 = LINE ( 'NONE', #4258, #2867 ) ;
#2575 = EDGE_CURVE ( 'NONE', #2234, #1717, #1390, .T. ) ;
#2576 = VECTOR ( 'NONE', #4280, 1000.000000000000000 ) ;
#2577 = ADVANCED_FACE ( 'NONE', ( #62 ), #1207, .F. ) ;
#2578 = ORIENTED_EDGE ( 'NONE', *, *, #1939, .F. ) ;
#2579 = CONICAL_SURFACE ( 'NONE', #1384, 1.650000000000000355, 0.7853981633974548293 ) ;
#2580 = CARTESIAN_POINT ( 'NONE',  ( -13.99854447587000195, 70.63697368619270378, -11.01448051323580124 ) ) ;
#2581 = CARTESIAN_POINT ( 'NONE',  ( 19.19999999999999929, 50.62032946276523404, -13.59631560465127897 ) ) ;
#2582 = VERTEX_POINT ( 'NONE', #2760 ) ;
#2583 = ORIENTED_EDGE ( 'NONE', *, *, #2073, .F. ) ;
#2584 = EDGE_CURVE ( 'NONE', #952, #3759, #85, .T. ) ;
#2585 = CARTESIAN_POINT ( 'NONE',  ( -16.19854447586999768, 100.7701300895010519, -1.250350771591329790 ) ) ;
#2586 = CIRCLE ( 'NONE', #474, 3.000000000000000000 ) ;
#2587 = VERTEX_POINT ( 'NONE', #3074 ) ;
#2588 = CARTESIAN_POINT ( 'NONE',  ( -18.19854447587001189, 17.60989432187999881, 38.51037676031999979 ) ) ;
#2589 = DIRECTION ( 'NONE',  ( 1.000000000000000000, 0.000000000000000000, 0.000000000000000000 ) ) ;
#2590 = CARTESIAN_POINT ( 'NONE',  ( -11.00000000000000000, 7.109894321884000057, 12.11037676031997634 ) ) ;
#2591 = AXIS2_PLACEMENT_3D ( 'NONE', #1532, #2115, #1783 ) ;
#2592 = FACE_OUTER_BOUND ( 'NONE', #3099, .T. ) ;
#2593 = LINE ( 'NONE', #913, #2383 ) ;
#2594 = LINE ( 'NONE', #3630, #2810 ) ;
#2595 = VERTEX_POINT ( 'NONE', #3460 ) ;
#2596 = AXIS2_PLACEMENT_3D ( 'NONE', #967, #3971, #662 ) ;
#2597 = DIRECTION ( 'NONE',  ( 0.000000000000000000, -1.000000000000000000, 0.000000000000000000 ) ) ;
#2598 = ORIENTED_EDGE ( 'NONE', *, *, #1421, .T. ) ;
#2599 = CARTESIAN_POINT ( 'NONE',  ( 10.12847217792257837, 72.07583476011782864, -14.87837476773226797 ) ) ;
#2600 = DIRECTION ( 'NONE',  ( 0.000000000000000000, -0.8846780299804521963, 0.4662025131527135491 ) ) ;
#2601 = CARTESIAN_POINT ( 'NONE',  ( -13.97180363260000036, 97.32656449751962668, 7.301950439996131692 ) ) ;
#2602 = ORIENTED_EDGE ( 'NONE', *, *, #3566, .F. ) ;
#2603 = LINE ( 'NONE', #3304, #466 ) ;
#2604 = AXIS2_PLACEMENT_3D ( 'NONE', #4076, #389, #1736 ) ;
#2605 = EDGE_CURVE ( 'NONE', #4176, #2454, #440, .T. ) ;
#2606 = CARTESIAN_POINT ( 'NONE',  ( -19.19854447586999413, 66.20048388967148867, -11.63346268865053723 ) ) ;
#2607 = DIRECTION ( 'NONE',  ( 1.000000000000000000, 0.000000000000000000, 0.000000000000000000 ) ) ;
#2608 = VECTOR ( 'NONE', #3392, 1000.000000000000000 ) ;
#2609 = ADVANCED_FACE ( 'NONE', ( #2401 ), #1460, .F. ) ;
#2610 = CIRCLE ( 'NONE', #2257, 2.500000000000000444 ) ;
#2611 = ORIENTED_EDGE ( 'NONE', *, *, #4170, .T. ) ;
#2612 = LINE ( 'NONE', #561, #3676 ) ;
#2613 = DIRECTION ( 'NONE',  ( 0.000000000000000000, 0.000000000000000000, 1.000000000000000000 ) ) ;
#2614 = DIRECTION ( 'NONE',  ( 0.000000000000000000, 0.000000000000000000, -1.000000000000000000 ) ) ;
#2615 = AXIS2_PLACEMENT_3D ( 'NONE', #3794, #1072, #2377 ) ;
#2616 = CARTESIAN_POINT ( 'NONE',  ( -15.10000000000000142, 0.9576354902146000381, 10.61037676031999943 ) ) ;
#2617 = DIRECTION ( 'NONE',  ( 0.000000000000000000, 0.000000000000000000, 1.000000000000000000 ) ) ;
#2618 = LINE ( 'NONE', #4342, #3380 ) ;
#2619 = ORIENTED_EDGE ( 'NONE', *, *, #2041, .T. ) ;
#2620 = CARTESIAN_POINT ( 'NONE',  ( 18.19999999999999574, 11.10989432188000059, 26.31037676031999695 ) ) ;
#2621 = ORIENTED_EDGE ( 'NONE', *, *, #1062, .F. ) ;
#2622 = CARTESIAN_POINT ( 'NONE',  ( -6.161193392384159750, 71.87366920783595958, -17.23470132404364819 ) ) ;
#2623 = CYLINDRICAL_SURFACE ( 'NONE', #3394, 6.000000000000000000 ) ;
#2624 = DIRECTION ( 'NONE',  ( 0.000000000000000000, -0.5658434441295098205, 0.8245127025920547803 ) ) ;
#2625 = ORIENTED_EDGE ( 'NONE', *, *, #3598, .T. ) ;
#2626 = PLANE ( 'NONE',  #1234 ) ;
#2627 = VECTOR ( 'NONE', #3286, 1000.000000000000000 ) ;
#2628 = CARTESIAN_POINT ( 'NONE',  ( -9.349999999999999645, 7.109894321884000057, 37.01037676032003532 ) ) ;
#2629 = EDGE_CURVE ( 'NONE', #690, #2901, #374, .T. ) ;
#2630 = DIRECTION ( 'NONE',  ( 0.000000000000000000, 0.000000000000000000, -1.000000000000000000 ) ) ;
#2631 = CIRCLE ( 'NONE', #1507, 1.500000000000003997 ) ;
#2632 = EDGE_CURVE ( 'NONE', #1025, #4185, #2242, .T. ) ;
#2633 = EDGE_CURVE ( 'NONE', #3208, #1959, #2767, .T. ) ;
#2634 = ORIENTED_EDGE ( 'NONE', *, *, #3409, .T. ) ;
#2635 = CARTESIAN_POINT ( 'NONE',  ( 12.65000000000000036, 7.109894321884000057, 34.51037676031999979 ) ) ;
#2636 = FACE_BOUND ( 'NONE', #1504, .T. ) ;
#2637 = CARTESIAN_POINT ( 'NONE',  ( -5.999999999999996447, 69.70737881797070656, -14.07811452874238434 ) ) ;
#2638 = VECTOR ( 'NONE', #390, 999.9999999999998863 ) ;
#2639 = EDGE_CURVE ( 'NONE', #2428, #2683, #1201, .T. ) ;
#2640 = DIRECTION ( 'NONE',  ( 0.7071067811865521247, 0.000000000000000000, 0.7071067811865430208 ) ) ;
#2641 = DIRECTION ( 'NONE',  ( -0.000000000000000000, 0.5658434441295098205, -0.8245127025920547803 ) ) ;
#2642 = CARTESIAN_POINT ( 'NONE',  ( -14.99854447586999839, 90.53000539288620985, 2.637633686712260506 ) ) ;
#2643 = ORIENTED_EDGE ( 'NONE', *, *, #7, .F. ) ;
#2644 = DIRECTION ( 'NONE',  ( 0.000000000000000000, -0.8245127025920560015, -0.5658434441295082662 ) ) ;
#2645 = VERTEX_POINT ( 'NONE', #2890 ) ;
#2646 = AXIS2_PLACEMENT_3D ( 'NONE', #68, #3151, #1467 ) ;
#2647 = CIRCLE ( 'NONE', #3366, 2.500000000000002665 ) ;
#2648 = ORIENTED_EDGE ( 'NONE', *, *, #2855, .T. ) ;
#2649 = CARTESIAN_POINT ( 'NONE',  ( 15.00145552412999805, 90.53000539288620985, 2.637633686712260506 ) ) ;
#2650 = FACE_OUTER_BOUND ( 'NONE', #3522, .T. ) ;
#2651 = DIRECTION ( 'NONE',  ( 0.000000000000000000, 0.000000000000000000, 1.000000000000000000 ) ) ;
#2652 = ORIENTED_EDGE ( 'NONE', *, *, #3134, .T. ) ;
#2653 = ORIENTED_EDGE ( 'NONE', *, *, #3593, .T. ) ;
#2654 = DIRECTION ( 'NONE',  ( 1.000000000000000000, 0.000000000000000000, 0.000000000000000000 ) ) ;
#2655 = CIRCLE ( 'NONE', #1734, 1.500000000000003775 ) ;
#2656 = CARTESIAN_POINT ( 'NONE',  ( -13.99854447587000195, 96.55254657941769381, 0.7065724094256120580 ) ) ;
#2657 = ORIENTED_EDGE ( 'NONE', *, *, #3163, .T. ) ;
#2658 = LINE ( 'NONE', #4028, #1405 ) ;
#2659 = LINE ( 'NONE', #3285, #1490 ) ;
#2660 = DIRECTION ( 'NONE',  ( 0.000000000000000000, -0.8245127025920560015, -0.5658434441295082662 ) ) ;
#2661 = AXIS2_PLACEMENT_3D ( 'NONE', #3989, #938, #2288 ) ;
#2662 = EDGE_CURVE ( 'NONE', #2736, #4312, #3561, .T. ) ;
#2663 = CARTESIAN_POINT ( 'NONE',  ( 16.19999999999999929, 100.7701300895010519, -1.250350771591333343 ) ) ;
#2664 = CARTESIAN_POINT ( 'NONE',  ( -1.065814103639999922E-14, -23.39010567811999763, 13.11037676031999766 ) ) ;
#2665 = CARTESIAN_POINT ( 'NONE',  ( 19.19999999999999929, 18.66014685357913550, 26.02581912865466407 ) ) ;
#2666 = VERTEX_POINT ( 'NONE', #523 ) ;
#2667 = EDGE_CURVE ( 'NONE', #1075, #3611, #1871, .T. ) ;
#2668 = ORIENTED_EDGE ( 'NONE', *, *, #2669, .F. ) ;
#2669 = EDGE_CURVE ( 'NONE', #2397, #1521, #1847, .T. ) ;
#2670 = ORIENTED_EDGE ( 'NONE', *, *, #50, .T. ) ;
#2671 = ORIENTED_EDGE ( 'NONE', *, *, #367, .T. ) ;
#2672 = CARTESIAN_POINT ( 'NONE',  ( -8.778014072077576557, 71.07042690644277627, -16.06426542409819902 ) ) ;
#2673 = CARTESIAN_POINT ( 'NONE',  ( 14.00145552413000338, 95.98670313527976816, 1.531085112018253813 ) ) ;
#2674 = B_SPLINE_CURVE_WITH_KNOTS ( 'NONE', 3,
 ( #3212, #468, #1505, #3230 ),
 .UNSPECIFIED., .F., .F.,
 ( 4, 4 ),
 ( 3.469446951953614189E-18, 0.002077243117280204096 ),
 .UNSPECIFIED. ) ;
#2675 = CARTESIAN_POINT ( 'NONE',  ( 5.999999999999987566, 86.86048616835016389, -10.79620834081462100 ) ) ;
#2676 = ORIENTED_EDGE ( 'NONE', *, *, #4358, .F. ) ;
#2677 = VECTOR ( 'NONE', #3361, 1000.000000000000000 ) ;
#2678 = ORIENTED_EDGE ( 'NONE', *, *, #806, .T. ) ;
#2679 = DIRECTION ( 'NONE',  ( -0.7071067811865517916, 0.000000000000000000, 0.7071067811865432429 ) ) ;
#2680 = VECTOR ( 'NONE', #1458, 1000.000000000000000 ) ;
#2681 = DIRECTION ( 'NONE',  ( -0.000000000000000000, -0.5658434441295098205, 0.8245127025920547803 ) ) ;
#2682 = VECTOR ( 'NONE', #1570, 999.9999999999998863 ) ;
#2683 = VERTEX_POINT ( 'NONE', #2220 ) ;
#2684 = CARTESIAN_POINT ( 'NONE',  ( 19.19999999999999929, 95.67753909233550758, 6.170263551737091845 ) ) ;
#2685 = EDGE_CURVE ( 'NONE', #717, #747, #4334, .T. ) ;
#2686 = DIRECTION ( 'NONE',  ( 0.000000000000000000, 0.000000000000000000, -1.000000000000000000 ) ) ;
#2687 = DIRECTION ( 'NONE',  ( 1.000000000000000000, -0.000000000000000000, -0.000000000000000000 ) ) ;
#2688 = DIRECTION ( 'NONE',  ( 1.000000000000000000, 0.000000000000000000, 0.000000000000000000 ) ) ;
#2689 = ORIENTED_EDGE ( 'NONE', *, *, #3679, .T. ) ;
#2690 = ORIENTED_EDGE ( 'NONE', *, *, #257, .T. ) ;
#2691 = ADVANCED_FACE ( 'NONE', ( #1499 ), #2530, .T. ) ;
#2692 = EDGE_LOOP ( 'NONE', ( #286, #1204, #293, #1401 ) ) ;
#2693 = CARTESIAN_POINT ( 'NONE',  ( 19.19999999999999929, 51.73121466544465363, -7.045248683211201346 ) ) ;
#2694 = ADVANCED_FACE ( 'NONE', ( #1138 ), #3225, .T. ) ;
#2695 = LINE ( 'NONE', #1094, #3847 ) ;
#2696 = LINE ( 'NONE', #3461, #290 ) ;
#2697 = ORIENTED_EDGE ( 'NONE', *, *, #824, .T. ) ;
#2698 = ORIENTED_EDGE ( 'NONE', *, *, #144, .F. ) ;
#2699 = DIRECTION ( 'NONE',  ( -1.000000000000000000, 0.000000000000000000, 0.000000000000000000 ) ) ;
#2700 = AXIS2_PLACEMENT_3D ( 'NONE', #791, #3482, #752 ) ;
#2701 = ORIENTED_EDGE ( 'NONE', *, *, #1556, .F. ) ;
#2702 = DIRECTION ( 'NONE',  ( 1.000000000000000000, 0.000000000000000000, 0.000000000000000000 ) ) ;
#2703 = ADVANCED_FACE ( 'NONE', ( #2550 ), #3861, .F. ) ;
#2704 = AXIS2_PLACEMENT_3D ( 'NONE', #2011, #1942, #2293 ) ;
#2705 = ORIENTED_EDGE ( 'NONE', *, *, #2930, .F. ) ;
#2706 = VECTOR ( 'NONE', #3818, 999.9999999999998863 ) ;
#2707 = ORIENTED_EDGE ( 'NONE', *, *, #2804, .T. ) ;
#2708 = DIRECTION ( 'NONE',  ( -1.000000000000000000, -0.000000000000000000, -0.000000000000000000 ) ) ;
#2709 = DIRECTION ( 'NONE',  ( 1.000000000000000000, 0.000000000000000000, 0.000000000000000000 ) ) ;
#2710 = LINE ( 'NONE', #677, #689 ) ;
#2711 = ORIENTED_EDGE ( 'NONE', *, *, #2495, .F. ) ;
#2712 = ORIENTED_EDGE ( 'NONE', *, *, #750, .T. ) ;
#2713 = ORIENTED_EDGE ( 'NONE', *, *, #1556, .T. ) ;
#2714 = CARTESIAN_POINT ( 'NONE',  ( -11.57792988449035931, 72.38502702358985630, -14.66618347618370422 ) ) ;
#2715 = DIRECTION ( 'NONE',  ( 0.000000000000000000, -0.5658434441295098205, 0.8245127025920547803 ) ) ;
#2716 = CARTESIAN_POINT ( 'NONE',  ( 13.05145552413000232, 70.63697368619270378, -11.01448051323580124 ) ) ;
#2717 = DIRECTION ( 'NONE',  ( 0.000000000000000000, 0.000000000000000000, 1.000000000000000000 ) ) ;
#2718 = ADVANCED_FACE ( 'NONE', ( #545 ), #832, .F. ) ;
#2719 = ORIENTED_EDGE ( 'NONE', *, *, #588, .F. ) ;
#2720 = AXIS2_PLACEMENT_3D ( 'NONE', #4034, #2286, #209 ) ;
#2721 = LINE ( 'NONE', #773, #3724 ) ;
#2722 = ADVANCED_FACE ( 'NONE', ( #1891 ), #1831, .T. ) ;
#2723 = ORIENTED_EDGE ( 'NONE', *, *, #3954, .T. ) ;
#2724 = DIRECTION ( 'NONE',  ( -5.782411586589341467E-15, -0.8245127025920558905, -0.5658434441295083772 ) ) ;
#2725 = AXIS2_PLACEMENT_3D ( 'NONE', #22, #2060, #2472 ) ;
#2726 = ORIENTED_EDGE ( 'NONE', *, *, #3183, .F. ) ;
#2727 = EDGE_CURVE ( 'NONE', #1546, #1632, #147, .T. ) ;
#2728 = ORIENTED_EDGE ( 'NONE', *, *, #3869, .T. ) ;
#2729 = CIRCLE ( 'NONE', #1814, 0.9499999999999995115 ) ;
#2730 = CARTESIAN_POINT ( 'NONE',  ( 92.13349655500205415, 52.43832144663120687, -6.338141902024653440 ) ) ;
#2731 = CARTESIAN_POINT ( 'NONE',  ( 0.0007277620649992490006, 67.89979237755500208, -22.53145567272651917 ) ) ;
#2732 = CARTESIAN_POINT ( 'NONE',  ( 11.00000000000000000, 7.109894321884000057, 34.51037676031999979 ) ) ;
#2733 = LINE ( 'NONE', #344, #1297 ) ;
#2734 = ORIENTED_EDGE ( 'NONE', *, *, #3492, .F. ) ;
#2735 = ORIENTED_EDGE ( 'NONE', *, *, #4332, .F. ) ;
#2736 = VERTEX_POINT ( 'NONE', #3543 ) ;
#2737 = DIRECTION ( 'NONE',  ( 0.000000000000000000, -0.5658434441295098205, 0.8245127025920547803 ) ) ;
#2738 = CYLINDRICAL_SURFACE ( 'NONE', #2615, 1.650000000000000355 ) ;
#2739 = LINE ( 'NONE', #1029, #292 ) ;
#2740 = DIRECTION ( 'NONE',  ( -1.000000000000000000, -0.000000000000000000, -0.000000000000000000 ) ) ;
#2741 = VERTEX_POINT ( 'NONE', #1158 ) ;
#2742 = DIRECTION ( 'NONE',  ( 1.000000000000000000, 0.000000000000000000, 0.000000000000000000 ) ) ;
#2743 = ORIENTED_EDGE ( 'NONE', *, *, #1365, .T. ) ;
#2744 = ORIENTED_EDGE ( 'NONE', *, *, #3289, .T. ) ;
#2745 = DIRECTION ( 'NONE',  ( 0.000000000000000000, 0.000000000000000000, -1.000000000000000000 ) ) ;
#2746 = ADVANCED_FACE ( 'NONE', ( #3880 ), #5, .T. ) ;
#2747 = ORIENTED_EDGE ( 'NONE', *, *, #4308, .F. ) ;
#2748 = VECTOR ( 'NONE', #2302, 999.9999999999998863 ) ;
#2749 = EDGE_LOOP ( 'NONE', ( #2723, #1918, #393, #4183 ) ) ;
#2750 = EDGE_CURVE ( 'NONE', #2258, #445, #1518, .T. ) ;
#2751 = DIRECTION ( 'NONE',  ( -0.000000000000000000, 1.000000000000000000, 0.000000000000000000 ) ) ;
#2752 = AXIS2_PLACEMENT_3D ( 'NONE', #862, #540, #2215 ) ;
#2753 = CARTESIAN_POINT ( 'NONE',  ( 14.00145552413000161, 70.63697368619180850, -11.01448051323450095 ) ) ;
#2754 = DIRECTION ( 'NONE',  ( 0.000000000000000000, -0.8245127025920547803, -0.5658434441295098205 ) ) ;
#2755 = DIRECTION ( 'NONE',  ( 0.000000000000000000, 0.8245127025920534480, 0.5658434441295118189 ) ) ;
#2756 = ORIENTED_EDGE ( 'NONE', *, *, #2633, .F. ) ;
#2757 = EDGE_LOOP ( 'NONE', ( #3943, #4204, #2990, #2835 ) ) ;
#2758 = CYLINDRICAL_SURFACE ( 'NONE', #2322, 1.999999999999997780 ) ;
#2759 = DIRECTION ( 'NONE',  ( 1.000000000000000000, 0.000000000000000000, 0.000000000000000000 ) ) ;
#2760 = CARTESIAN_POINT ( 'NONE',  ( 14.62645552412999983, 93.99087565660757093, 0.1613962147218534204 ) ) ;
#2761 = DIRECTION ( 'NONE',  ( -0.000000000000000000, -0.000000000000000000, 1.000000000000000000 ) ) ;
#2762 = ORIENTED_EDGE ( 'NONE', *, *, #1118, .T. ) ;
#2763 = LINE ( 'NONE', #1439, #3083 ) ;
#2764 = AXIS2_PLACEMENT_3D ( 'NONE', #663, #1656, #2013 ) ;
#2765 = EDGE_LOOP ( 'NONE', ( #3850, #3782, #2948, #3035, #2678, #1772, #2877, #2203 ) ) ;
#2766 = DIRECTION ( 'NONE',  ( -1.000000000000000000, 0.000000000000000000, 0.000000000000000000 ) ) ;
#2767 = CIRCLE ( 'NONE', #1133, 0.9499999999999995115 ) ;
#2768 = VERTEX_POINT ( 'NONE', #4236 ) ;
#2769 = VECTOR ( 'NONE', #3918, 999.9999999999998863 ) ;
#2770 = EDGE_CURVE ( 'NONE', #2514, #3105, #2913, .T. ) ;
#2771 = ORIENTED_EDGE ( 'NONE', *, *, #2770, .T. ) ;
#2773 = ADVANCED_FACE ( 'NONE', ( #2400 ), #1049, .F. ) ;
#2772 = CARTESIAN_POINT ( 'NONE',  ( 15.10000000000000142, 11.10989432188000059, 26.31037676031999695 ) ) ;
#2774 = ADVANCED_FACE ( 'NONE', ( #3073 ), #3489, .T. ) ;
#2775 = VECTOR ( 'NONE', #4114, 1000.000000000000114 ) ;
#2776 = DIRECTION ( 'NONE',  ( 5.782411586589341467E-15, -0.8245127025920558905, -0.5658434441295083772 ) ) ;
#2777 = FACE_OUTER_BOUND ( 'NONE', #1327, .T. ) ;
#2778 = DIRECTION ( 'NONE',  ( 0.7071067811865401342, 0.000000000000000000, -0.7071067811865549002 ) ) ;
#2779 = ORIENTED_EDGE ( 'NONE', *, *, #622, .F. ) ;
#2780 = ORIENTED_EDGE ( 'NONE', *, *, #3080, .F. ) ;
#2781 = EDGE_CURVE ( 'NONE', #133, #1229, #2136, .T. ) ;
#2782 = CARTESIAN_POINT ( 'NONE',  ( 14.62645552412999983, 72.63280116486399152, -9.644791615938100193 ) ) ;
#2783 = DIRECTION ( 'NONE',  ( 0.000000000000000000, -0.5658434441295099315, 0.8245127025920548913 ) ) ;
#2784 = CARTESIAN_POINT ( 'NONE',  ( 19.19999999999999929, 67.89801422206001291, -14.10700079642669635 ) ) ;
#2785 = LINE ( 'NONE', #4154, #371 ) ;
#2786 = CIRCLE ( 'NONE', #3203, 1.650000000000000355 ) ;
#2787 = VECTOR ( 'NONE', #4274, 1000.000000000000114 ) ;
#2788 = VERTEX_POINT ( 'NONE', #350 ) ;
#2789 = DIRECTION ( 'NONE',  ( 0.000000000000000000, 0.000000000000000000, 1.000000000000000000 ) ) ;
#2790 = ORIENTED_EDGE ( 'NONE', *, *, #1984, .F. ) ;
#2791 = VERTEX_POINT ( 'NONE', #3118 ) ;
#2792 = CARTESIAN_POINT ( 'NONE',  ( -19.19854447586999768, 25.70754203753229916, 14.11037676031999943 ) ) ;
#2793 = VERTEX_POINT ( 'NONE', #417 ) ;
#2794 = VECTOR ( 'NONE', #2452, 1000.000000000000000 ) ;
#2795 = CIRCLE ( 'NONE', #3650, 2.500000000000000444 ) ;
#2796 = VERTEX_POINT ( 'NONE', #2031 ) ;
#2797 = DIRECTION ( 'NONE',  ( -0.000000000000000000, -0.5658434441295099315, 0.8245127025920548913 ) ) ;
#2798 = AXIS2_PLACEMENT_3D ( 'NONE', #1227, #2513, #487 ) ;
#2799 = CARTESIAN_POINT ( 'NONE',  ( -11.00000000000000000, 7.109894321884000057, 37.01037676032003532 ) ) ;
#2800 = CYLINDRICAL_SURFACE ( 'NONE', #906, 2.500000000000000444 ) ;
#2801 = DIRECTION ( 'NONE',  ( 1.000000000000000000, -0.000000000000000000, -0.000000000000000000 ) ) ;
#2802 = EDGE_CURVE ( 'NONE', #2587, #217, #373, .T. ) ;
#2803 = VERTEX_POINT ( 'NONE', #729 ) ;
#2804 = EDGE_CURVE ( 'NONE', #232, #4185, #38, .T. ) ;
#2805 = DIRECTION ( 'NONE',  ( 0.000000000000000000, -1.000000000000000000, 0.000000000000000000 ) ) ;
#2806 = CARTESIAN_POINT ( 'NONE',  ( -1.065814103639999922E-14, -23.39010567811999763, 14.31037676031999872 ) ) ;
#2807 = CARTESIAN_POINT ( 'NONE',  ( 18.19999999999997087, 100.7701300895010519, -1.250350771591340227 ) ) ;
#2808 = CARTESIAN_POINT ( 'NONE',  ( 19.19999999999999929, 0.9576354902146000381, 37.51037676031999268 ) ) ;
#2809 = EDGE_CURVE ( 'NONE', #2010, #2922, #3816, .T. ) ;
#2810 = VECTOR ( 'NONE', #1602, 1000.000000000000000 ) ;
#2811 = EDGE_LOOP ( 'NONE', ( #3701, #105, #1707, #3779 ) ) ;
#2812 = DIRECTION ( 'NONE',  ( -0.7071067811865500152, -0.3296549584564959501, -0.6255618341659299197 ) ) ;
#2813 = VERTEX_POINT ( 'NONE', #2100 ) ;
#2814 = CARTESIAN_POINT ( 'NONE',  ( -11.00000000000000000, 7.109894321884000057, 10.61037676031999943 ) ) ;
#2815 = ORIENTED_EDGE ( 'NONE', *, *, #1228, .T. ) ;
#2816 = VECTOR ( 'NONE', #699, 1000.000000000000000 ) ;
#2817 = ORIENTED_EDGE ( 'NONE', *, *, #582, .F. ) ;
#2818 = CARTESIAN_POINT ( 'NONE',  ( -11.57792988449035576, 94.23864979788170615, 5.182788074967423775 ) ) ;
#2819 = FACE_OUTER_BOUND ( 'NONE', #2367, .T. ) ;
#2820 = CYLINDRICAL_SURFACE ( 'NONE', #4394, 2.000000000000000000 ) ;
#2821 = DIRECTION ( 'NONE',  ( 2.312964634635737139E-15, -0.8245127025920560015, -0.5658434441295082662 ) ) ;
#2822 = VECTOR ( 'NONE', #1175, 1000.000000000000000 ) ;
#2823 = ORIENTED_EDGE ( 'NONE', *, *, #2834, .F. ) ;
#2824 = EDGE_CURVE ( 'NONE', #1161, #690, #1766, .T. ) ;
#2825 = DIRECTION ( 'NONE',  ( 0.000000000000000000, 0.000000000000000000, 1.000000000000000000 ) ) ;
#2826 = DIRECTION ( 'NONE',  ( 1.000000000000000000, 0.000000000000000000, 0.000000000000000000 ) ) ;
#2827 = DIRECTION ( 'NONE',  ( -0.7071067811865413555, -0.4001117364339310534, 0.5830185231772943011 ) ) ;
#2828 = FACE_OUTER_BOUND ( 'NONE', #2757, .T. ) ;
#2829 = CONICAL_SURFACE ( 'NONE', #1425, 1.650000000000000355, 0.7853981633974548293 ) ;
#2830 = EDGE_LOOP ( 'NONE', ( #3756, #2643, #14, #4286 ) ) ;
#2831 = CARTESIAN_POINT ( 'NONE',  ( 16.19999999999999929, 97.32656449751962668, 7.301950439996130804 ) ) ;
#2832 = B_SPLINE_CURVE_WITH_KNOTS ( 'NONE', 3,
 ( #3820, #1372, #1117, #1032 ),
 .UNSPECIFIED., .F., .F.,
 ( 4, 4 ),
 ( 0.000000000000000000, 0.002077243117280216673 ),
 .UNSPECIFIED. ) ;
#2833 = EDGE_CURVE ( 'NONE', #1161, #1549, #4152, .T. ) ;
#2834 = EDGE_CURVE ( 'NONE', #1350, #3631, #2695, .T. ) ;
#2835 = ORIENTED_EDGE ( 'NONE', *, *, #2413, .T. ) ;
#2836 = CARTESIAN_POINT ( 'NONE',  ( -11.00000000000000000, 7.109894321884000057, 14.31037676031999872 ) ) ;
#2837 = ORIENTED_EDGE ( 'NONE', *, *, #3238, .T. ) ;
#2838 = EDGE_CURVE ( 'NONE', #42, #2981, #1063, .T. ) ;
#2839 = CIRCLE ( 'NONE', #2409, 1.500000000000003997 ) ;
#2840 = ORIENTED_EDGE ( 'NONE', *, *, #1070, .F. ) ;
#2841 = DIRECTION ( 'NONE',  ( 0.000000000000000000, -0.8245127025920548913, -0.5658434441295099315 ) ) ;
#2842 = LINE ( 'NONE', #3536, #3387 ) ;
#2843 = LINE ( 'NONE', #1887, #3603 ) ;
#2844 = DIRECTION ( 'NONE',  ( -0.000000000000000000, 1.000000000000000000, 0.000000000000000000 ) ) ;
#2845 = AXIS2_PLACEMENT_3D ( 'NONE', #4270, #1954, #3626 ) ;
#2846 = PLANE ( 'NONE',  #3826 ) ;
#2847 = SURFACE_STYLE_FILL_AREA ( #790 ) ;
#2848 = CARTESIAN_POINT ( 'NONE',  ( 16.50145552412999805, 95.98670313527976816, 1.531085112018253369 ) ) ;
#2849 = CARTESIAN_POINT ( 'NONE',  ( -19.19854447586999768, 125.0108897153692169, -31.27069369195749360 ) ) ;
#2850 = VECTOR ( 'NONE', #2379, 999.9999999999998863 ) ;
#2851 = ORIENTED_EDGE ( 'NONE', *, *, #2552, .F. ) ;
#2852 = CARTESIAN_POINT ( 'NONE',  ( -18.19854447587000834, 66.33645393343624619, -13.96582486583968574 ) ) ;
#2853 = ORIENTED_EDGE ( 'NONE', *, *, #1991, .T. ) ;
#2854 = CARTESIAN_POINT ( 'NONE',  ( -19.19854447586999768, 66.64224015768024856, -21.48631775461598892 ) ) ;
#2855 = EDGE_CURVE ( 'NONE', #3150, #952, #2445, .T. ) ;
#2856 = EDGE_CURVE ( 'NONE', #3250, #1229, #3842, .T. ) ;
#2857 = ORIENTED_EDGE ( 'NONE', *, *, #1039, .T. ) ;
#2858 = CARTESIAN_POINT ( 'NONE',  ( 11.58084093275035897, 96.50202357439977163, 1.884737264599178452 ) ) ;
#2859 = ORIENTED_EDGE ( 'NONE', *, *, #27, .F. ) ;
#2860 = EDGE_CURVE ( 'NONE', #217, #1717, #923, .T. ) ;
#2861 = AXIS2_PLACEMENT_3D ( 'NONE', #2507, #3916, #3878 ) ;
#2862 = VECTOR ( 'NONE', #3207, 1000.000000000000000 ) ;
#2863 = VECTOR ( 'NONE', #2742, 1000.000000000000000 ) ;
#2864 = CARTESIAN_POINT ( 'NONE',  ( 18.19999999999996732, 21.69081291106343201, 4.610376760320001210 ) ) ;
#2865 = CARTESIAN_POINT ( 'NONE',  ( -9.349999999999999645, 7.109894321884000057, 37.01037676032003532 ) ) ;
#2866 = PLANE ( 'NONE',  #3359 ) ;
#2867 = VECTOR ( 'NONE', #3922, 1000.000000000000000 ) ;
#2868 = CARTESIAN_POINT ( 'NONE',  ( 0.001455524129998500170, 85.53883033781976053, -5.639041326248166008 ) ) ;
#2869 = DIRECTION ( 'NONE',  ( 0.000000000000000000, 0.5658434441295120410, -0.8245127025920532260 ) ) ;
#2870 = DIRECTION ( 'NONE',  ( -1.000000000000000000, 0.000000000000000000, 0.000000000000000000 ) ) ;
#2871 = DIRECTION ( 'NONE',  ( 1.812465975662833256E-15, -0.8245127025920553354, -0.5658434441295090433 ) ) ;
#2872 = ORIENTED_EDGE ( 'NONE', *, *, #1341, .F. ) ;
#2873 = LINE ( 'NONE', #2492, #3222 ) ;
#2874 = EDGE_LOOP ( 'NONE', ( #4323, #1726, #1658, #1694 ) ) ;
#2875 = DIRECTION ( 'NONE',  ( -1.000000000000000000, 0.000000000000000000, 0.000000000000000000 ) ) ;
#2876 = VECTOR ( 'NONE', #3408, 999.9999999999998863 ) ;
#2877 = ORIENTED_EDGE ( 'NONE', *, *, #3821, .T. ) ;
#2878 = EDGE_CURVE ( 'NONE', #1068, #2901, #1704, .T. ) ;
#2879 = CARTESIAN_POINT ( 'NONE',  ( 9.349999999999999645, 7.109894321884000057, 14.11037676031999943 ) ) ;
#2880 = EDGE_LOOP ( 'NONE', ( #4037, #645, #734, #1017 ) ) ;
#2881 = ADVANCED_FACE ( 'NONE', ( #1413 ), #2738, .F. ) ;
#2882 = EDGE_CURVE ( 'NONE', #2796, #2582, #2839, .T. ) ;
#2883 = AXIS2_PLACEMENT_3D ( 'NONE', #2864, #3159, #4229 ) ;
#2884 = FACE_OUTER_BOUND ( 'NONE', #4072, .T. ) ;
#2885 = LINE ( 'NONE', #1554, #273 ) ;
#2886 = CARTESIAN_POINT ( 'NONE',  ( 19.19999999999999574, 21.69081291106343201, 4.610376760320001210 ) ) ;
#2887 = AXIS2_PLACEMENT_3D ( 'NONE', #3052, #3726, #1696 ) ;
#2888 = CARTESIAN_POINT ( 'NONE',  ( -18.19854447586996571, 21.69081291106343201, 4.610376760320001210 ) ) ;
#2889 = DIRECTION ( 'NONE',  ( 0.5270506108201920004, 0.8498338976729878924, 0.000000000000000000 ) ) ;
#2890 = CARTESIAN_POINT ( 'NONE',  ( 19.19999999999999929, 96.24338253646502039, 5.345750849145044725 ) ) ;
#2891 = DIRECTION ( 'NONE',  ( 0.000000000000000000, -0.5658434441295098205, 0.8245127025920547803 ) ) ;
#2892 = ORIENTED_EDGE ( 'NONE', *, *, #4088, .F. ) ;
#2893 = PLANE ( 'NONE',  #3157 ) ;
#2894 = AXIS2_PLACEMENT_3D ( 'NONE', #2210, #556, #4310 ) ;
#2895 = EDGE_LOOP ( 'NONE', ( #779, #692, #1371, #3708 ) ) ;
#2896 = CYLINDRICAL_SURFACE ( 'NONE', #94, 2.500000000000000444 ) ;
#2897 = AXIS2_PLACEMENT_3D ( 'NONE', #1471, #431, #2135 ) ;
#2898 = EDGE_LOOP ( 'NONE', ( #1893, #3229, #3775, #1967 ) ) ;
#2899 = ORIENTED_EDGE ( 'NONE', *, *, #454, .F. ) ;
#2900 = DIRECTION ( 'NONE',  ( 0.000000000000000000, 0.5658434441295099315, -0.8245127025920548913 ) ) ;
#2901 = VERTEX_POINT ( 'NONE', #3459 ) ;
#2902 = EDGE_CURVE ( 'NONE', #2314, #1691, #329, .T. ) ;
#2903 = CARTESIAN_POINT ( 'NONE',  ( -19.19854447586999768, 51.73121466544465363, -7.045248683211198681 ) ) ;
#2904 = DIRECTION ( 'NONE',  ( 0.000000000000000000, -0.5658434441295098205, 0.8245127025920547803 ) ) ;
#2905 = LINE ( 'NONE', #2637, #3145 ) ;
#2906 = EDGE_CURVE ( 'NONE', #3451, #149, #4235, .T. ) ;
#2907 = VECTOR ( 'NONE', #4215, 999.9999999999998863 ) ;
#2908 = EDGE_CURVE ( 'NONE', #1437, #2514, #2182, .T. ) ;
#2909 = APPLICATION_CONTEXT ( 'automotive_design' ) ;
#2910 = CIRCLE ( 'NONE', #3493, 14.00000000000000355 ) ;
#2911 = LINE ( 'NONE', #3002, #2787 ) ;
#2912 = CARTESIAN_POINT ( 'NONE',  ( -19.19854447586999768, 67.89801422206001291, -14.10700079642670524 ) ) ;
#2913 = LINE ( 'NONE', #4065, #2479 ) ;
#2914 = ORIENTED_EDGE ( 'NONE', *, *, #608, .F. ) ;
#2915 = VERTEX_POINT ( 'NONE', #2466 ) ;
#2916 = DIRECTION ( 'NONE',  ( 1.000000000000000000, 0.000000000000000000, 0.000000000000000000 ) ) ;
#2917 = EDGE_CURVE ( 'NONE', #4048, #3423, #2197, .T. ) ;
#2918 = VERTEX_POINT ( 'NONE', #3142 ) ;
#2919 = CARTESIAN_POINT ( 'NONE',  ( 18.20000000000000995, 17.60989432188499748, 30.97556659696046566 ) ) ;
#2920 = DIRECTION ( 'NONE',  ( 1.000000000000000000, 0.000000000000000000, 0.000000000000000000 ) ) ;
#2921 = AXIS2_PLACEMENT_3D ( 'NONE', #1442, #2129, #194 ) ;
#2922 = VERTEX_POINT ( 'NONE', #146 ) ;
#2923 = DIRECTION ( 'NONE',  ( -0.000000000000000000, -0.5658434441295097095, 0.8245127025920548913 ) ) ;
#2924 = CONICAL_SURFACE ( 'NONE', #2563, 2.999999999999997335, 0.7853981633974537191 ) ;
#2925 = AXIS2_PLACEMENT_3D ( 'NONE', #3025, #2001, #4385 ) ;
#2926 = CARTESIAN_POINT ( 'NONE',  ( 15.00145552412999805, 91.76677444677433471, 3.486398852906468004 ) ) ;
#2927 = DIRECTION ( 'NONE',  ( 0.7071067811865439090, 0.7071067811865512365, 0.000000000000000000 ) ) ;
#2928 = CARTESIAN_POINT ( 'NONE',  ( -15.10000000000000142, 0.9576354902146000381, 13.11037676031999766 ) ) ;
#2929 = CARTESIAN_POINT ( 'NONE',  ( 15.00145552412999805, 91.76677444677429207, 3.486398852906524848 ) ) ;
#2930 = EDGE_CURVE ( 'NONE', #2059, #2571, #361, .T. ) ;
#2931 = DIRECTION ( 'NONE',  ( -0.000000000000000000, 0.5658434441295098205, -0.8245127025920547803 ) ) ;
#2932 = DIRECTION ( 'NONE',  ( -0.7071067811865464625, 0.000000000000000000, -0.7071067811865486830 ) ) ;
#2933 = ORIENTED_EDGE ( 'NONE', *, *, #4097, .T. ) ;
#2934 = AXIS2_PLACEMENT_3D ( 'NONE', #3975, #1633, #3349 ) ;
#2935 = LINE ( 'NONE', #2290, #4015 ) ;
#2936 = ORIENTED_EDGE ( 'NONE', *, *, #2173, .F. ) ;
#2937 = CIRCLE ( 'NONE', #4292, 3.828427124746213384 ) ;
#2938 = DIRECTION ( 'NONE',  ( 0.000000000000000000, 0.8846780299804519743, -0.4662025131527140487 ) ) ;
#2939 = EDGE_CURVE ( 'NONE', #408, #1418, #109, .T. ) ;
#2940 = DIRECTION ( 'NONE',  ( 0.000000000000000000, -0.5658434441295098205, 0.8245127025920547803 ) ) ;
#2941 = DIRECTION ( 'NONE',  ( -0.000000000000000000, -0.1829067867433643024, -0.9831302596112162506 ) ) ;
#2942 = ORIENTED_EDGE ( 'NONE', *, *, #748, .T. ) ;
#2943 = CARTESIAN_POINT ( 'NONE',  ( 19.19999999999999929, 17.60989432187999881, 38.51037676031999979 ) ) ;
#2944 = ORIENTED_EDGE ( 'NONE', *, *, #698, .T. ) ;
#2945 = DIRECTION ( 'NONE',  ( 0.000000000000000000, 0.8245127025920547803, 0.5658434441295100426 ) ) ;
#2946 = LINE ( 'NONE', #1190, #2124 ) ;
#2947 = APPLICATION_PROTOCOL_DEFINITION ( 'draft international standard', 'automotive_design', 1998, #2909 ) ;
#2948 = ORIENTED_EDGE ( 'NONE', *, *, #926, .F. ) ;
#2949 = CARTESIAN_POINT ( 'NONE',  ( -11.49854447587000017, 93.72332935876170268, 4.829135922386499580 ) ) ;
#2950 = CARTESIAN_POINT ( 'NONE',  ( 19.19999999999999929, 64.80187635021334813, -14.28749677859189404 ) ) ;
#2951 = DIRECTION ( 'NONE',  ( 0.000000000000000000, 0.000000000000000000, 1.000000000000000000 ) ) ;
#2952 = AXIS2_PLACEMENT_3D ( 'NONE', #1292, #4012, #634 ) ;
#2953 = DIRECTION ( 'NONE',  ( 0.000000000000000000, -0.5658434441295085993, 0.8245127025920557795 ) ) ;
#2954 = CYLINDRICAL_SURFACE ( 'NONE', #1281, 1.500000000000003775 ) ;
#2955 = FACE_OUTER_BOUND ( 'NONE', #3768, .T. ) ;
#2956 = EDGE_LOOP ( 'NONE', ( #2532, #1745 ) ) ;
#2957 = CIRCLE ( 'NONE', #3106, 1.500000000000003997 ) ;
#2958 = DIRECTION ( 'NONE',  ( 0.000000000000000000, 0.000000000000000000, 1.000000000000000000 ) ) ;
#2959 = EDGE_CURVE ( 'NONE', #67, #1546, #1790, .T. ) ;
#2960 = ORIENTED_EDGE ( 'NONE', *, *, #964, .T. ) ;
#2961 = DIRECTION ( 'NONE',  ( 0.000000000000000000, -0.5658434441295098205, 0.8245127025920547803 ) ) ;
#2962 = CARTESIAN_POINT ( 'NONE',  ( 14.00145552413000161, 93.72332935876271165, 4.829135922385150437 ) ) ;
#2963 = CARTESIAN_POINT ( 'NONE',  ( -14.99854447586999839, 94.03014822329235756, 0.1883480425382806911 ) ) ;
#2964 = ADVANCED_FACE ( 'NONE', ( #3205 ), #482, .F. ) ;
#2965 = EDGE_LOOP ( 'NONE', ( #2119, #2109, #4400, #2851 ) ) ;
#2966 = DIRECTION ( 'NONE',  ( 0.000000000000000000, 0.000000000000000000, -1.000000000000000000 ) ) ;
#2967 = CIRCLE ( 'NONE', #1336, 13.00000000000000711 ) ;
#2968 = ADVANCED_FACE ( 'NONE', ( #3224 ), #1848, .T. ) ;
#2969 = CARTESIAN_POINT ( 'NONE',  ( 7.999999999999998224, 71.87366920783595958, -17.23470132404361976 ) ) ;
#2970 = DIRECTION ( 'NONE',  ( 0.000000000000000000, -0.8245127025920528929, -0.5658434441295127071 ) ) ;
#2971 = ADVANCED_FACE ( 'NONE', ( #4214 ), #3560, .F. ) ;
#2972 = EDGE_LOOP ( 'NONE', ( #3778, #739, #1214, #1626, #2223, #1653, #3491, #3844, #2697, #1182, #4022, #2712, #1802, #682, #4070, #3, #3733, #172, #2762, #2042, #337, #1476 ) ) ;
#2973 = DIRECTION ( 'NONE',  ( 0.000000000000000000, -0.5658434441295098205, 0.8245127025920547803 ) ) ;
#2974 = CARTESIAN_POINT ( 'NONE',  ( -1.065814103639999922E-14, -23.39010567811999763, 13.11037676031999766 ) ) ;
#2975 = DIRECTION ( 'NONE',  ( 0.000000000000000000, 0.8846780299804519743, -0.4662025131527141042 ) ) ;
#2976 = AXIS2_PLACEMENT_3D ( 'NONE', #1415, #2761, #3055 ) ;
#2977 = AXIS2_PLACEMENT_3D ( 'NONE', #2201, #813, #3585 ) ;
#2978 = DIRECTION ( 'NONE',  ( 0.000000000000000000, 0.000000000000000000, -1.000000000000000000 ) ) ;
#2979 = DIRECTION ( 'NONE',  ( -1.000000000000000000, 0.000000000000000000, 0.000000000000000000 ) ) ;
#2980 = PLANE ( 'NONE',  #1900 ) ;
#2981 = VERTEX_POINT ( 'NONE', #439 ) ;
#2982 = CARTESIAN_POINT ( 'NONE',  ( 9.349999999999999645, 7.109894321884000057, 37.01037676032003532 ) ) ;
#2983 = VERTEX_POINT ( 'NONE', #188 ) ;
#2984 = AXIS2_PLACEMENT_3D ( 'NONE', #1935, #2979, #2617 ) ;
#2985 = ORIENTED_EDGE ( 'NONE', *, *, #4010, .F. ) ;
#2986 = CARTESIAN_POINT ( 'NONE',  ( 14.00145552412999983, 72.90034746270987398, -14.31253132360277114 ) ) ;
#2987 = CARTESIAN_POINT ( 'NONE',  ( 28.77003442609499828, 0.9576354902146000381, 34.51037676031999979 ) ) ;
#2988 = PLANE ( 'NONE',  #4126 ) ;
#2989 = ORIENTED_EDGE ( 'NONE', *, *, #1575, .F. ) ;
#2990 = ORIENTED_EDGE ( 'NONE', *, *, #615, .F. ) ;
#2991 = PLANE ( 'NONE',  #2222 ) ;
#2992 = DIRECTION ( 'NONE',  ( 0.000000000000000000, -1.000000000000000000, 0.000000000000000000 ) ) ;
#2993 = ADVANCED_FACE ( 'NONE', ( #831 ), #4339, .T. ) ;
#2994 = EDGE_CURVE ( 'NONE', #2454, #3944, #4135, .T. ) ;
#2995 = ORIENTED_EDGE ( 'NONE', *, *, #1902, .F. ) ;
#2996 = AXIS2_PLACEMENT_3D ( 'NONE', #3221, #2801, #1108 ) ;
#2997 = CARTESIAN_POINT ( 'NONE',  ( 19.19999999999999929, 67.89979237755500208, -16.53145567272651562 ) ) ;
#2998 = ADVANCED_FACE ( 'NONE', ( #4254 ), #1200, .F. ) ;
#2999 = CARTESIAN_POINT ( 'NONE',  ( -1.065814103639999922E-14, -23.39010567811999763, 34.51037676031999979 ) ) ;
#3000 = CARTESIAN_POINT ( 'NONE',  ( 19.19999999999999929, 66.20048388967148867, -14.63346268865053723 ) ) ;
#3001 = AXIS2_PLACEMENT_3D ( 'NONE', #1846, #3557, #4191 ) ;
#3002 = CARTESIAN_POINT ( 'NONE',  ( 19.19999999999999929, 70.72900959820253775, -20.65401918568678141 ) ) ;
#3003 = CARTESIAN_POINT ( 'NONE',  ( 18.19999999999996732, 71.29485304233206477, -21.47853188827884807 ) ) ;
#3004 = CARTESIAN_POINT ( 'NONE',  ( -12.65000000000000036, 7.109894321884000057, 14.31037676031999872 ) ) ;
#3005 = EDGE_LOOP ( 'NONE', ( #2405, #2726, #4159, #2064 ) ) ;
#3006 = CARTESIAN_POINT ( 'NONE',  ( -19.19854447586999768, 50.45744858485000606, 11.61037676032001542 ) ) ;
#3007 = ORIENTED_EDGE ( 'NONE', *, *, #1605, .T. ) ;
#3008 = CIRCLE ( 'NONE', #3935, 3.000000000000000888 ) ;
#3009 = ORIENTED_EDGE ( 'NONE', *, *, #4172, .T. ) ;
#3010 = CARTESIAN_POINT ( 'NONE',  ( -6.782110452322373639, 71.79254265192710704, -17.11648863366372098 ) ) ;
#3011 = DIRECTION ( 'NONE',  ( -0.7071067811865453523, -0.3296549584564965052, -0.6255618341659349158 ) ) ;
#3012 = FACE_OUTER_BOUND ( 'NONE', #761, .T. ) ;
#3013 = ORIENTED_EDGE ( 'NONE', *, *, #4088, .T. ) ;
#3014 = VERTEX_POINT ( 'NONE', #812 ) ;
#3015 = CARTESIAN_POINT ( 'NONE',  ( -19.19854447586999768, 12.10989432187999171, 14.11037676031999943 ) ) ;
#3016 = CONICAL_SURFACE ( 'NONE', #4225, 6.999999999999999112, 0.7853981633974548293 ) ;
#3017 = MANIFOLD_SOLID_BREP ( 'µ¹½Ç3', #2372 ) ;
#3018 = CARTESIAN_POINT ( 'NONE',  ( 16.19999999999999929, 96.24338253646502039, 5.345750849145049166 ) ) ;
#3019 = EDGE_CURVE ( 'NONE', #664, #1410, #3986, .T. ) ;
#3020 = ORIENTED_EDGE ( 'NONE', *, *, #2908, .T. ) ;
#3021 = CARTESIAN_POINT ( 'NONE',  ( 12.23368857116363628, 92.26578305081848441, 3.828856581301675277 ) ) ;
#3022 = VECTOR ( 'NONE', #591, 1000.000000000000000 ) ;
#3023 = EDGE_CURVE ( 'NONE', #2496, #3131, #3605, .T. ) ;
#3024 = ADVANCED_FACE ( 'NONE', ( #612 ), #2954, .F. ) ;
#3025 = CARTESIAN_POINT ( 'NONE',  ( 18.19999999999997087, -2.390105678115999943, 10.61037676031999943 ) ) ;
#3026 = FACE_OUTER_BOUND ( 'NONE', #332, .T. ) ;
#3027 = FACE_OUTER_BOUND ( 'NONE', #2111, .T. ) ;
#3028 = DIRECTION ( 'NONE',  ( 0.000000000000000000, 0.000000000000000000, 1.000000000000000000 ) ) ;
#3029 = ORIENTED_EDGE ( 'NONE', *, *, #801, .T. ) ;
#3030 = ORIENTED_EDGE ( 'NONE', *, *, #3891, .T. ) ;
#3031 = EDGE_LOOP ( 'NONE', ( #3007, #3030, #2151, #1567 ) ) ;
#3032 = DIRECTION ( 'NONE',  ( 0.000000000000000000, -0.8245127025920554464, -0.5658434441295089323 ) ) ;
#3033 = DIRECTION ( 'NONE',  ( 0.000000000000000000, -0.8245127025920553354, -0.5658434441295091544 ) ) ;
#3034 = CARTESIAN_POINT ( 'NONE',  ( -14.99854447587000017, 73.83029765206735817, -8.822978277560341809 ) ) ;
#3035 = ORIENTED_EDGE ( 'NONE', *, *, #1373, .F. ) ;
#3036 = ORIENTED_EDGE ( 'NONE', *, *, #3162, .F. ) ;
#3037 = DIRECTION ( 'NONE',  ( 0.000000000000000000, -0.5658434441295098205, 0.8245127025920547803 ) ) ;
#3038 = CIRCLE ( 'NONE', #559, 1.500000000000004885 ) ;
#3039 = DIRECTION ( 'NONE',  ( 2.312964634635739900E-15, -0.8245127025920570008, -0.5658434441295066009 ) ) ;
#3040 = VECTOR ( 'NONE', #2524, 1000.000000000000000 ) ;
#3041 = VERTEX_POINT ( 'NONE', #298 ) ;
#3042 = VECTOR ( 'NONE', #3340, 1000.000000000000000 ) ;
#3043 = ADVANCED_FACE ( 'NONE', ( #4318 ), #2265, .F. ) ;
#3044 = DIRECTION ( 'NONE',  ( 0.7071067811865436870, 0.5000000000000051070, 0.5000000000000002220 ) ) ;
#3045 = CARTESIAN_POINT ( 'NONE',  ( -13.04854447587000266, 93.72332935876271165, 4.829135922385150437 ) ) ;
#3046 = FACE_OUTER_BOUND ( 'NONE', #1392, .T. ) ;
#3047 = EDGE_CURVE ( 'NONE', #1506, #3680, #3291, .T. ) ;
#3048 = ORIENTED_EDGE ( 'NONE', *, *, #4038, .T. ) ;
#3049 = ORIENTED_EDGE ( 'NONE', *, *, #928, .T. ) ;
#3050 = VECTOR ( 'NONE', #1812, 1000.000000000000000 ) ;
#3051 = ORIENTED_EDGE ( 'NONE', *, *, #2473, .F. ) ;
#3052 = CARTESIAN_POINT ( 'NONE',  ( 10.12847217792258014, 69.81246098359976315, -11.58032395736399778 ) ) ;
#3053 = CARTESIAN_POINT ( 'NONE',  ( 19.19999999999999929, 14.60989432188499926, 35.51037676031999979 ) ) ;
#3054 = DIRECTION ( 'NONE',  ( 1.000000000000000000, 0.000000000000000000, 0.000000000000000000 ) ) ;
#3055 = DIRECTION ( 'NONE',  ( -1.000000000000000000, 0.000000000000000000, 0.000000000000000000 ) ) ;
#3056 = ADVANCED_FACE ( 'NONE', ( #1890 ), #1622, .F. ) ;
#3057 = ORIENTED_EDGE ( 'NONE', *, *, #3405, .T. ) ;
#3058 = LINE ( 'NONE', #1417, #2863 ) ;
#3059 = VECTOR ( 'NONE', #3898, 999.9999999999998863 ) ;
#3060 = ORIENTED_EDGE ( 'NONE', *, *, #1337, .F. ) ;
#3061 = LINE ( 'NONE', #1703, #2347 ) ;
#3062 = ORIENTED_EDGE ( 'NONE', *, *, #781, .F. ) ;
#3063 = AXIS2_PLACEMENT_3D ( 'NONE', #1115, #814, #2184 ) ;
#3064 = EDGE_LOOP ( 'NONE', ( #4017, #1363, #4219, #2170 ) ) ;
#3065 = LINE ( 'NONE', #54, #973 ) ;
#3066 = FACE_OUTER_BOUND ( 'NONE', #1650, .T. ) ;
#3067 = DIRECTION ( 'NONE',  ( 0.000000000000000000, 0.9992442258840701363, -0.03887128808446423112 ) ) ;
#3068 = VERTEX_POINT ( 'NONE', #4294 ) ;
#3069 = EDGE_LOOP ( 'NONE', ( #29, #899, #284, #672 ) ) ;
#3070 = EDGE_CURVE ( 'NONE', #1546, #2796, #338, .T. ) ;
#3071 = ORIENTED_EDGE ( 'NONE', *, *, #422, .F. ) ;
#3072 = CARTESIAN_POINT ( 'NONE',  ( 6.158242491601204627, 71.87366920783597379, -17.23470132404364463 ) ) ;
#3073 = FACE_OUTER_BOUND ( 'NONE', #577, .T. ) ;
#3074 = CARTESIAN_POINT ( 'NONE',  ( 14.95145552413000090, 73.46619090684080788, -15.13704402619688061 ) ) ;
#3075 = CARTESIAN_POINT ( 'NONE',  ( -16.19854447586999768, 97.32656449751962668, 7.301950439996129916 ) ) ;
#3076 = ORIENTED_EDGE ( 'NONE', *, *, #1709, .T. ) ;
#3077 = CIRCLE ( 'NONE', #3718, 1.650000000000000355 ) ;
#3078 = DIRECTION ( 'NONE',  ( -6.538521332242258584E-17, 1.000000000000000000, 0.000000000000000000 ) ) ;
#3079 = ORIENTED_EDGE ( 'NONE', *, *, #4147, .F. ) ;
#3080 = EDGE_CURVE ( 'NONE', #2788, #1863, #1645, .T. ) ;
#3081 = ORIENTED_EDGE ( 'NONE', *, *, #1118, .F. ) ;
#3082 = CYLINDRICAL_SURFACE ( 'NONE', #2646, 1.500000000000003775 ) ;
#3083 = VECTOR ( 'NONE', #2812, 1000.000000000000114 ) ;
#3084 = VERTEX_POINT ( 'NONE', #1957 ) ;
#3085 = ORIENTED_EDGE ( 'NONE', *, *, #4149, .T. ) ;
#3086 = CYLINDRICAL_SURFACE ( 'NONE', #1344, 0.9499999999999995115 ) ;
#3087 = LINE ( 'NONE', #721, #2113 ) ;
#3088 = DIRECTION ( 'NONE',  ( 0.000000000000000000, 0.000000000000000000, 1.000000000000000000 ) ) ;
#3089 = CYLINDRICAL_SURFACE ( 'NONE', #2516, 0.9499999999999995115 ) ;
#3090 = ORIENTED_EDGE ( 'NONE', *, *, #1906, .T. ) ;
#3091 = ORIENTED_EDGE ( 'NONE', *, *, #1552, .T. ) ;
#3092 = DIRECTION ( 'NONE',  ( -0.000000000000000000, -0.000000000000000000, 1.000000000000000000 ) ) ;
#3093 = DIRECTION ( 'NONE',  ( -1.000000000000000000, 0.000000000000000000, 0.000000000000000000 ) ) ;
#3094 = DIRECTION ( 'NONE',  ( 0.000000000000000000, -0.5658434441295099315, 0.8245127025920548913 ) ) ;
#3095 = CARTESIAN_POINT ( 'NONE',  ( 16.50145552412999805, 73.83029765206730133, -8.822978277560286742 ) ) ;
#3096 = ORIENTED_EDGE ( 'NONE', *, *, #1902, .T. ) ;
#3097 = DIRECTION ( 'NONE',  ( 5.437397926988521068E-15, -0.8245127025920548913, -0.5658434441295097095 ) ) ;
#3098 = ADVANCED_FACE ( 'NONE', ( #959 ), #1823, .F. ) ;
#3099 = EDGE_LOOP ( 'NONE', ( #2519, #782, #1026, #448 ) ) ;
#3100 = ORIENTED_EDGE ( 'NONE', *, *, #3822, .F. ) ;
#3101 = CIRCLE ( 'NONE', #835, 1.500000000000003775 ) ;
#3102 = CARTESIAN_POINT ( 'NONE',  ( 9.349999999999999645, 7.109894321884000057, 12.11037676031997634 ) ) ;
#3103 = EDGE_CURVE ( 'NONE', #2595, #304, #3101, .T. ) ;
#3104 = EDGE_CURVE ( 'NONE', #690, #772, #4180, .T. ) ;
#3105 = VERTEX_POINT ( 'NONE', #3003 ) ;
#3106 = AXIS2_PLACEMENT_3D ( 'NONE', #3982, #932, #1194 ) ;
#3107 = VERTEX_POINT ( 'NONE', #1317 ) ;
#3108 = ADVANCED_FACE ( 'NONE', ( #1914 ), #4177, .F. ) ;
#3109 = FACE_OUTER_BOUND ( 'NONE', #1109, .T. ) ;
#3110 = VECTOR ( 'NONE', #4231, 1000.000000000000000 ) ;
#3111 = VECTOR ( 'NONE', #3306, 1000.000000000000000 ) ;
#3112 = DIRECTION ( 'NONE',  ( -0.000000000000000000, 0.5658434441295098205, -0.8245127025920547803 ) ) ;
#3113 = CARTESIAN_POINT ( 'NONE',  ( -9.349999999999999645, 7.109894321884000057, 14.31037676031999872 ) ) ;
#3114 = DIRECTION ( 'NONE',  ( 0.000000000000000000, -0.000000000000000000, 1.000000000000000000 ) ) ;
#3115 = ORIENTED_EDGE ( 'NONE', *, *, #4093, .F. ) ;
#3116 = ORIENTED_EDGE ( 'NONE', *, *, #2069, .T. ) ;
#3117 = LINE ( 'NONE', #1093, #1177 ) ;
#3118 = CARTESIAN_POINT ( 'NONE',  ( -14.94854447587000124, 96.55254657941229368, 0.7065724094219058005 ) ) ;
#3119 = DIRECTION ( 'NONE',  ( 0.000000000000000000, 0.000000000000000000, 1.000000000000000000 ) ) ;
#3120 = DIRECTION ( 'NONE',  ( -0.000000000000000000, 0.5658434441295098205, -0.8245127025920547803 ) ) ;
#3121 = ORIENTED_EDGE ( 'NONE', *, *, #610, .F. ) ;
#3122 = CARTESIAN_POINT ( 'NONE',  ( -5.999999999999997335, 72.48809111141385131, -14.59545304566752222 ) ) ;
#3123 = VERTEX_POINT ( 'NONE', #3584 ) ;
#3124 = AXIS2_PLACEMENT_3D ( 'NONE', #1168, #262, #3684 ) ;
#3125 = ORIENTED_EDGE ( 'NONE', *, *, #1172, .F. ) ;
#3126 = DIRECTION ( 'NONE',  ( -1.000000000000000000, -0.000000000000000000, -0.000000000000000000 ) ) ;
#3127 = VECTOR ( 'NONE', #3143, 999.9999999999998863 ) ;
#3128 = ORIENTED_EDGE ( 'NONE', *, *, #314, .T. ) ;
#3129 = AXIS2_PLACEMENT_3D ( 'NONE', #2986, #2961, #3032 ) ;
#3130 = ADVANCED_FACE ( 'NONE', ( #210 ), #4275, .T. ) ;
#3131 = VERTEX_POINT ( 'NONE', #1579 ) ;
#3132 = DIRECTION ( 'NONE',  ( -0.000000000000000000, -0.5658434441295097095, 0.8245127025920548913 ) ) ;
#3133 = EDGE_CURVE ( 'NONE', #2209, #3164, #2593, .T. ) ;
#3134 = EDGE_CURVE ( 'NONE', #646, #3868, #4122, .T. ) ;
#3135 = VECTOR ( 'NONE', #2875, 1000.000000000000000 ) ;
#3136 = CARTESIAN_POINT ( 'NONE',  ( 14.00145552413000161, 93.72332935876271165, 4.829135922385150437 ) ) ;
#3137 = CARTESIAN_POINT ( 'NONE',  ( -14.99854447587000017, 73.83029765206730133, -8.822978277560261873 ) ) ;
#3138 = DIRECTION ( 'NONE',  ( 0.000000000000000000, 0.5658434441295099315, -0.8245127025920548913 ) ) ;
#3139 = ORIENTED_EDGE ( 'NONE', *, *, #2669, .T. ) ;
#3140 = ORIENTED_EDGE ( 'NONE', *, *, #3789, .T. ) ;
#3141 = DIRECTION ( 'NONE',  ( 5.684341886080804564E-16, -0.5658434441295102646, 0.8245127025920545583 ) ) ;
#3142 = CARTESIAN_POINT ( 'NONE',  ( -5.999999999999996447, 73.66828292687729629, -19.84970344688677457 ) ) ;
#3143 = DIRECTION ( 'NONE',  ( -4.930380657631324879E-32, 0.5658434441295099315, -0.8245127025920548913 ) ) ;
#3144 = CARTESIAN_POINT ( 'NONE',  ( 14.00145552413000161, 70.83906570622976062, -15.72713993392653364 ) ) ;
#3145 = VECTOR ( 'NONE', #863, 999.9999999999998863 ) ;
#3146 = AXIS2_PLACEMENT_3D ( 'NONE', #2663, #2953, #3312 ) ;
#3147 = ORIENTED_EDGE ( 'NONE', *, *, #3545, .F. ) ;
#3148 = DIRECTION ( 'NONE',  ( 1.000000000000000000, 6.538521332242258584E-17, 4.487231571471349449E-17 ) ) ;
#3149 = ORIENTED_EDGE ( 'NONE', *, *, #1881, .T. ) ;
#3150 = VERTEX_POINT ( 'NONE', #8 ) ;
#3151 = DIRECTION ( 'NONE',  ( 0.000000000000000000, 0.5658434441295098205, -0.8245127025920547803 ) ) ;
#3152 = ORIENTED_EDGE ( 'NONE', *, *, #1426, .T. ) ;
#3153 = AXIS2_PLACEMENT_3D ( 'NONE', #3420, #2427, #401 ) ;
#3154 = EDGE_LOOP ( 'NONE', ( #3433, #327, #2562, #1377 ) ) ;
#3155 = CARTESIAN_POINT ( 'NONE',  ( -19.19854447586999768, 67.89979237755500208, -16.53145567272651562 ) ) ;
#3156 = EDGE_CURVE ( 'NONE', #2441, #1046, #3087, .T. ) ;
#3157 = AXIS2_PLACEMENT_3D ( 'NONE', #2204, #3588, #3902 ) ;
#3158 = CONICAL_SURFACE ( 'NONE', #3518, 4.414213562373118904, 0.7853981633974538301 ) ;
#3159 = DIRECTION ( 'NONE',  ( 1.000000000000000000, -0.000000000000000000, -0.000000000000000000 ) ) ;
#3160 = CARTESIAN_POINT ( 'NONE',  ( -9.349999999999999645, 7.109894321884000057, 34.51037676031999979 ) ) ;
#3161 = CARTESIAN_POINT ( 'NONE',  ( 19.19999999999999929, -3.623767952376999789E-14, 14.11037676031999943 ) ) ;
#3162 = EDGE_CURVE ( 'NONE', #4102, #3952, #655, .T. ) ;
#3163 = EDGE_CURVE ( 'NONE', #3084, #2267, #197, .T. ) ;
#3164 = VERTEX_POINT ( 'NONE', #31 ) ;
#3165 = DIRECTION ( 'NONE',  ( 0.000000000000000000, 0.000000000000000000, 1.000000000000000000 ) ) ;
#3166 = SURFACE_SIDE_STYLE ('',( #2847 ) ) ;
#3167 = CARTESIAN_POINT ( 'NONE',  ( -13.99854447587000195, 93.72332935876271165, 4.829135922385150437 ) ) ;
#3168 = DIRECTION ( 'NONE',  ( -0.000000000000000000, 0.5658434441295098205, -0.8245127025920547803 ) ) ;
#3169 = ORIENTED_EDGE ( 'NONE', *, *, #2546, .F. ) ;
#3170 = FACE_OUTER_BOUND ( 'NONE', #627, .T. ) ;
#3171 = EDGE_CURVE ( 'NONE', #1103, #772, #4386, .T. ) ;
#3172 = ORIENTED_EDGE ( 'NONE', *, *, #778, .T. ) ;
#3173 = DIRECTION ( 'NONE',  ( 1.000000000000000000, 0.000000000000000000, 0.000000000000000000 ) ) ;
#3174 = ORIENTED_EDGE ( 'NONE', *, *, #1231, .F. ) ;
#3175 = AXIS2_PLACEMENT_3D ( 'NONE', #497, #1824, #826 ) ;
#3176 = ORIENTED_EDGE ( 'NONE', *, *, #2305, .T. ) ;
#3177 = VECTOR ( 'NONE', #1553, 999.9999999999998863 ) ;
#3178 = CARTESIAN_POINT ( 'NONE',  ( -5.999999999999984901, 86.86048616835016389, -10.79620834081462277 ) ) ;
#3179 = CARTESIAN_POINT ( 'NONE',  ( 19.19999999999999929, 0.9576354902146000381, 12.31037676031999872 ) ) ;
#3180 = CARTESIAN_POINT ( 'NONE',  ( -13.99854447587000195, 96.55254657941769381, 0.7065724094256120580 ) ) ;
#3181 = DIRECTION ( 'NONE',  ( -1.000000000000000000, 0.000000000000000000, 0.000000000000000000 ) ) ;
#3182 = AXIS2_PLACEMENT_3D ( 'NONE', #3137, #1450, #3720 ) ;
#3183 = EDGE_CURVE ( 'NONE', #2318, #1298, #1968, .T. ) ;
#3184 = LINE ( 'NONE', #3897, #2680 ) ;
#3185 = EDGE_CURVE ( 'NONE', #4103, #618, #3065, .T. ) ;
#3186 = CARTESIAN_POINT ( 'NONE',  ( -18.19854447587000834, 65.24341383580338061, -22.43265879374040850 ) ) ;
#3187 = CARTESIAN_POINT ( 'NONE',  ( -13.99854447587000195, 70.63697368619180850, -11.01448051323450095 ) ) ;
#3188 = VECTOR ( 'NONE', #2144, 1000.000000000000000 ) ;
#3189 = CONICAL_SURFACE ( 'NONE', #2051, 4.999999999999984013, 0.7853981633974418397 ) ;
#3190 = ORIENTED_EDGE ( 'NONE', *, *, #1087, .F. ) ;
#3191 = CARTESIAN_POINT ( 'NONE',  ( -14.14999999999998614, 7.109894321884000057, 38.51037676031999979 ) ) ;
#3192 = ORIENTED_EDGE ( 'NONE', *, *, #291, .T. ) ;
#3193 = DIRECTION ( 'NONE',  ( 0.000000000000000000, -0.5658434441295098205, 0.8245127025920547803 ) ) ;
#3194 = EDGE_CURVE ( 'NONE', #2397, #1345, #1406, .T. ) ;
#3195 = ORIENTED_EDGE ( 'NONE', *, *, #1452, .T. ) ;
#3196 = VECTOR ( 'NONE', #3094, 999.9999999999998863 ) ;
#3197 = ORIENTED_EDGE ( 'NONE', *, *, #394, .T. ) ;
#3198 = CARTESIAN_POINT ( 'NONE',  ( -7.999999999999998224, 71.87366920783595958, -17.23470132404361976 ) ) ;
#3199 = VECTOR ( 'NONE', #4194, 1000.000000000000000 ) ;
#3200 = FACE_OUTER_BOUND ( 'NONE', #2289, .T. ) ;
#3201 = FACE_OUTER_BOUND ( 'NONE', #2411, .T. ) ;
#3202 = PLANE ( 'NONE',  #4282 ) ;
#3203 = AXIS2_PLACEMENT_3D ( 'NONE', #955, #1888, #3646 ) ;
#3204 = FACE_BOUND ( 'NONE', #2474, .T. ) ;
#3205 = FACE_OUTER_BOUND ( 'NONE', #652, .T. ) ;
#3206 = DIRECTION ( 'NONE',  ( 0.000000000000000000, 0.8245127025920562236, 0.5658434441295079331 ) ) ;
#3207 = DIRECTION ( 'NONE',  ( -1.000000000000000000, -0.000000000000000000, -0.000000000000000000 ) ) ;
#3208 = VERTEX_POINT ( 'NONE', #4056 ) ;
#3209 = CYLINDRICAL_SURFACE ( 'NONE', #2298, 6.000000000000001776 ) ;
#3210 = ADVANCED_FACE ( 'NONE', ( #1427 ), #4075, .T. ) ;
#3211 = VERTEX_POINT ( 'NONE', #388 ) ;
#3212 = CARTESIAN_POINT ( 'NONE',  ( -16.92069738514889821, 0.9576354902146000381, 34.51037676031999979 ) ) ;
#3213 = CIRCLE ( 'NONE', #1864, 2.000000000000011990 ) ;
#3214 = ADVANCED_FACE ( 'NONE', ( #3719 ), #2369, .F. ) ;
#3215 = ORIENTED_EDGE ( 'NONE', *, *, #2497, .T. ) ;
#3216 = EDGE_CURVE ( 'NONE', #3423, #4048, #554, .T. ) ;
#3217 = ORIENTED_EDGE ( 'NONE', *, *, #179, .T. ) ;
#3218 = AXIS2_PLACEMENT_3D ( 'NONE', #3187, #148, #4216 ) ;
#3219 = LINE ( 'NONE', #4144, #3956 ) ;
#3220 = DIRECTION ( 'NONE',  ( 0.000000000000000000, -0.8245127025920554464, -0.5658434441295089323 ) ) ;
#3221 = CARTESIAN_POINT ( 'NONE',  ( 19.19999999999999929, 66.83659659810255960, -16.49009662519565111 ) ) ;
#3222 = VECTOR ( 'NONE', #836, 1000.000000000000000 ) ;
#3223 = CARTESIAN_POINT ( 'NONE',  ( 19.19999999999999929, 90.81272324731000367, -42.00000000000000000 ) ) ;
#3224 = FACE_OUTER_BOUND ( 'NONE', #3440, .T. ) ;
#3225 = PLANE ( 'NONE',  #508 ) ;
#3226 = DIRECTION ( 'NONE',  ( 0.000000000000000000, -0.8245127025920544472, -0.5658434441295103756 ) ) ;
#3227 = EDGE_LOOP ( 'NONE', ( #658, #2296 ) ) ;
#3228 = FACE_OUTER_BOUND ( 'NONE', #4161, .T. ) ;
#3229 = ORIENTED_EDGE ( 'NONE', *, *, #3376, .T. ) ;
#3230 = CARTESIAN_POINT ( 'NONE',  ( -15.10000000000000142, 0.9576354902146000381, 35.51037676031997847 ) ) ;
#3231 = CONICAL_SURFACE ( 'NONE', #3808, 14.00000000000000178, 0.7853981633974421728 ) ;
#3232 = EDGE_CURVE ( 'NONE', #136, #1675, #696, .T. ) ;
#3233 = ORIENTED_EDGE ( 'NONE', *, *, #2387, .F. ) ;
#3234 = ORIENTED_EDGE ( 'NONE', *, *, #4165, .F. ) ;
#3235 = EDGE_CURVE ( 'NONE', #3868, #2385, #1687, .T. ) ;
#3236 = CARTESIAN_POINT ( 'NONE',  ( 12.65000000000000036, 7.109894321884000057, 12.11037676031997634 ) ) ;
#3237 = ORIENTED_EDGE ( 'NONE', *, *, #450, .F. ) ;
#3238 = EDGE_CURVE ( 'NONE', #149, #2514, #267, .T. ) ;
#3239 = AXIS2_PLACEMENT_3D ( 'NONE', #979, #3555, #475 ) ;
#3240 = DIRECTION ( 'NONE',  ( 0.000000000000000000, -0.7071067811865439090, 0.7071067811865512365 ) ) ;
#3241 = ADVANCED_FACE ( 'NONE', ( #3026 ), #742, .F. ) ;
#3242 = CARTESIAN_POINT ( 'NONE',  ( 12.23368857116363628, 92.26578305081848441, 3.828856581301677053 ) ) ;
#3243 = CARTESIAN_POINT ( 'NONE',  ( 10.12847217792258014, 68.57569192971170935, -12.42908912355829898 ) ) ;
#3244 = AXIS2_PLACEMENT_3D ( 'NONE', #1048, #3092, #1765 ) ;
#3245 = VECTOR ( 'NONE', #909, 1000.000000000000000 ) ;
#3246 = CARTESIAN_POINT ( 'NONE',  ( 18.20000000000001705, 95.67753909233550758, 6.170263551737101615 ) ) ;
#3247 = DIRECTION ( 'NONE',  ( 0.000000000000000000, 0.5658434441295098205, -0.8245127025920547803 ) ) ;
#3248 = DIRECTION ( 'NONE',  ( 0.000000000000000000, -0.5658434441295098205, 0.8245127025920547803 ) ) ;
#3249 = EDGE_LOOP ( 'NONE', ( #1821, #852, #2118, #1366 ) ) ;
#3250 = VERTEX_POINT ( 'NONE', #3453 ) ;
#3251 = CARTESIAN_POINT ( 'NONE',  ( -19.19854447586999768, 51.73121466544465363, -7.045248683211200458 ) ) ;
#3252 = VECTOR ( 'NONE', #1598, 1000.000000000000114 ) ;
#3253 = ORIENTED_EDGE ( 'NONE', *, *, #3927, .F. ) ;
#3254 = DIRECTION ( 'NONE',  ( -0.7071067811865519026, 0.4999999999999995004, 0.4999999999999943379 ) ) ;
#3255 = AXIS2_PLACEMENT_3D ( 'NONE', #2730, #4098, #2390 ) ;
#3256 = ORIENTED_EDGE ( 'NONE', *, *, #2802, .T. ) ;
#3257 = ORIENTED_EDGE ( 'NONE', *, *, #2306, .F. ) ;
#3258 = CARTESIAN_POINT ( 'NONE',  ( -14.62354447586999839, 93.99087565660757093, 0.1613962147218530041 ) ) ;
#3259 = EDGE_CURVE ( 'NONE', #2373, #42, #1710, .T. ) ;
#3260 = FACE_OUTER_BOUND ( 'NONE', #3904, .T. ) ;
#3261 = DIRECTION ( 'NONE',  ( 0.000000000000000000, 0.000000000000000000, 1.000000000000000000 ) ) ;
#3262 = CARTESIAN_POINT ( 'NONE',  ( 19.19999999999999574, 66.20048388967148867, -14.63346268865053368 ) ) ;
#3263 = CIRCLE ( 'NONE', #3980, 7.000000000000020428 ) ;
#3264 = EDGE_CURVE ( 'NONE', #1840, #2061, #4032, .T. ) ;
#3265 = CIRCLE ( 'NONE', #1786, 1.650000000000000355 ) ;
#3266 = DIRECTION ( 'NONE',  ( 0.000000000000000000, -0.5658434441295098205, 0.8245127025920547803 ) ) ;
#3267 = DIRECTION ( 'NONE',  ( 0.000000000000000000, 0.000000000000000000, 1.000000000000000000 ) ) ;
#3268 = PLANE ( 'NONE',  #2661 ) ;
#3269 = ORIENTED_EDGE ( 'NONE', *, *, #3620, .T. ) ;
#3270 = DIRECTION ( 'NONE',  ( -0.000000000000000000, 0.5658434441295098205, -0.8245127025920547803 ) ) ;
#3271 = AXIS2_PLACEMENT_3D ( 'NONE', #2510, #1159, #2489 ) ;
#3272 = EDGE_LOOP ( 'NONE', ( #945, #1564, #2455, #4169 ) ) ;
#3273 = DIRECTION ( 'NONE',  ( 0.000000000000000000, 0.000000000000000000, 1.000000000000000000 ) ) ;
#3274 = DIRECTION ( 'NONE',  ( 0.000000000000000000, -0.5658434441295101536, 0.8245127025920546693 ) ) ;
#3275 = FACE_BOUND ( 'NONE', #3508, .T. ) ;
#3276 = EDGE_LOOP ( 'NONE', ( #1596, #4368, #2231, #3062 ) ) ;
#3277 = DIRECTION ( 'NONE',  ( 0.000000000000000000, -0.5658434441295098205, 0.8245127025920547803 ) ) ;
#3278 = ORIENTED_EDGE ( 'NONE', *, *, #3540, .F. ) ;
#3279 = CARTESIAN_POINT ( 'NONE',  ( -18.19854447587000834, 56.68096213375051207, -2.095501214905391318 ) ) ;
#3280 = DIRECTION ( 'NONE',  ( 0.000000000000000000, 0.5658434441295121520, -0.8245127025920534480 ) ) ;
#3281 = SHAPE_DEFINITION_REPRESENTATION ( #3328, #2560 ) ;
#3282 = PRODUCT ( '332000147,uvc32_mount_dyx0922', '332000147,uvc32_mount_dyx0922', '', ( #515 ) ) ;
#3283 = ORIENTED_EDGE ( 'NONE', *, *, #3464, .T. ) ;
#3284 = DIRECTION ( 'NONE',  ( -1.000000000000000000, -0.000000000000000000, -0.000000000000000000 ) ) ;
#3285 = CARTESIAN_POINT ( 'NONE',  ( 10.12847217792256771, 95.78461111524178762, 6.243744532710277184 ) ) ;
#3286 = DIRECTION ( 'NONE',  ( 0.7071067811865436870, 0.000000000000000000, -0.7071067811865513475 ) ) ;
#3287 = AXIS2_PLACEMENT_3D ( 'NONE', #958, #888, #1268 ) ;
#3288 = EDGE_CURVE ( 'NONE', #3107, #1127, #2174, .T. ) ;
#3289 = EDGE_CURVE ( 'NONE', #408, #1189, #183, .T. ) ;
#3290 = DIRECTION ( 'NONE',  ( -1.000000000000000000, 0.000000000000000000, 0.000000000000000000 ) ) ;
#3291 = LINE ( 'NONE', #3988, #512 ) ;
#3292 = CARTESIAN_POINT ( 'NONE',  ( 15.00145552412999805, 76.09367142858538102, -12.12102908792853562 ) ) ;
#3293 = VERTEX_POINT ( 'NONE', #3892 ) ;
#3294 = AXIS2_PLACEMENT_3D ( 'NONE', #922, #2966, #647 ) ;
#3295 = EDGE_CURVE ( 'NONE', #369, #2258, #3388, .T. ) ;
#3296 = PLANE ( 'NONE',  #1693 ) ;
#3297 = ORIENTED_EDGE ( 'NONE', *, *, #234, .T. ) ;
#3298 = AXIS2_PLACEMENT_3D ( 'NONE', #3018, #4380, #3039 ) ;
#3299 = DIRECTION ( 'NONE',  ( 0.000000000000000000, 0.000000000000000000, 1.000000000000000000 ) ) ;
#3300 = DIRECTION ( 'NONE',  ( 0.000000000000000000, -0.5658434441295098205, 0.8245127025920547803 ) ) ;
#3301 = CYLINDRICAL_SURFACE ( 'NONE', #2276, 2.500000000000002665 ) ;
#3302 = ADVANCED_FACE ( 'NONE', ( #2502 ), #1402, .F. ) ;
#3303 = VERTEX_POINT ( 'NONE', #1473 ) ;
#3304 = CARTESIAN_POINT ( 'NONE',  ( 19.19999999999999929, 88.74934461477151615, -44.06337863253845910 ) ) ;
#3305 = DIRECTION ( 'NONE',  ( -0.000000000000000000, -0.5658434441295118189, 0.8245127025920535591 ) ) ;
#3306 = DIRECTION ( 'NONE',  ( 0.000000000000000000, 1.000000000000000000, 0.000000000000000000 ) ) ;
#3307 = EDGE_LOOP ( 'NONE', ( #4399, #3060, #3174, #1874 ) ) ;
#3308 = CYLINDRICAL_SURFACE ( 'NONE', #2180, 1.500000000000003775 ) ;
#3309 = CARTESIAN_POINT ( 'NONE',  ( 19.19999999999999929, 50.62032946276524825, -13.59631560465125588 ) ) ;
#3310 = CARTESIAN_POINT ( 'NONE',  ( -18.19854447586996216, 21.69081291106343201, 10.61037676031999943 ) ) ;
#3311 = VECTOR ( 'NONE', #3941, 1000.000000000000114 ) ;
#3312 = DIRECTION ( 'NONE',  ( 0.000000000000000000, -0.8245127025920550023, -0.5658434441295097095 ) ) ;
#3313 = CARTESIAN_POINT ( 'NONE',  ( 10.12847217792256771, 94.54784206135371960, 5.394979366515981312 ) ) ;
#3314 = DIRECTION ( 'NONE',  ( 1.000000000000000000, 0.000000000000000000, 0.000000000000000000 ) ) ;
#3315 = ORIENTED_EDGE ( 'NONE', *, *, #3647, .F. ) ;
#3316 = LINE ( 'NONE', #3992, #1457 ) ;
#3317 = ADVANCED_FACE ( 'NONE', ( #1865 ), #1174, .F. ) ;
#3318 = ADVANCED_FACE ( 'NONE', ( #3200 ), #1130, .F. ) ;
#3319 = EDGE_LOOP ( 'NONE', ( #3079, #1054, #714, #2332 ) ) ;
#3320 = DIRECTION ( 'NONE',  ( 1.000000000000000000, 0.000000000000000000, 0.000000000000000000 ) ) ;
#3321 = CARTESIAN_POINT ( 'NONE',  ( 16.19999999999999929, 102.6778247531477035, 1.271692263389265110 ) ) ;
#3322 = CARTESIAN_POINT ( 'NONE',  ( -18.19854447586999413, 11.10989432188000059, 14.11037676031999943 ) ) ;
#3323 = EDGE_LOOP ( 'NONE', ( #4125, #2227 ) ) ;
#3324 = ORIENTED_EDGE ( 'NONE', *, *, #4299, .T. ) ;
#3325 = CARTESIAN_POINT ( 'NONE',  ( 9.828427124746211163, 72.48809111141385131, -14.59545304566752044 ) ) ;
#3326 = AXIS2_PLACEMENT_3D ( 'NONE', #142, #1495, #2460 ) ;
#3327 = ADVANCED_FACE ( 'NONE', ( #3809 ), #2459, .F. ) ;
#3328 = PRODUCT_DEFINITION_SHAPE ( 'NONE', 'NONE',  #1927 ) ;
#3329 = ADVANCED_FACE ( 'NONE', ( #2819 ), #1152, .T. ) ;
#3330 = CARTESIAN_POINT ( 'NONE',  ( -11.49854447587000017, 72.90034746270987398, -14.31253132360276936 ) ) ;
#3331 = EDGE_LOOP ( 'NONE', ( #106, #2756 ) ) ;
#3332 = CYLINDRICAL_SURFACE ( 'NONE', #64, 2.500000000000000444 ) ;
#3333 = CARTESIAN_POINT ( 'NONE',  ( -16.19854447586999768, 98.71692064424117063, 7.043281181533591173 ) ) ;
#3334 = LINE ( 'NONE', #886, #929 ) ;
#3335 = VECTOR ( 'NONE', #1051, 1000.000000000000000 ) ;
#3336 = CIRCLE ( 'NONE', #2700, 1.650000000000000355 ) ;
#3337 = DIRECTION ( 'NONE',  ( 1.000000000000000000, 0.000000000000000000, 0.000000000000000000 ) ) ;
#3338 = DIRECTION ( 'NONE',  ( -0.000000000000000000, -0.5658434441295097095, 0.8245127025920548913 ) ) ;
#3339 = ORIENTED_EDGE ( 'NONE', *, *, #3593, .F. ) ;
#3340 = DIRECTION ( 'NONE',  ( 0.000000000000000000, 0.000000000000000000, 1.000000000000000000 ) ) ;
#3341 = VERTEX_POINT ( 'NONE', #2175 ) ;
#3342 = AXIS2_PLACEMENT_3D ( 'NONE', #1830, #1870, #1537 ) ;
#3343 = ORIENTED_EDGE ( 'NONE', *, *, #555, .F. ) ;
#3344 = CARTESIAN_POINT ( 'NONE',  ( 11.00000000000000000, 7.109894321884000057, 37.01037676032003532 ) ) ;
#3345 = DIRECTION ( 'NONE',  ( 0.000000000000000000, -0.5658434441295098205, 0.8245127025920547803 ) ) ;
#3346 = DIRECTION ( 'NONE',  ( 2.842170943040399817E-16, 0.5658434441295098205, -0.8245127025920547803 ) ) ;
#3347 = ORIENTED_EDGE ( 'NONE', *, *, #1508, .T. ) ;
#3348 = ORIENTED_EDGE ( 'NONE', *, *, #2334, .F. ) ;
#3349 = DIRECTION ( 'NONE',  ( 0.000000000000000000, 0.000000000000000000, 1.000000000000000000 ) ) ;
#3350 = EDGE_CURVE ( 'NONE', #3819, #1705, #1894, .T. ) ;
#3351 = AXIS2_PLACEMENT_3D ( 'NONE', #3885, #1525, #3905 ) ;
#3352 = CARTESIAN_POINT ( 'NONE',  ( -1.065814103639999922E-14, -23.39010567811999763, 38.51037676031999979 ) ) ;
#3353 = EDGE_CURVE ( 'NONE', #2420, #793, #2157, .T. ) ;
#3354 = EDGE_CURVE ( 'NONE', #772, #1068, #141, .T. ) ;
#3355 = ORIENTED_EDGE ( 'NONE', *, *, #3976, .T. ) ;
#3356 = VECTOR ( 'NONE', #3834, 1000.000000000000114 ) ;
#3357 = DIRECTION ( 'NONE',  ( 0.000000000000000000, 0.000000000000000000, -1.000000000000000000 ) ) ;
#3358 = CIRCLE ( 'NONE', #2007, 1.999999999999996891 ) ;
#3359 = AXIS2_PLACEMENT_3D ( 'NONE', #3161, #828, #2195 ) ;
#3360 = DIRECTION ( 'NONE',  ( 0.000000000000000000, 0.5658434441295098205, -0.8245127025920547803 ) ) ;
#3361 = DIRECTION ( 'NONE',  ( 0.000000000000000000, 0.000000000000000000, 1.000000000000000000 ) ) ;
#3362 = CARTESIAN_POINT ( 'NONE',  ( -5.999999999999996447, 73.52269461302006448, -16.10301443578462610 ) ) ;
#3363 = CARTESIAN_POINT ( 'NONE',  ( -16.49854447586999839, 70.40565933416900180, -11.17322604767409899 ) ) ;
#3364 = ORIENTED_EDGE ( 'NONE', *, *, #2080, .T. ) ;
#3365 = ORIENTED_EDGE ( 'NONE', *, *, #1126, .T. ) ;
#3366 = AXIS2_PLACEMENT_3D ( 'NONE', #971, #3277, #1278 ) ;
#3367 = ORIENTED_EDGE ( 'NONE', *, *, #1280, .T. ) ;
#3368 = DIRECTION ( 'NONE',  ( 1.000000000000000000, 0.000000000000000000, 0.000000000000000000 ) ) ;
#3369 = CYLINDRICAL_SURFACE ( 'NONE', #902, 2.499999999999997335 ) ;
#3370 = DIRECTION ( 'NONE',  ( -0.000000000000000000, 0.5658434441295098205, -0.8245127025920547803 ) ) ;
#3371 = VERTEX_POINT ( 'NONE', #2193 ) ;
#3372 = ORIENTED_EDGE ( 'NONE', *, *, #2229, .T. ) ;
#3373 = CARTESIAN_POINT ( 'NONE',  ( 0.0007277620649992490006, 73.66828292687729629, -19.84970344688677457 ) ) ;
#3374 = VECTOR ( 'NONE', #1246, 1000.000000000000000 ) ;
#3375 = DIRECTION ( 'NONE',  ( 0.000000000000000000, 0.5658434441295098205, -0.8245127025920547803 ) ) ;
#3376 = EDGE_CURVE ( 'NONE', #4335, #2373, #2842, .T. ) ;
#3377 = EDGE_CURVE ( 'NONE', #4312, #4305, #415, .T. ) ;
#3378 = EDGE_CURVE ( 'NONE', #747, #3131, #3219, .T. ) ;
#3379 = ORIENTED_EDGE ( 'NONE', *, *, #1906, .F. ) ;
#3380 = VECTOR ( 'NONE', #2932, 1000.000000000000000 ) ;
#3381 = ADVANCED_FACE ( 'NONE', ( #2523 ), #1757, .F. ) ;
#3382 = DIRECTION ( 'NONE',  ( 0.000000000000000000, 0.8846780299804519743, -0.4662025131527140487 ) ) ;
#3383 = DIRECTION ( 'NONE',  ( -2.842170943040399817E-16, -0.5658434441295099315, 0.8245127025920548913 ) ) ;
#3384 = CARTESIAN_POINT ( 'NONE',  ( 19.19999999999999929, 67.89979237755500208, -16.53145567272651562 ) ) ;
#3385 = ORIENTED_EDGE ( 'NONE', *, *, #2098, .F. ) ;
#3386 = ORIENTED_EDGE ( 'NONE', *, *, #41, .T. ) ;
#3387 = VECTOR ( 'NONE', #3832, 1000.000000000000000 ) ;
#3388 = B_SPLINE_CURVE_WITH_KNOTS ( 'NONE', 3,
 ( #102, #3519, #1084, #120 ),
 .UNSPECIFIED., .F., .F.,
 ( 4, 4 ),
 ( 1.735983295118914133E-15, 0.002077243117281970478 ),
 .UNSPECIFIED. ) ;
#3389 = ORIENTED_EDGE ( 'NONE', *, *, #3156, .T. ) ;
#3390 = CARTESIAN_POINT ( 'NONE',  ( -19.19854447586999768, 0.9576354902146000381, 11.61037676032001542 ) ) ;
#3391 = CARTESIAN_POINT ( 'NONE',  ( 15.00145552412999983, 92.79337916940426112, -0.6604171236559869262 ) ) ;
#3392 = DIRECTION ( 'NONE',  ( 1.000000000000000000, 0.000000000000000000, 0.000000000000000000 ) ) ;
#3393 = CARTESIAN_POINT ( 'NONE',  ( -18.19854447586996571, 69.65451938699700918, -22.60425383548280465 ) ) ;
#3394 = AXIS2_PLACEMENT_3D ( 'NONE', #575, #2337, #261 ) ;
#3395 = ORIENTED_EDGE ( 'NONE', *, *, #1856, .F. ) ;
#3396 = CARTESIAN_POINT ( 'NONE',  ( -19.19854447586999768, 0.9576354902146000381, 12.31037676031999872 ) ) ;
#3397 = VERTEX_POINT ( 'NONE', #784 ) ;
#3398 = ORIENTED_EDGE ( 'NONE', *, *, #3789, .F. ) ;
#3399 = LINE ( 'NONE', #757, #860 ) ;
#3400 = CIRCLE ( 'NONE', #1485, 7.000000000000004441 ) ;
#3401 = ORIENTED_EDGE ( 'NONE', *, *, #1526, .F. ) ;
#3402 = AXIS2_PLACEMENT_3D ( 'NONE', #3773, #1698, #3438 ) ;
#3403 = ORIENTED_EDGE ( 'NONE', *, *, #1167, .T. ) ;
#3404 = VECTOR ( 'NONE', #2841, 999.9999999999998863 ) ;
#3405 = EDGE_CURVE ( 'NONE', #2645, #1303, #432, .T. ) ;
#3406 = DIRECTION ( 'NONE',  ( -0.7071067811865485719, 0.5830185231772871957, 0.4001117364339283888 ) ) ;
#3407 = CARTESIAN_POINT ( 'NONE',  ( 14.62645552412999805, 91.72750188008951966, 3.459447025090100158 ) ) ;
#3408 = DIRECTION ( 'NONE',  ( -2.478176394252586071E-16, -0.8245127025920548913, -0.5658434441295099315 ) ) ;
#3409 = EDGE_CURVE ( 'NONE', #2187, #1705, #1804, .T. ) ;
#3410 = ORIENTED_EDGE ( 'NONE', *, *, #1907, .T. ) ;
#3411 = EDGE_CURVE ( 'NONE', #4102, #952, #1041, .T. ) ;
#3412 = ORIENTED_EDGE ( 'NONE', *, *, #3896, .F. ) ;
#3413 = AXIS2_PLACEMENT_3D ( 'NONE', #3053, #1389, #1697 ) ;
#3414 = ORIENTED_EDGE ( 'NONE', *, *, #4033, .T. ) ;
#3415 = CARTESIAN_POINT ( 'NONE',  ( 8.778368349495218936, 71.07026501361909254, -16.06402952370741843 ) ) ;
#3416 = CARTESIAN_POINT ( 'NONE',  ( 7.999999999999998224, 71.35640422315485409, -12.94642764048342976 ) ) ;
#3417 = DIRECTION ( 'NONE',  ( 0.000000000000000000, -0.5658434441295097095, 0.8245127025920548913 ) ) ;
#3418 = DIRECTION ( 'NONE',  ( 1.000000000000000000, 0.000000000000000000, 0.000000000000000000 ) ) ;
#3419 = ORIENTED_EDGE ( 'NONE', *, *, #798, .F. ) ;
#3420 = CARTESIAN_POINT ( 'NONE',  ( 18.20000000000000995, 17.60989432188499748, 11.65518838015890069 ) ) ;
#3421 = COLOUR_RGB ( '',0.6274509803921568540, 0.6274509803921568540, 0.6274509803921568540 ) ;
#3422 = VERTEX_POINT ( 'NONE', #1908 ) ;
#3423 = VERTEX_POINT ( 'NONE', #584 ) ;
#3424 = CARTESIAN_POINT ( 'NONE',  ( 8.000000000000000000, 73.52269461302005027, -16.10301443578461544 ) ) ;
#3425 = VERTEX_POINT ( 'NONE', #270 ) ;
#3426 = ORIENTED_EDGE ( 'NONE', *, *, #3295, .T. ) ;
#3427 = DIRECTION ( 'NONE',  ( 1.000000000000000000, 0.000000000000000000, 0.000000000000000000 ) ) ;
#3428 = EDGE_CURVE ( 'NONE', #1468, #133, #3579, .T. ) ;
#3429 = DIRECTION ( 'NONE',  ( 0.000000000000000000, -0.4662025131527140487, -0.8846780299804519743 ) ) ;
#3430 = FACE_OUTER_BOUND ( 'NONE', #4217, .T. ) ;
#3431 = CARTESIAN_POINT ( 'NONE',  ( -10.12556112966257515, 70.83906570622976062, -15.72713993392653720 ) ) ;
#3432 = ORIENTED_EDGE ( 'NONE', *, *, #986, .T. ) ;
#3433 = ORIENTED_EDGE ( 'NONE', *, *, #3927, .T. ) ;
#3434 = EDGE_CURVE ( 'NONE', #618, #2538, #1976, .T. ) ;
#3435 = LINE ( 'NONE', #2782, #4392 ) ;
#3436 = ADVANCED_FACE ( 'NONE', ( #629 ), #2282, .T. ) ;
#3437 = CARTESIAN_POINT ( 'NONE',  ( -13.99854447587000195, 95.98670313527976816, 1.531085112018253813 ) ) ;
#3438 = DIRECTION ( 'NONE',  ( 1.000000000000000000, 0.000000000000000000, 0.000000000000000000 ) ) ;
#3439 = CARTESIAN_POINT ( 'NONE',  ( -7.999999999999998224, 75.31915112250879929, -18.71675189540270168 ) ) ;
#3440 = EDGE_LOOP ( 'NONE', ( #970, #3643, #2341, #2578 ) ) ;
#3441 = CIRCLE ( 'NONE', #1514, 6.000000000000000000 ) ;
#3442 = DIRECTION ( 'NONE',  ( -0.000000000000000000, 0.5658434441295098205, -0.8245127025920547803 ) ) ;
#3443 = CIRCLE ( 'NONE', #1515, 3.149999999999972378 ) ;
#3444 = ORIENTED_EDGE ( 'NONE', *, *, #1635, .T. ) ;
#3445 = VECTOR ( 'NONE', #2679, 1000.000000000000000 ) ;
#3446 = VERTEX_POINT ( 'NONE', #4248 ) ;
#3447 = DIRECTION ( 'NONE',  ( 0.000000000000000000, 1.000000000000000000, 0.000000000000000000 ) ) ;
#3448 = ADVANCED_FACE ( 'NONE', ( #3260 ), #3332, .T. ) ;
#3449 = AXIS2_PLACEMENT_3D ( 'NONE', #2186, #2554, #150 ) ;
#3450 = ORIENTED_EDGE ( 'NONE', *, *, #4093, .T. ) ;
#3451 = VERTEX_POINT ( 'NONE', #1886 ) ;
#3452 = FACE_OUTER_BOUND ( 'NONE', #3586, .T. ) ;
#3453 = CARTESIAN_POINT ( 'NONE',  ( -10.12556112966256983, 98.04798489175986731, 2.945693722342002552 ) ) ;
#3454 = LINE ( 'NONE', #763, #3688 ) ;
#3455 = CARTESIAN_POINT ( 'NONE',  ( 14.00145552413000161, 93.72332935876271165, 4.829135922385150437 ) ) ;
#3456 = EDGE_LOOP ( 'NONE', ( #1395, #659, #2670, #1797 ) ) ;
#3457 = ORIENTED_EDGE ( 'NONE', *, *, #2520, .F. ) ;
#3458 = DIRECTION ( 'NONE',  ( 0.000000000000000000, -0.8245127025920554464, -0.5658434441295089323 ) ) ;
#3459 = CARTESIAN_POINT ( 'NONE',  ( -19.19854447586999768, 64.50558403233901572, -20.91348677509789766 ) ) ;
#3460 = CARTESIAN_POINT ( 'NONE',  ( 11.58084093275036430, 70.12165324707177660, -11.36813266581544113 ) ) ;
#3461 = CARTESIAN_POINT ( 'NONE',  ( -16.19854447586999768, 125.0108897153692169, -31.27069369195749360 ) ) ;
#3462 = ORIENTED_EDGE ( 'NONE', *, *, #671, .F. ) ;
#3463 = LINE ( 'NONE', #4112, #1873 ) ;
#3464 = EDGE_CURVE ( 'NONE', #136, #4320, #2612, .T. ) ;
#3465 = ORIENTED_EDGE ( 'NONE', *, *, #3156, .F. ) ;
#3466 = VERTEX_POINT ( 'NONE', #4336 ) ;
#3467 = AXIS2_PLACEMENT_3D ( 'NONE', #1381, #321, #3786 ) ;
#3468 = DIRECTION ( 'NONE',  ( -0.000000000000000000, -0.5658434441295097095, 0.8245127025920548913 ) ) ;
#3469 = ORIENTED_EDGE ( 'NONE', *, *, #2156, .T. ) ;
#3470 = ADVANCED_FACE ( 'NONE', ( #3644 ), #490, .F. ) ;
#3471 = VECTOR ( 'NONE', #3141, 1000.000000000000000 ) ;
#3472 = ORIENTED_EDGE ( 'NONE', *, *, #3896, .T. ) ;
#3473 = CIRCLE ( 'NONE', #1124, 1.650000000000000355 ) ;
#3474 = AXIS2_PLACEMENT_3D ( 'NONE', #3515, #3132, #75 ) ;
#3475 = CARTESIAN_POINT ( 'NONE',  ( 11.00000000000000000, 7.109894321884000057, 12.11037676031997634 ) ) ;
#3476 = DIRECTION ( 'NONE',  ( -0.000000000000000000, 1.000000000000000000, 0.000000000000000000 ) ) ;
#3477 = DIRECTION ( 'NONE',  ( -0.000000000000000000, 0.5658434441295098205, -0.8245127025920547803 ) ) ;
#3478 = ORIENTED_EDGE ( 'NONE', *, *, #2156, .F. ) ;
#3479 = ORIENTED_EDGE ( 'NONE', *, *, #2285, .F. ) ;
#3480 = CARTESIAN_POINT ( 'NONE',  ( -9.349999999999999645, 7.109894321884000057, 12.11037676031997634 ) ) ;
#3481 = CARTESIAN_POINT ( 'NONE',  ( -10.12556112966257693, 69.81246098359976315, -11.58032395736399955 ) ) ;
#3482 = DIRECTION ( 'NONE',  ( 0.000000000000000000, 0.000000000000000000, 1.000000000000000000 ) ) ;
#3483 = DIRECTION ( 'NONE',  ( 0.000000000000000000, -0.5658434441295099315, 0.8245127025920548913 ) ) ;
#3484 = ORIENTED_EDGE ( 'NONE', *, *, #3185, .F. ) ;
#3485 = DIRECTION ( 'NONE',  ( -0.7071067811865533459, -0.02748615139798309126, -0.7065723681841222792 ) ) ;
#3486 = ORIENTED_EDGE ( 'NONE', *, *, #2878, .T. ) ;
#3487 = EDGE_LOOP ( 'NONE', ( #3812, #931, #1396, #471 ) ) ;
#3488 = CARTESIAN_POINT ( 'NONE',  ( -19.19854447586999768, 12.10989432187999171, 34.51037676031999979 ) ) ;
#3489 = CONICAL_SURFACE ( 'NONE', #3413, 2.000000000000001776, 0.7853981633974539411 ) ;
#3490 = EDGE_CURVE ( 'NONE', #413, #2512, #884, .T. ) ;
#3491 = ORIENTED_EDGE ( 'NONE', *, *, #4121, .T. ) ;
#3492 = EDGE_CURVE ( 'NONE', #1985, #4103, #861, .T. ) ;
#3493 = AXIS2_PLACEMENT_3D ( 'NONE', #4019, #3636, #3273 ) ;
#3494 = VERTEX_POINT ( 'NONE', #2236 ) ;
#3495 = ADVANCED_FACE ( 'NONE', ( #247 ), #3308, .F. ) ;
#3496 = CARTESIAN_POINT ( 'NONE',  ( -13.99854447587000195, 70.63697368619180850, -11.01448051323450095 ) ) ;
#3497 = VECTOR ( 'NONE', #1818, 1000.000000000000000 ) ;
#3498 = CARTESIAN_POINT ( 'NONE',  ( -10.41421356237311358, 72.15662769602269577, -14.11246468683799371 ) ) ;
#3499 = EDGE_CURVE ( 'NONE', #3944, #3425, #1263, .T. ) ;
#3500 = CARTESIAN_POINT ( 'NONE',  ( -19.19854447586999768, 16.60989432188499748, -0.04367677909054999696 ) ) ;
#3501 = CARTESIAN_POINT ( 'NONE',  ( 19.19999999999999929, 67.70543593713269104, -21.52767680214684987 ) ) ;
#3502 = VERTEX_POINT ( 'NONE', #2635 ) ;
#3503 = DIRECTION ( 'NONE',  ( 0.000000000000000000, -0.5658434441295098205, 0.8245127025920547803 ) ) ;
#3504 = CARTESIAN_POINT ( 'NONE',  ( 0.0007277620649992490006, 102.4191554946851568, -0.1186638833323185038 ) ) ;
#3505 = CARTESIAN_POINT ( 'NONE',  ( -13.04854447587000266, 93.72332935876271165, 4.829135922385150437 ) ) ;
#3506 = DIRECTION ( 'NONE',  ( -0.7071067811865426878, 0.000000000000000000, -0.7071067811865524577 ) ) ;
#3507 = AXIS2_PLACEMENT_3D ( 'NONE', #1600, #1955, #4317 ) ;
#3508 = EDGE_LOOP ( 'NONE', ( #2517, #3572, #402, #3969, #325, #358, #4206, #987 ) ) ;
#3509 = CARTESIAN_POINT ( 'NONE',  ( -11.57792988449035576, 94.23864979788170615, 5.182788074967422887 ) ) ;
#3510 = ORIENTED_EDGE ( 'NONE', *, *, #1686, .T. ) ;
#3511 = DIRECTION ( 'NONE',  ( 0.000000000000000000, -0.7071067811865440200, 0.7071067811865511255 ) ) ;
#3512 = VERTEX_POINT ( 'NONE', #2926 ) ;
#3513 = AXIS2_PLACEMENT_3D ( 'NONE', #3613, #1300, #2272 ) ;
#3514 = ORIENTED_EDGE ( 'NONE', *, *, #3353, .F. ) ;
#3516 = ADVANCED_FACE ( 'NONE', ( #4003 ), #1572, .F. ) ;
#3515 = CARTESIAN_POINT ( 'NONE',  ( -5.999999999999998224, 95.35326102969091266, -26.70591065658355490 ) ) ;
#3517 = ADVANCED_FACE ( 'NONE', ( #2884 ), #908, .F. ) ;
#3518 = AXIS2_PLACEMENT_3D ( 'NONE', #2323, #3305, #2277 ) ;
#3519 = CARTESIAN_POINT ( 'NONE',  ( -15.71263516863572640, 0.9576354902114068146, 13.43326650016041768 ) ) ;
#3520 = LINE ( 'NONE', #2158, #2534 ) ;
#3521 = DIRECTION ( 'NONE',  ( 1.000000000000000000, 0.000000000000000000, 0.000000000000000000 ) ) ;
#3522 = EDGE_LOOP ( 'NONE', ( #1422, #2713 ) ) ;
#3523 = EDGE_CURVE ( 'NONE', #1901, #3512, #2957, .T. ) ;
#3524 = CARTESIAN_POINT ( 'NONE',  ( 19.19999999999999929, 100.2042866453715249, -0.4258380689992650736 ) ) ;
#3525 = DIRECTION ( 'NONE',  ( -1.000000000000000000, -0.000000000000000000, -0.000000000000000000 ) ) ;
#3526 = DIRECTION ( 'NONE',  ( 0.000000000000000000, -0.5658434441295098205, 0.8245127025920547803 ) ) ;
#3527 = DIRECTION ( 'NONE',  ( -0.7071067811865512365, -0.7071067811865439090, 0.000000000000000000 ) ) ;
#3528 = ORIENTED_EDGE ( 'NONE', *, *, #4357, .T. ) ;
#3529 = CARTESIAN_POINT ( 'NONE',  ( -13.99854447587000195, 72.90034746270987398, -14.31253132360277114 ) ) ;
#3530 = ORIENTED_EDGE ( 'NONE', *, *, #2464, .F. ) ;
#3531 = PLANE ( 'NONE',  #2547 ) ;
#3532 = EDGE_LOOP ( 'NONE', ( #212, #3096, #969, #3269 ) ) ;
#3533 = ORIENTED_EDGE ( 'NONE', *, *, #99, .T. ) ;
#3534 = AXIS2_PLACEMENT_3D ( 'NONE', #1216, #2973, #2214 ) ;
#3535 = DIRECTION ( 'NONE',  ( 1.000000000000000000, -0.000000000000000000, -0.000000000000000000 ) ) ;
#3536 = CARTESIAN_POINT ( 'NONE',  ( -19.19854447586999768, 67.89979237755500208, -21.53145567272650140 ) ) ;
#3537 = CARTESIAN_POINT ( 'NONE',  ( 18.19999999999996732, 65.24341383580338061, -22.43265879374040850 ) ) ;
#3538 = DIRECTION ( 'NONE',  ( 0.000000000000000000, 0.000000000000000000, -1.000000000000000000 ) ) ;
#3539 = VECTOR ( 'NONE', #3088, 1000.000000000000000 ) ;
#3540 = EDGE_CURVE ( 'NONE', #239, #546, #3889, .T. ) ;
#3541 = CARTESIAN_POINT ( 'NONE',  ( -11.57792988449035931, 70.12165324707179082, -11.36813266581543580 ) ) ;
#3542 = CARTESIAN_POINT ( 'NONE',  ( -11.00000000000000000, 7.109894321884000057, 14.31037676031999872 ) ) ;
#3543 = CARTESIAN_POINT ( 'NONE',  ( 19.19999999999999929, 26.64056037936930821, 9.560124228625820564 ) ) ;
#3544 = CARTESIAN_POINT ( 'NONE',  ( -18.19854447586996571, 67.66656464904821178, -22.52692102803093732 ) ) ;
#3545 = EDGE_CURVE ( 'NONE', #3250, #841, #2658, .T. ) ;
#3546 = VERTEX_POINT ( 'NONE', #2316 ) ;
#3547 = DIRECTION ( 'NONE',  ( -1.000000000000000000, 0.000000000000000000, 0.000000000000000000 ) ) ;
#3548 = ORIENTED_EDGE ( 'NONE', *, *, #1146, .T. ) ;
#3549 = CARTESIAN_POINT ( 'NONE',  ( 18.20000000000000639, 52.43832144663120687, -6.338141902024656993 ) ) ;
#3550 = ORIENTED_EDGE ( 'NONE', *, *, #1036, .T. ) ;
#3551 = VECTOR ( 'NONE', #2740, 1000.000000000000000 ) ;
#3552 = VECTOR ( 'NONE', #1368, 1000.000000000000114 ) ;
#3553 = EDGE_LOOP ( 'NONE', ( #1770, #883, #3071, #2087 ) ) ;
#3554 = AXIS2_PLACEMENT_3D ( 'NONE', #1851, #847, #2826 ) ;
#3555 = DIRECTION ( 'NONE',  ( 0.000000000000000000, 0.000000000000000000, 1.000000000000000000 ) ) ;
#3556 = LINE ( 'NONE', #3833, #3110 ) ;
#3557 = DIRECTION ( 'NONE',  ( 0.000000000000000000, -0.5658434441295098205, 0.8245127025920547803 ) ) ;
#3558 = ADVANCED_FACE ( 'NONE', ( #919 ), #2623, .T. ) ;
#3559 = PLANE ( 'NONE',  #1334 ) ;
#3560 = CYLINDRICAL_SURFACE ( 'NONE', #3627, 28.65000000000000213 ) ;
#3561 = LINE ( 'NONE', #1224, #1279 ) ;
#3562 = DIRECTION ( 'NONE',  ( -1.000000000000000000, -0.000000000000000000, -0.000000000000000000 ) ) ;
#3563 = ORIENTED_EDGE ( 'NONE', *, *, #829, .F. ) ;
#3564 = CARTESIAN_POINT ( 'NONE',  ( 14.00145552413000161, 70.83906570622976062, -15.72713993392653364 ) ) ;
#3565 = ADVANCED_FACE ( 'NONE', ( #643 ), #3369, .T. ) ;
#3566 = EDGE_CURVE ( 'NONE', #2571, #2420, #1920, .T. ) ;
#3567 = ORIENTED_EDGE ( 'NONE', *, *, #2173, .T. ) ;
#3568 = VECTOR ( 'NONE', #2262, 1000.000000000000114 ) ;
#3569 = FACE_OUTER_BOUND ( 'NONE', #1877, .T. ) ;
#3570 = CIRCLE ( 'NONE', #1801, 1.650000000000000355 ) ;
#3571 = AXIS2_PLACEMENT_3D ( 'NONE', #744, #518, #3181 ) ;
#3572 = ORIENTED_EDGE ( 'NONE', *, *, #2552, .T. ) ;
#3573 = VERTEX_POINT ( 'NONE', #4284 ) ;
#3574 = EDGE_CURVE ( 'NONE', #1717, #217, #3750, .T. ) ;
#3575 = FACE_OUTER_BOUND ( 'NONE', #3272, .T. ) ;
#3576 = EDGE_LOOP ( 'NONE', ( #3745, #3666 ) ) ;
#3577 = VECTOR ( 'NONE', #2110, 1000.000000000000000 ) ;
#3578 = VECTOR ( 'NONE', #3485, 1000.000000000000114 ) ;
#3579 = LINE ( 'NONE', #2949, #269 ) ;
#3580 = DIRECTION ( 'NONE',  ( 1.000000000000000000, -0.000000000000000000, -0.000000000000000000 ) ) ;
#3581 = DIRECTION ( 'NONE',  ( 1.000000000000000000, 0.000000000000000000, 0.000000000000000000 ) ) ;
#3582 = AXIS2_PLACEMENT_3D ( 'NONE', #3945, #385, #616 ) ;
#3583 = CARTESIAN_POINT ( 'NONE',  ( 12.65000000000000036, 7.109894321884000057, 37.01037676032003532 ) ) ;
#3584 = CARTESIAN_POINT ( 'NONE',  ( 19.19999999999999929, 0.9576354902146000381, 11.61037676032001364 ) ) ;
#3585 = DIRECTION ( 'NONE',  ( 2.043287916325033242E-16, 1.000000000000000000, 0.000000000000000000 ) ) ;
#3586 = EDGE_LOOP ( 'NONE', ( #4089, #3710, #3465, #1208 ) ) ;
#3587 = EDGE_LOOP ( 'NONE', ( #2085, #4150, #3783, #2353 ) ) ;
#3588 = DIRECTION ( 'NONE',  ( 0.7071067811865459074, -0.4001117364339287774, 0.5830185231772905263 ) ) ;
#3589 = EDGE_LOOP ( 'NONE', ( #1003, #4359, #1962, #1998, #3426, #855 ) ) ;
#3590 = CARTESIAN_POINT ( 'NONE',  ( -19.19854447586999768, 70.72900959820253775, -20.65401918568677431 ) ) ;
#3591 = AXIS2_PLACEMENT_3D ( 'NONE', #3698, #3652, #613 ) ;
#3592 = ORIENTED_EDGE ( 'NONE', *, *, #2388, .F. ) ;
#3593 = EDGE_CURVE ( 'NONE', #232, #1985, #134, .T. ) ;
#3594 = EDGE_LOOP ( 'NONE', ( #3234, #1169, #705, #191 ) ) ;
#3595 = EDGE_CURVE ( 'NONE', #3123, #3211, #4325, .T. ) ;
#3596 = DIRECTION ( 'NONE',  ( 3.469446951953613794E-15, -0.8245127025920533370, -0.5658434441295120410 ) ) ;
#3597 = ORIENTED_EDGE ( 'NONE', *, *, #225, .T. ) ;
#3598 = EDGE_CURVE ( 'NONE', #435, #4305, #1232, .T. ) ;
#3599 = AXIS2_PLACEMENT_3D ( 'NONE', #1759, #3112, #2776 ) ;
#3600 = CARTESIAN_POINT ( 'NONE',  ( 15.00145552412999983, 73.83029765206728712, -8.822978277560261873 ) ) ;
#3601 = DIRECTION ( 'NONE',  ( 1.000000000000000000, 0.000000000000000000, 0.000000000000000000 ) ) ;
#3602 = CARTESIAN_POINT ( 'NONE',  ( -5.999999999999975131, 85.43168602279556012, -6.214945698749066771 ) ) ;
#3603 = VECTOR ( 'NONE', #3580, 1000.000000000000000 ) ;
#3604 = CARTESIAN_POINT ( 'NONE',  ( 19.19999999999999929, 12.10989432187999171, -42.00000000000000000 ) ) ;
#3605 = LINE ( 'NONE', #2912, #156 ) ;
#3606 = DIRECTION ( 'NONE',  ( 0.7071067811865401342, -0.7071067811865549002, 0.000000000000000000 ) ) ;
#3607 = EDGE_LOOP ( 'NONE', ( #4257, #3563, #1837, #1031 ) ) ;
#3608 = ORIENTED_EDGE ( 'NONE', *, *, #2838, .F. ) ;
#3609 = LINE ( 'NONE', #3006, #1092 ) ;
#3610 = CIRCLE ( 'NONE', #4050, 2.000000000000001776 ) ;
#3611 = VERTEX_POINT ( 'NONE', #1987 ) ;
#3612 = CARTESIAN_POINT ( 'NONE',  ( -18.19854447587003321, 75.31915112250879929, -18.71675189540270168 ) ) ;
#3613 = CARTESIAN_POINT ( 'NONE',  ( -13.99854447587000195, 93.72332935876271165, 4.829135922385150437 ) ) ;
#3614 = CARTESIAN_POINT ( 'NONE',  ( 0.0007277620649992490006, 67.89979237755500208, -16.53145567272651562 ) ) ;
#3615 = VECTOR ( 'NONE', #638, 1000.000000000000000 ) ;
#3616 = ORIENTED_EDGE ( 'NONE', *, *, #1827, .T. ) ;
#3617 = EDGE_LOOP ( 'NONE', ( #1896, #3921, #1119, #1749 ) ) ;
#3618 = EDGE_CURVE ( 'NONE', #2922, #2039, #4158, .T. ) ;
#3619 = CARTESIAN_POINT ( 'NONE',  ( 18.19999999999996732, 66.83659659810255960, -16.49009662519565111 ) ) ;
#3620 = EDGE_CURVE ( 'NONE', #4185, #1075, #1325, .T. ) ;
#3621 = AXIS2_PLACEMENT_3D ( 'NONE', #3727, #61, #2759 ) ;
#3622 = ADVANCED_FACE ( 'NONE', ( #1628 ), #3949, .F. ) ;
#3623 = ORIENTED_EDGE ( 'NONE', *, *, #2478, .T. ) ;
#3624 = DIRECTION ( 'NONE',  ( 0.000000000000000000, 0.000000000000000000, 1.000000000000000000 ) ) ;
#3625 = DIRECTION ( 'NONE',  ( -0.7071067811865436870, 0.3296549584564957835, 0.6255618341659372472 ) ) ;
#3626 = DIRECTION ( 'NONE',  ( -0.7071067811865449082, -0.5830185231772915255, -0.4001117364339286109 ) ) ;
#3627 = AXIS2_PLACEMENT_3D ( 'NONE', #2806, #461, #2889 ) ;
#3628 = LINE ( 'NONE', #3604, #1651 ) ;
#3629 =( NAMED_UNIT ( * ) PLANE_ANGLE_UNIT ( ) SI_UNIT ( $, .RADIAN. ) );
#3630 = CARTESIAN_POINT ( 'NONE',  ( 18.20000000000000995, 17.60989432188499748, 30.97556659696046921 ) ) ;
#3631 = VERTEX_POINT ( 'NONE', #3637 ) ;
#3632 = AXIS2_PLACEMENT_3D ( 'NONE', #2590, #2304, #631 ) ;
#3633 = LINE ( 'NONE', #4345, #3042 ) ;
#3634 = VECTOR ( 'NONE', #2468, 1000.000000000000227 ) ;
#3635 = ORIENTED_EDGE ( 'NONE', *, *, #234, .F. ) ;
#3636 = DIRECTION ( 'NONE',  ( -1.000000000000000000, -0.000000000000000000, -0.000000000000000000 ) ) ;
#3637 = CARTESIAN_POINT ( 'NONE',  ( -18.19854447586996926, 0.9576354902146000381, 10.61037676031999943 ) ) ;
#3638 = DIRECTION ( 'NONE',  ( 1.812465975662832468E-15, -0.8245127025920550023, -0.5658434441295097095 ) ) ;
#3639 = ORIENTED_EDGE ( 'NONE', *, *, #2994, .F. ) ;
#3640 = LINE ( 'NONE', #1612, #319 ) ;
#3641 = LINE ( 'NONE', #4071, #1950 ) ;
#3642 = CARTESIAN_POINT ( 'NONE',  ( 18.19999999999996732, 69.65451938699700918, -22.60425383548280465 ) ) ;
#3643 = ORIENTED_EDGE ( 'NONE', *, *, #1167, .F. ) ;
#3644 = FACE_OUTER_BOUND ( 'NONE', #1273, .T. ) ;
#3645 = FACE_BOUND ( 'NONE', #1796, .T. ) ;
#3646 = DIRECTION ( 'NONE',  ( 1.000000000000000000, 0.000000000000000000, 0.000000000000000000 ) ) ;
#3647 = EDGE_CURVE ( 'NONE', #1549, #2385, #1380, .T. ) ;
#3648 = AXIS2_PLACEMENT_3D ( 'NONE', #2142, #3503, #4193 ) ;
#3649 = EDGE_CURVE ( 'NONE', #3123, #4067, #306, .T. ) ;
#3650 = AXIS2_PLACEMENT_3D ( 'NONE', #3711, #4049, #1304 ) ;
#3651 = DIRECTION ( 'NONE',  ( 0.000000000000000000, 0.000000000000000000, 1.000000000000000000 ) ) ;
#3652 = DIRECTION ( 'NONE',  ( 0.000000000000000000, 0.5658434441295098205, -0.8245127025920547803 ) ) ;
#3653 = ORIENTED_EDGE ( 'NONE', *, *, #4097, .F. ) ;
#3654 = VECTOR ( 'NONE', #4378, 1000.000000000000000 ) ;
#3655 = CARTESIAN_POINT ( 'NONE',  ( 16.50145552413000161, 73.83029765206731554, -8.822978277560302729 ) ) ;
#3656 = ADVANCED_FACE ( 'NONE', ( #1943 ), #534, .F. ) ;
#3657 = ORIENTED_EDGE ( 'NONE', *, *, #3595, .T. ) ;
#3658 = PLANE ( 'NONE',  #1211 ) ;
#3659 = PLANE ( 'NONE',  #1662 ) ;
#3660 = FACE_OUTER_BOUND ( 'NONE', #2749, .T. ) ;
#3661 = EDGE_LOOP ( 'NONE', ( #4079, #28, #4238, #1842 ) ) ;
#3662 = CARTESIAN_POINT ( 'NONE',  ( 0.000000000000000000, 38.04683935021300556, -39.44450200789950145 ) ) ;
#3663 = VECTOR ( 'NONE', #3028, 1000.000000000000000 ) ;
#3664 = DIRECTION ( 'NONE',  ( 4.531164939157101285E-15, -0.8245127025920548913, -0.5658434441295097095 ) ) ;
#3665 = VECTOR ( 'NONE', #2376, 1000.000000000000000 ) ;
#3666 = ORIENTED_EDGE ( 'NONE', *, *, #3903, .F. ) ;
#3667 = DIRECTION ( 'NONE',  ( 0.000000000000000000, 0.000000000000000000, 1.000000000000000000 ) ) ;
#3668 = PLANE ( 'NONE',  #1974 ) ;
#3669 = DIRECTION ( 'NONE',  ( -1.000000000000000000, 0.000000000000000000, 0.000000000000000000 ) ) ;
#3670 = AXIS2_PLACEMENT_3D ( 'NONE', #3136, #4189, #2437 ) ;
#3671 = CARTESIAN_POINT ( 'NONE',  ( 14.00145552413000161, 73.46619090683800835, -15.13704402619880085 ) ) ;
#3672 = EDGE_CURVE ( 'NONE', #2209, #355, #237, .T. ) ;
#3673 = DIRECTION ( 'NONE',  ( 0.000000000000000000, 0.8245127025920560015, 0.5658434441295082662 ) ) ;
#3674 = DIRECTION ( 'NONE',  ( 0.000000000000000000, 0.000000000000000000, -1.000000000000000000 ) ) ;
#3675 = ORIENTED_EDGE ( 'NONE', *, *, #1747, .T. ) ;
#3676 = VECTOR ( 'NONE', #605, 999.9999999999998863 ) ;
#3677 = LINE ( 'NONE', #2268, #566 ) ;
#3678 = EDGE_LOOP ( 'NONE', ( #118, #1024, #246, #2944 ) ) ;
#3679 = EDGE_CURVE ( 'NONE', #489, #3446, #1731, .T. ) ;
#3680 = VERTEX_POINT ( 'NONE', #1275 ) ;
#3681 = DIRECTION ( 'NONE',  ( 0.7071067811865512365, 0.7071067811865439090, -0.000000000000000000 ) ) ;
#3682 = ADVANCED_FACE ( 'NONE', ( #4044 ), #3659, .F. ) ;
#3683 = CARTESIAN_POINT ( 'NONE',  ( 19.19999999999999929, 0.9576354902146000381, 12.31037676031999872 ) ) ;
#3684 = DIRECTION ( 'NONE',  ( -1.000000000000000000, 0.000000000000000000, 0.000000000000000000 ) ) ;
#3685 = VERTEX_POINT ( 'NONE', #3321 ) ;
#3686 = ORIENTED_EDGE ( 'NONE', *, *, #4299, .F. ) ;
#3687 = CARTESIAN_POINT ( 'NONE',  ( -19.19854447586999768, 67.70543593713269104, -21.52767680214684987 ) ) ;
#3688 = VECTOR ( 'NONE', #411, 1000.000000000000000 ) ;
#3689 = CIRCLE ( 'NONE', #3758, 2.500000000000002665 ) ;
#3690 = FACE_OUTER_BOUND ( 'NONE', #2434, .T. ) ;
#3691 = APPLICATION_CONTEXT ( 'automotive_design' ) ;
#3692 = ORIENTED_EDGE ( 'NONE', *, *, #1150, .T. ) ;
#3693 = PLANE ( 'NONE',  #2462 ) ;
#3694 = AXIS2_PLACEMENT_3D ( 'NONE', #3393, #2033, #2079 ) ;
#3695 = AXIS2_PLACEMENT_3D ( 'NONE', #848, #1481, #1538 ) ;
#3696 = FACE_OUTER_BOUND ( 'NONE', #1379, .T. ) ;
#3697 = DIRECTION ( 'NONE',  ( 2.465190328815661618E-32, 0.5658434441295099315, -0.8245127025920548913 ) ) ;
#3698 = CARTESIAN_POINT ( 'NONE',  ( 6.000000000000001776, 85.21146076316604479, -11.92789522907364841 ) ) ;
#3699 = PLANE ( 'NONE',  #738 ) ;
#3700 = EDGE_LOOP ( 'NONE', ( #414, #3528, #3882, #1486 ) ) ;
#3701 = ORIENTED_EDGE ( 'NONE', *, *, #488, .T. ) ;
#3702 = ADVANCED_FACE ( 'NONE', ( #2650 ), #2991, .T. ) ;
#3703 = VECTOR ( 'NONE', #1585, 999.9999999999998863 ) ;
#3704 = EDGE_LOOP ( 'NONE', ( #726, #3149, #1684, #346 ) ) ;
#3705 = CARTESIAN_POINT ( 'NONE',  ( -18.19854447586996571, 50.15412694961251816, -14.48099363463172828 ) ) ;
#3706 = CARTESIAN_POINT ( 'NONE',  ( -19.19854447586999768, 56.68096213375051207, -2.095501214905391318 ) ) ;
#3707 = DIRECTION ( 'NONE',  ( 0.000000000000000000, 0.000000000000000000, -1.000000000000000000 ) ) ;
#3708 = ORIENTED_EDGE ( 'NONE', *, *, #2824, .F. ) ;
#3709 = EDGE_CURVE ( 'NONE', #2538, #4185, #1947, .T. ) ;
#3710 = ORIENTED_EDGE ( 'NONE', *, *, #4222, .F. ) ;
#3711 = CARTESIAN_POINT ( 'NONE',  ( 14.00145552413000161, 93.72332935876170268, 4.829135922386499580 ) ) ;
#3712 = EDGE_CURVE ( 'NONE', #2683, #1046, #3640, .T. ) ;
#3713 = VECTOR ( 'NONE', #3126, 1000.000000000000000 ) ;
#3714 = CARTESIAN_POINT ( 'NONE',  ( -18.19854447586999413, 11.10989432188000059, 34.51037676031999979 ) ) ;
#3715 = EDGE_CURVE ( 'NONE', #2426, #133, #2647, .T. ) ;
#3716 = ORIENTED_EDGE ( 'NONE', *, *, #2018, .F. ) ;
#3717 = CIRCLE ( 'NONE', #2996, 4.999999999999980460 ) ;
#3718 = AXIS2_PLACEMENT_3D ( 'NONE', #1621, #633, #3290 ) ;
#3719 = FACE_OUTER_BOUND ( 'NONE', #3249, .T. ) ;
#3720 = DIRECTION ( 'NONE',  ( 0.000000000000000000, 0.8245127025920560015, 0.5658434441295082662 ) ) ;
#3721 = CARTESIAN_POINT ( 'NONE',  ( -1.065814103639999922E-14, -23.39010567811999763, 35.51037676031997847 ) ) ;
#3722 = ORIENTED_EDGE ( 'NONE', *, *, #1260, .F. ) ;
#3723 = VERTEX_POINT ( 'NONE', #3687 ) ;
#3724 = VECTOR ( 'NONE', #4087, 999.9999999999998863 ) ;
#3725 = ORIENTED_EDGE ( 'NONE', *, *, #1247, .T. ) ;
#3726 = DIRECTION ( 'NONE',  ( -5.684341886080804564E-16, 0.5658434441295102646, -0.8245127025920545583 ) ) ;
#3727 = CARTESIAN_POINT ( 'NONE',  ( 14.00145552413000161, 70.63697368619270378, -11.01448051323580124 ) ) ;
#3728 = DIRECTION ( 'NONE',  ( 0.000000000000000000, -0.8245127025920558905, -0.5658434441295083772 ) ) ;
#3729 = CYLINDRICAL_SURFACE ( 'NONE', #1362, 1.650000000000000355 ) ;
#3730 = ORIENTED_EDGE ( 'NONE', *, *, #3712, .T. ) ;
#3731 = LINE ( 'NONE', #994, #3445 ) ;
#3732 = CIRCLE ( 'NONE', #679, 1.500000000000003775 ) ;
#3733 = ORIENTED_EDGE ( 'NONE', *, *, #3874, .T. ) ;
#3734 = CYLINDRICAL_SURFACE ( 'NONE', #1445, 1.650000000000000355 ) ;
#3735 = EDGE_CURVE ( 'NONE', #435, #2536, #3731, .T. ) ;
#3736 = ORIENTED_EDGE ( 'NONE', *, *, #202, .T. ) ;
#3737 = EDGE_LOOP ( 'NONE', ( #2112, #3029, #1277, #3469, #2857, #3176 ) ) ;
#3738 = CIRCLE ( 'NONE', #1820, 1.650000000000000355 ) ;
#3739 = EDGE_CURVE ( 'NONE', #3901, #3494, #688, .T. ) ;
#3740 = DIRECTION ( 'NONE',  ( 0.000000000000000000, 0.8245127025920560015, 0.5658434441295082662 ) ) ;
#3741 = CARTESIAN_POINT ( 'NONE',  ( 8.000000000000001776, 85.21146076316604479, -11.92789522907364663 ) ) ;
#3742 = DIRECTION ( 'NONE',  ( 0.000000000000000000, 0.000000000000000000, 1.000000000000000000 ) ) ;
#3743 = ORIENTED_EDGE ( 'NONE', *, *, #693, .T. ) ;
#3744 = ORIENTED_EDGE ( 'NONE', *, *, #3822, .T. ) ;
#3745 = ORIENTED_EDGE ( 'NONE', *, *, #1994, .F. ) ;
#3746 = CYLINDRICAL_SURFACE ( 'NONE', #2887, 1.500000000000003775 ) ;
#3747 = DIRECTION ( 'NONE',  ( 0.000000000000000000, -0.8245127025920558905, -0.5658434441295083772 ) ) ;
#3748 = DIRECTION ( 'NONE',  ( 0.7071067811865536790, -0.4001117364339243920, 0.5830185231772838650 ) ) ;
#3749 = CARTESIAN_POINT ( 'NONE',  ( 16.19999999999999929, 98.71692064424117063, 7.043281181533583180 ) ) ;
#3750 = CIRCLE ( 'NONE', #2040, 0.9499999999999995115 ) ;
#3751 = ORIENTED_EDGE ( 'NONE', *, *, #1827, .F. ) ;
#3752 = CARTESIAN_POINT ( 'NONE',  ( 19.19999999999999929, 53.41754454168151511, -8.288247424768561800 ) ) ;
#3753 = ORIENTED_EDGE ( 'NONE', *, *, #3499, .F. ) ;
#3754 = DIRECTION ( 'NONE',  ( 1.000000000000000000, 0.000000000000000000, 0.000000000000000000 ) ) ;
#3755 = VECTOR ( 'NONE', #2754, 1000.000000000000114 ) ;
#3756 = ORIENTED_EDGE ( 'NONE', *, *, #2260, .T. ) ;
#3757 = EDGE_CURVE ( 'NONE', #1959, #3208, #1163, .T. ) ;
#3758 = AXIS2_PLACEMENT_3D ( 'NONE', #1264, #1667, #271 ) ;
#3759 = VERTEX_POINT ( 'NONE', #3325 ) ;
#3760 = AXIS2_PLACEMENT_3D ( 'NONE', #119, #2481, #2412 ) ;
#3762 = ADVANCED_FACE ( 'NONE', ( #1590 ), #879, .F. ) ;
#3761 = FACE_OUTER_BOUND ( 'NONE', #901, .T. ) ;
#3763 = ADVANCED_FACE ( 'NONE', ( #2321, #4328, #1255 ), #2626, .T. ) ;
#3764 = DIRECTION ( 'NONE',  ( 1.000000000000000000, 0.000000000000000000, 0.000000000000000000 ) ) ;
#3765 = DIRECTION ( 'NONE',  ( 1.000000000000000000, -0.000000000000000000, -0.000000000000000000 ) ) ;
#3766 = LINE ( 'NONE', #981, #4143 ) ;
#3767 = ORIENTED_EDGE ( 'NONE', *, *, #4222, .T. ) ;
#3768 = EDGE_LOOP ( 'NONE', ( #3635, #87, #1524, #3953 ) ) ;
#3769 = EDGE_CURVE ( 'NONE', #1470, #3790, #1012, .T. ) ;
#3770 = VECTOR ( 'NONE', #869, 1000.000000000000000 ) ;
#3771 = CARTESIAN_POINT ( 'NONE',  ( 9.023124795074018323, 70.95551955863547278, -15.89682941530238480 ) ) ;
#3772 = CARTESIAN_POINT ( 'NONE',  ( -19.19854447586999768, 102.6778247531477035, 1.271692263389266664 ) ) ;
#3773 = CARTESIAN_POINT ( 'NONE',  ( -13.99854447587000195, 93.72332935876170268, 4.829135922386499580 ) ) ;
#3774 = DIRECTION ( 'NONE',  ( 0.7071067811865439090, 0.3296549584564958946, 0.6255618341659368031 ) ) ;
#3775 = ORIENTED_EDGE ( 'NONE', *, *, #3954, .F. ) ;
#3776 = CARTESIAN_POINT ( 'NONE',  ( 5.999999999999999112, 73.66828292687729629, -19.84970344688677457 ) ) ;
#3777 = AXIS2_PLACEMENT_3D ( 'NONE', #1459, #3525, #1517 ) ;
#3778 = ORIENTED_EDGE ( 'NONE', *, *, #2387, .T. ) ;
#3779 = ORIENTED_EDGE ( 'NONE', *, *, #288, .F. ) ;
#3780 = CARTESIAN_POINT ( 'NONE',  ( 11.58084093275036253, 72.38502702358985630, -14.66618347618371132 ) ) ;
#3781 = AXIS2_PLACEMENT_3D ( 'NONE', #4030, #3370, #3638 ) ;
#3782 = ORIENTED_EDGE ( 'NONE', *, *, #1260, .T. ) ;
#3783 = ORIENTED_EDGE ( 'NONE', *, *, #2256, .T. ) ;
#3784 =( NAMED_UNIT ( * ) PLANE_ANGLE_UNIT ( ) SI_UNIT ( $, .RADIAN. ) );
#3785 = AXIS2_PLACEMENT_3D ( 'NONE', #1132, #2484, #1475 ) ;
#3786 = DIRECTION ( 'NONE',  ( 0.000000000000000000, 0.8245127025920538921, 0.5658434441295112638 ) ) ;
#3787 = DIRECTION ( 'NONE',  ( 0.000000000000000000, 0.000000000000000000, 1.000000000000000000 ) ) ;
#3788 = CYLINDRICAL_SURFACE ( 'NONE', #3571, 1.650000000000000355 ) ;
#3789 = EDGE_CURVE ( 'NONE', #2385, #3014, #2297, .T. ) ;
#3790 = VERTEX_POINT ( 'NONE', #4306 ) ;
#3791 = ORIENTED_EDGE ( 'NONE', *, *, #151, .F. ) ;
#3792 = EDGE_CURVE ( 'NONE', #573, #1863, #2603, .T. ) ;
#3793 = DIRECTION ( 'NONE',  ( 0.7071067811865524577, -0.000000000000000000, 0.7071067811865426878 ) ) ;
#3794 = CARTESIAN_POINT ( 'NONE',  ( -11.00000000000000000, 7.109894321884000057, 14.31037676031999872 ) ) ;
#3795 = FACE_OUTER_BOUND ( 'NONE', #4046, .T. ) ;
#3796 = DIRECTION ( 'NONE',  ( 0.000000000000000000, -0.7071067811865440200, 0.7071067811865511255 ) ) ;
#3797 = EDGE_CURVE ( 'NONE', #2352, #1901, #2795, .T. ) ;
#3798 = ORIENTED_EDGE ( 'NONE', *, *, #2685, .F. ) ;
#3799 = DIRECTION ( 'NONE',  ( 1.000000000000000000, 0.000000000000000000, 0.000000000000000000 ) ) ;
#3800 = VECTOR ( 'NONE', #1122, 1000.000000000000114 ) ;
#3801 = EDGE_LOOP ( 'NONE', ( #687, #2942, #1310, #2711 ) ) ;
#3802 = AXIS2_PLACEMENT_3D ( 'NONE', #1353, #264, #310 ) ;
#3803 = EDGE_LOOP ( 'NONE', ( #45, #2354 ) ) ;
#3804 = CARTESIAN_POINT ( 'NONE',  ( 18.20000000000000639, 56.68096213375051207, -2.095501214905391318 ) ) ;
#3805 = AXIS2_PLACEMENT_3D ( 'NONE', #1522, #1875, #4239 ) ;
#3806 = VERTEX_POINT ( 'NONE', #3998 ) ;
#3807 = ORIENTED_EDGE ( 'NONE', *, *, #2368, .F. ) ;
#3808 = AXIS2_PLACEMENT_3D ( 'NONE', #656, #2687, #1001 ) ;
#3809 = FACE_OUTER_BOUND ( 'NONE', #604, .T. ) ;
#3810 = CARTESIAN_POINT ( 'NONE',  ( 19.19999999999999929, 47.48857397832535554, -11.28788937033044526 ) ) ;
#3811 = DIRECTION ( 'NONE',  ( -0.7071067811865512365, -0.5000000000000000000, -0.4999999999999947820 ) ) ;
#3812 = ORIENTED_EDGE ( 'NONE', *, *, #3185, .T. ) ;
#3813 = ORIENTED_EDGE ( 'NONE', *, *, #615, .T. ) ;
#3814 = ADVANCED_FACE ( 'NONE', ( #1993 ), #2160, .F. ) ;
#3815 = LINE ( 'NONE', #683, #3665 ) ;
#3816 = LINE ( 'NONE', #1348, #1357 ) ;
#3817 = DIRECTION ( 'NONE',  ( 0.000000000000000000, 0.000000000000000000, 1.000000000000000000 ) ) ;
#3818 = DIRECTION ( 'NONE',  ( 0.000000000000000000, 0.7071067811865440200, -0.7071067811865511255 ) ) ;
#3819 = VERTEX_POINT ( 'NONE', #946 ) ;
#3820 = CARTESIAN_POINT ( 'NONE',  ( 16.92069738514889821, 0.9576354902146000381, 14.11037676031999943 ) ) ;
#3821 = EDGE_CURVE ( 'NONE', #469, #79, #1659, .T. ) ;
#3822 = EDGE_CURVE ( 'NONE', #3806, #446, #3008, .T. ) ;
#3823 = ORIENTED_EDGE ( 'NONE', *, *, #2306, .T. ) ;
#3824 = DIRECTION ( 'NONE',  ( -1.000000000000000000, 0.000000000000000000, 0.000000000000000000 ) ) ;
#3825 = EDGE_LOOP ( 'NONE', ( #2015, #1989, #2705, #3858 ) ) ;
#3826 = AXIS2_PLACEMENT_3D ( 'NONE', #2181, #166, #4234 ) ;
#3827 = CIRCLE ( 'NONE', #137, 2.500000000000002220 ) ;
#3828 = ORIENTED_EDGE ( 'NONE', *, *, #2527, .T. ) ;
#3829 = CARTESIAN_POINT ( 'NONE',  ( -13.04854447587000266, 70.63697368619270378, -11.01448051323580124 ) ) ;
#3830 = AXIS2_PLACEMENT_3D ( 'NONE', #1925, #3280, #3596 ) ;
#3831 = AXIS2_PLACEMENT_3D ( 'NONE', #2155, #139, #1822 ) ;
#3832 = DIRECTION ( 'NONE',  ( 0.7071067811865521247, 0.000000000000000000, -0.7071067811865430208 ) ) ;
#3833 = CARTESIAN_POINT ( 'NONE',  ( 13.67003442609499864, 0.9576354902146000381, 34.51037676031999979 ) ) ;
#3834 = DIRECTION ( 'NONE',  ( 0.7071067811865441310, 0.3296549584564960056, 0.6255618341659364701 ) ) ;
#3835 = ORIENTED_EDGE ( 'NONE', *, *, #1455, .T. ) ;
#3836 = FACE_OUTER_BOUND ( 'NONE', #1969, .T. ) ;
#3837 = FILL_AREA_STYLE_COLOUR ( '', #3421 ) ;
#3838 = DIRECTION ( 'NONE',  ( 1.000000000000000000, 0.000000000000000000, 0.000000000000000000 ) ) ;
#3839 = CARTESIAN_POINT ( 'NONE',  ( -14.94854447587000124, 93.72332935876271165, 4.829135922385150437 ) ) ;
#3840 = ORIENTED_EDGE ( 'NONE', *, *, #3405, .F. ) ;
#3841 = CARTESIAN_POINT ( 'NONE',  ( 16.19999999999999929, 102.6778247531477035, 1.271692263389266220 ) ) ;
#3842 = CIRCLE ( 'NONE', #1634, 1.500000000000003997 ) ;
#3843 = ORIENTED_EDGE ( 'NONE', *, *, #3649, .T. ) ;
#3844 = ORIENTED_EDGE ( 'NONE', *, *, #4329, .T. ) ;
#3845 = FACE_OUTER_BOUND ( 'NONE', #4053, .T. ) ;
#3846 = EDGE_CURVE ( 'NONE', #3952, #2918, #2016, .T. ) ;
#3847 = VECTOR ( 'NONE', #397, 1000.000000000000000 ) ;
#3848 = ADVANCED_FACE ( 'NONE', ( #4401 ), #421, .T. ) ;
#3849 = ORIENTED_EDGE ( 'NONE', *, *, #3194, .T. ) ;
#3850 = ORIENTED_EDGE ( 'NONE', *, *, #2750, .F. ) ;
#3851 = UNCERTAINTY_MEASURE_WITH_UNIT (LENGTH_MEASURE( 1.000000000000000082E-05 ), #1061, 'distance_accuracy_value', 'NONE');
#3852 = EDGE_CURVE ( 'NONE', #3631, #1521, #3463, .T. ) ;
#3853 = CARTESIAN_POINT ( 'NONE',  ( 9.414213562373094035, 82.61662357125688061, -8.146856059875961620 ) ) ;
#3854 = CONICAL_SURFACE ( 'NONE', #4209, 2.000000000000001776, 0.7853981633974539411 ) ;
#3855 = DIRECTION ( 'NONE',  ( 0.000000000000000000, 0.000000000000000000, 1.000000000000000000 ) ) ;
#3856 = FACE_OUTER_BOUND ( 'NONE', #3064, .T. ) ;
#3857 = LINE ( 'NONE', #764, #4141 ) ;
#3858 = ORIENTED_EDGE ( 'NONE', *, *, #95, .F. ) ;
#3859 = DIRECTION ( 'NONE',  ( 0.000000000000000000, -0.8245127025920548913, -0.5658434441295099315 ) ) ;
#3860 = DIRECTION ( 'NONE',  ( -0.7071067811865504593, 0.4001117364339259463, -0.5830185231772866405 ) ) ;
#3861 = PLANE ( 'NONE',  #2977 ) ;
#3862 = PLANE ( 'NONE',  #587 ) ;
#3863 = ORIENTED_EDGE ( 'NONE', *, *, #3598, .F. ) ;
#3864 = LINE ( 'NONE', #3564, #395 ) ;
#3865 = ORIENTED_EDGE ( 'NONE', *, *, #1172, .T. ) ;
#3866 = DIRECTION ( 'NONE',  ( 1.000000000000000000, 0.000000000000000000, 0.000000000000000000 ) ) ;
#3867 = AXIS2_PLACEMENT_3D ( 'NONE', #3223, #481, #187 ) ;
#3868 = VERTEX_POINT ( 'NONE', #2105 ) ;
#3869 = EDGE_CURVE ( 'NONE', #891, #1691, #1746, .T. ) ;
#3870 = AXIS2_PLACEMENT_3D ( 'NONE', #2673, #3300, #3995 ) ;
#3871 = ORIENTED_EDGE ( 'NONE', *, *, #1480, .T. ) ;
#3872 = DIRECTION ( 'NONE',  ( 0.000000000000000000, -0.9992442258840701363, 0.03887128808446423112 ) ) ;
#3873 = AXIS2_PLACEMENT_3D ( 'NONE', #3279, #3977, #925 ) ;
#3874 = EDGE_CURVE ( 'NONE', #2440, #695, #3058, .T. ) ;
#3875 = DIRECTION ( 'NONE',  ( -0.7071067811865521247, 0.02748615139798304269, 0.7065723681841236115 ) ) ;
#3876 = CARTESIAN_POINT ( 'NONE',  ( -16.19854447586999768, 102.6778247531477035, 1.271692263389266664 ) ) ;
#3877 = CARTESIAN_POINT ( 'NONE',  ( -13.04854447587000266, 96.55254657941229368, 0.7065724094219058005 ) ) ;
#3878 = DIRECTION ( 'NONE',  ( 0.000000000000000000, 0.000000000000000000, 1.000000000000000000 ) ) ;
#3879 = DIRECTION ( 'NONE',  ( 0.000000000000000000, 0.5658434441295098205, -0.8245127025920547803 ) ) ;
#3880 = FACE_OUTER_BOUND ( 'NONE', #4155, .T. ) ;
#3881 = CARTESIAN_POINT ( 'NONE',  ( 16.19999999999999929, 116.5935289574335343, -24.30724663235697847 ) ) ;
#3882 = ORIENTED_EDGE ( 'NONE', *, *, #2546, .T. ) ;
#3883 = DIRECTION ( 'NONE',  ( 0.000000000000000000, 0.8846780299804519743, -0.4662025131527140487 ) ) ;
#3884 = ORIENTED_EDGE ( 'NONE', *, *, #2392, .F. ) ;
#3885 = CARTESIAN_POINT ( 'NONE',  ( 14.00145552413000161, 70.63697368619180850, -11.01448051323450095 ) ) ;
#3886 = ORIENTED_EDGE ( 'NONE', *, *, #1884, .T. ) ;
#3887 = PLANE ( 'NONE',  #650 ) ;
#3888 = ORIENTED_EDGE ( 'NONE', *, *, #3235, .F. ) ;
#3889 = CIRCLE ( 'NONE', #3959, 4.999999999999984013 ) ;
#3890 = CARTESIAN_POINT ( 'NONE',  ( 0.000000000000000000, 0.000000000000000000, 0.000000000000000000 ) ) ;
#3891 = EDGE_CURVE ( 'NONE', #3685, #2141, #1053, .T. ) ;
#3892 = CARTESIAN_POINT ( 'NONE',  ( -18.19854447587000834, 53.88374705483423099, -7.403569394788110714 ) ) ;
#3893 = FACE_OUTER_BOUND ( 'NONE', #81, .T. ) ;
#3894 = FACE_OUTER_BOUND ( 'NONE', #2692, .T. ) ;
#3895 = ADVANCED_FACE ( 'NONE', ( #2126 ), #43, .T. ) ;
#3896 = EDGE_CURVE ( 'NONE', #680, #1345, #2832, .T. ) ;
#3897 = CARTESIAN_POINT ( 'NONE',  ( -13.97180363260000036, 67.33217077793051430, -13.28248809383464391 ) ) ;
#3898 = DIRECTION ( 'NONE',  ( -0.000000000000000000, 0.5658434441295099315, -0.8245127025920548913 ) ) ;
#3899 = DIRECTION ( 'NONE',  ( -0.7071067811865463515, 0.3296549584564971158, 0.6255618341659334725 ) ) ;
#3900 = CARTESIAN_POINT ( 'NONE',  ( 92.13349655500205415, 56.68096213375051207, -2.095501214905391318 ) ) ;
#3901 = VERTEX_POINT ( 'NONE', #3752 ) ;
#3902 = DIRECTION ( 'NONE',  ( 0.000000000000000000, -0.8245127025920548913, -0.5658434441295099315 ) ) ;
#3903 = EDGE_CURVE ( 'NONE', #3502, #280, #950, .T. ) ;
#3904 = EDGE_LOOP ( 'NONE', ( #1945, #532, #1346, #759 ) ) ;
#3905 = DIRECTION ( 'NONE',  ( 1.000000000000000000, 0.000000000000000000, 0.000000000000000000 ) ) ;
#3906 = ORIENTED_EDGE ( 'NONE', *, *, #693, .F. ) ;
#3907 = AXIS2_PLACEMENT_3D ( 'NONE', #1370, #1009, #3796 ) ;
#3908 = VECTOR ( 'NONE', #3748, 1000.000000000000114 ) ;
#3909 = CARTESIAN_POINT ( 'NONE',  ( 5.999999999999987566, 97.00228643487503177, -25.57422376832453281 ) ) ;
#3910 = VERTEX_POINT ( 'NONE', #2449 ) ;
#3911 = VECTOR ( 'NONE', #305, 1000.000000000000000 ) ;
#3912 = CARTESIAN_POINT ( 'NONE',  ( -18.19854447587000834, 19.36725363476569584, 26.73292590984120309 ) ) ;
#3913 = LINE ( 'NONE', #3242, #632 ) ;
#3914 = CARTESIAN_POINT ( 'NONE',  ( -19.19854447586999768, 67.89979237755500208, -16.53145567272651562 ) ) ;
#3915 = VECTOR ( 'NONE', #4220, 1000.000000000000000 ) ;
#3916 = DIRECTION ( 'NONE',  ( -1.000000000000000000, 0.000000000000000000, 0.000000000000000000 ) ) ;
#3917 = EDGE_CURVE ( 'NONE', #3371, #489, #2721, .T. ) ;
#3918 = DIRECTION ( 'NONE',  ( 4.930380657631324879E-32, 0.5658434441295099315, -0.8245127025920548913 ) ) ;
#3919 = DIRECTION ( 'NONE',  ( -0.7071067811865517916, -0.4999999999999999445, -0.4999999999999938383 ) ) ;
#3920 = CARTESIAN_POINT ( 'NONE',  ( 19.19999999999999929, 12.10989432187999171, 14.11037676032000299 ) ) ;
#3921 = ORIENTED_EDGE ( 'NONE', *, *, #4247, .F. ) ;
#3922 = DIRECTION ( 'NONE',  ( 0.000000000000000000, -1.000000000000000000, 0.000000000000000000 ) ) ;
#3923 = EDGE_CURVE ( 'NONE', #4059, #1189, #4364, .T. ) ;
#3924 = ORIENTED_EDGE ( 'NONE', *, *, #1426, .F. ) ;
#3925 = AXIS2_PLACEMENT_3D ( 'NONE', #1910, #249, #4338 ) ;
#3926 = DIRECTION ( 'NONE',  ( 0.000000000000000000, 0.000000000000000000, 1.000000000000000000 ) ) ;
#3927 = EDGE_CURVE ( 'NONE', #3685, #149, #88, .T. ) ;
#3928 = CONICAL_SURFACE ( 'NONE', #3146, 1.999999999999962697, 0.7853981633974533860 ) ;
#3929 = VECTOR ( 'NONE', #2395, 999.9999999999998863 ) ;
#3930 = ORIENTED_EDGE ( 'NONE', *, *, #316, .F. ) ;
#3931 = ORIENTED_EDGE ( 'NONE', *, *, #3354, .T. ) ;
#3932 = PLANE ( 'NONE',  #72 ) ;
#3933 = ORIENTED_EDGE ( 'NONE', *, *, #3047, .F. ) ;
#3934 = B_SPLINE_CURVE_WITH_KNOTS ( 'NONE', 3,
 ( #2120, #3771, #3415, #767, #372, #4106, #83, #2421, #4082, #1433, #3072, #749 ),
 .UNSPECIFIED., .F., .F.,
 ( 4, 2, 2, 2, 2, 4 ),
 ( 0.01870489832450292905, 0.01965479237683696173, 0.02060468642917099441, 0.02155458048150502709, 0.02202952750767203649, 0.02250447453383904589 ),
 .UNSPECIFIED. ) ;
#3935 = AXIS2_PLACEMENT_3D ( 'NONE', #1329, #2342, #666 ) ;
#3936 = CARTESIAN_POINT ( 'NONE',  ( 5.999999999999999112, 73.52269461302006448, -16.10301443578462255 ) ) ;
#3937 = CARTESIAN_POINT ( 'NONE',  ( 18.19999999999999574, 11.10989432188000059, 34.51037676031999979 ) ) ;
#3938 = FACE_OUTER_BOUND ( 'NONE', #3587, .T. ) ;
#3939 = AXIS2_PLACEMENT_3D ( 'NONE', #1816, #816, #2167 ) ;
#3940 = DIRECTION ( 'NONE',  ( 2.842170943040399817E-16, 0.5658434441295099315, -0.8245127025920548913 ) ) ;
#3941 = DIRECTION ( 'NONE',  ( 0.7071067811865441310, -0.5000000000000048850, -0.4999999999999999445 ) ) ;
#3942 = CARTESIAN_POINT ( 'NONE',  ( -16.19854447586999768, 95.67753909233550758, 6.170263551737100727 ) ) ;
#3943 = ORIENTED_EDGE ( 'NONE', *, *, #648, .F. ) ;
#3944 = VERTEX_POINT ( 'NONE', #2381 ) ;
#3945 = CARTESIAN_POINT ( 'NONE',  ( 10.12847217792256771, 94.54784206135376223, 5.394979366515921804 ) ) ;
#3946 = EDGE_CURVE ( 'NONE', #3164, #2813, #2763, .T. ) ;
#3947 = ORIENTED_EDGE ( 'NONE', *, *, #824, .F. ) ;
#3948 = DIRECTION ( 'NONE',  ( 0.000000000000000000, -0.5658434441295098205, 0.8245127025920547803 ) ) ;
#3949 = CYLINDRICAL_SURFACE ( 'NONE', #3513, 0.9499999999999995115 ) ;
#3950 = VECTOR ( 'NONE', #3338, 1000.000000000000227 ) ;
#3951 = EDGE_CURVE ( 'NONE', #1090, #702, #66, .T. ) ;
#3952 = VERTEX_POINT ( 'NONE', #3776 ) ;
#3953 = ORIENTED_EDGE ( 'NONE', *, *, #4278, .F. ) ;
#3954 = EDGE_CURVE ( 'NONE', #878, #2373, #1160, .T. ) ;
#3955 = DIRECTION ( 'NONE',  ( 0.000000000000000000, -0.5658434441295118189, 0.8245127025920535591 ) ) ;
#3956 = VECTOR ( 'NONE', #1844, 999.9999999999998863 ) ;
#3957 = EDGE_CURVE ( 'NONE', #1350, #445, #4178, .T. ) ;
#3958 = ORIENTED_EDGE ( 'NONE', *, *, #2208, .T. ) ;
#3959 = AXIS2_PLACEMENT_3D ( 'NONE', #2997, #4360, #1311 ) ;
#3960 = CARTESIAN_POINT ( 'NONE',  ( 92.13349655500205415, 56.68096213375051207, -2.095501214905391318 ) ) ;
#3961 = CARTESIAN_POINT ( 'NONE',  ( 19.19999999999999929, 12.10989432187999171, -42.00000000000000000 ) ) ;
#3962 = DIRECTION ( 'NONE',  ( -0.7071067811865521247, -0.02748615139798304269, -0.7065723681841236115 ) ) ;
#3963 = PLANE ( 'NONE',  #1576 ) ;
#3964 = DIRECTION ( 'NONE',  ( 0.000000000000000000, -0.5658434441295098205, 0.8245127025920547803 ) ) ;
#3965 = CARTESIAN_POINT ( 'NONE',  ( 18.20000000000000995, 17.60989432188499748, 30.97556659696046566 ) ) ;
#3966 = ORIENTED_EDGE ( 'NONE', *, *, #1421, .F. ) ;
#3967 = LINE ( 'NONE', #2982, #4369 ) ;
#3968 = VECTOR ( 'NONE', #685, 1000.000000000000114 ) ;
#3969 = ORIENTED_EDGE ( 'NONE', *, *, #1665, .T. ) ;
#3970 = DIRECTION ( 'NONE',  ( -0.7071067811865505703, -0.3296549584564932855, -0.6255618341659306969 ) ) ;
#3971 = DIRECTION ( 'NONE',  ( 1.000000000000000000, -0.000000000000000000, -0.000000000000000000 ) ) ;
#3972 = CARTESIAN_POINT ( 'NONE',  ( 14.00145552413000161, 73.46619090683800835, -15.13704402619880085 ) ) ;
#3973 = CIRCLE ( 'NONE', #2897, 1.500000000000003997 ) ;
#3974 = EDGE_LOOP ( 'NONE', ( #2133, #23, #1680, #1928 ) ) ;
#3975 = CARTESIAN_POINT ( 'NONE',  ( -18.19854447587001189, 23.60989432188499748, 30.97556659696046566 ) ) ;
#3976 = EDGE_CURVE ( 'NONE', #239, #2981, #1795, .T. ) ;
#3977 = DIRECTION ( 'NONE',  ( -1.000000000000000000, 0.000000000000000000, 0.000000000000000000 ) ) ;
#3978 = DIRECTION ( 'NONE',  ( -1.000000000000000000, 0.000000000000000000, 0.000000000000000000 ) ) ;
#3979 = ADVANCED_FACE ( 'NONE', ( #4134 ), #4156, .F. ) ;
#3980 = AXIS2_PLACEMENT_3D ( 'NONE', #708, #2467, #1095 ) ;
#3981 = EDGE_LOOP ( 'NONE', ( #3751, #1105, #2634, #2410 ) ) ;
#3982 = CARTESIAN_POINT ( 'NONE',  ( 15.00145552412999805, 90.53000539288625248, 2.637633686712201886 ) ) ;
#3983 = ADVANCED_FACE ( 'NONE', ( #1099 ), #113, .F. ) ;
#3984 = DIRECTION ( 'NONE',  ( 0.000000000000000000, 0.000000000000000000, 1.000000000000000000 ) ) ;
#3985 = CARTESIAN_POINT ( 'NONE',  ( 19.19999999999999574, 66.20048388967148867, -11.63346268865053723 ) ) ;
#3986 = CIRCLE ( 'NONE', #2065, 1.500000000000003775 ) ;
#3987 = PLANE ( 'NONE',  #2501 ) ;
#3988 = CARTESIAN_POINT ( 'NONE',  ( 16.10000000000000142, 0.9576354902146000381, 38.51037676031999979 ) ) ;
#3989 = CARTESIAN_POINT ( 'NONE',  ( -19.19854447586999768, 50.45744858485000606, 11.61037676032001542 ) ) ;
#3990 = VERTEX_POINT ( 'NONE', #3509 ) ;
#3991 = CONICAL_SURFACE ( 'NONE', #2406, 28.64999999999999858, 0.7853981633974570498 ) ;
#3992 = CARTESIAN_POINT ( 'NONE',  ( 12.65000000000000036, 7.109894321884000057, 14.31037676031999872 ) ) ;
#3993 = EDGE_LOOP ( 'NONE', ( #3931, #2936, #3419, #894 ) ) ;
#3994 = CARTESIAN_POINT ( 'NONE',  ( -9.022657219336958079, 70.95574516034383805, -15.89715814841088282 ) ) ;
#3995 = DIRECTION ( 'NONE',  ( 0.000000000000000000, -0.8245127025920553354, -0.5658434441295091544 ) ) ;
#3996 = DIRECTION ( 'NONE',  ( 1.000000000000000000, 0.000000000000000000, 0.000000000000000000 ) ) ;
#3997 = EDGE_LOOP ( 'NONE', ( #2189, #3403, #2652, #514 ) ) ;
#3998 = CARTESIAN_POINT ( 'NONE',  ( 19.19999999999999929, 67.89801422206001291, -14.10700079642669635 ) ) ;
#3999 = FACE_OUTER_BOUND ( 'NONE', #360, .T. ) ;
#4000 = CARTESIAN_POINT ( 'NONE',  ( -16.49854447586999839, 76.09367142858538102, -12.12102908792853029 ) ) ;
#4001 = EDGE_CURVE ( 'NONE', #485, #3397, #2364, .T. ) ;
#4002 = ORIENTED_EDGE ( 'NONE', *, *, #2802, .F. ) ;
#4003 = FACE_OUTER_BOUND ( 'NONE', #4395, .T. ) ;
#4004 = FACE_BOUND ( 'NONE', #2972, .T. ) ;
#4005 = LINE ( 'NONE', #1978, #15 ) ;
#4006 = CIRCLE ( 'NONE', #2861, 6.000000000000000000 ) ;
#4007 = AXIS2_PLACEMENT_3D ( 'NONE', #3900, #3562, #777 ) ;
#4008 = ADVANCED_FACE ( 'NONE', ( #3228 ), #1141, .T. ) ;
#4009 = VECTOR ( 'NONE', #3799, 1000.000000000000000 ) ;
#4010 = EDGE_CURVE ( 'NONE', #3901, #573, #1523, .T. ) ;
#4011 = CARTESIAN_POINT ( 'NONE',  ( 14.95145552413000090, 93.72332935876271165, 4.829135922385150437 ) ) ;
#4012 = DIRECTION ( 'NONE',  ( 1.000000000000000000, 0.000000000000000000, 0.000000000000000000 ) ) ;
#4013 = DIRECTION ( 'NONE',  ( 1.000000000000000000, -0.000000000000000000, -0.000000000000000000 ) ) ;
#4014 = ORIENTED_EDGE ( 'NONE', *, *, #1744, .F. ) ;
#4015 = VECTOR ( 'NONE', #1917, 1000.000000000000000 ) ;
#4016 = CARTESIAN_POINT ( 'NONE',  ( 7.850000000000012967, 7.109894321884000057, 38.51037676031999979 ) ) ;
#4017 = ORIENTED_EDGE ( 'NONE', *, *, #3672, .T. ) ;
#4018 = ORIENTED_EDGE ( 'NONE', *, *, #2860, .T. ) ;
#4019 = CARTESIAN_POINT ( 'NONE',  ( 18.20000000000000639, 56.68096213375051207, -2.095501214905391318 ) ) ;
#4020 = CARTESIAN_POINT ( 'NONE',  ( 19.19999999999999929, 21.69081291106343556, 11.61037676032001364 ) ) ;
#4021 = DIRECTION ( 'NONE',  ( -1.000000000000000000, 0.000000000000000000, 0.000000000000000000 ) ) ;
#4022 = ORIENTED_EDGE ( 'NONE', *, *, #144, .T. ) ;
#4023 = ORIENTED_EDGE ( 'NONE', *, *, #1146, .F. ) ;
#4024 = DIRECTION ( 'NONE',  ( -1.000000000000000000, 0.000000000000000000, 0.000000000000000000 ) ) ;
#4025 = VECTOR ( 'NONE', #3674, 1000.000000000000000 ) ;
#4026 = CARTESIAN_POINT ( 'NONE',  ( 13.05145552413000232, 70.63697368619270378, -11.01448051323580124 ) ) ;
#4027 = ORIENTED_EDGE ( 'NONE', *, *, #2575, .T. ) ;
#4028 = CARTESIAN_POINT ( 'NONE',  ( -13.99854447587000195, 98.04798489175986731, 2.945693722342003440 ) ) ;
#4029 = LINE ( 'NONE', #975, #565 ) ;
#4030 = CARTESIAN_POINT ( 'NONE',  ( 6.000000000000000000, 82.38224354251852333, -7.805331716113398599 ) ) ;
#4031 = ADVANCED_FACE ( 'NONE', ( #4218 ), #324, .T. ) ;
#4032 = CIRCLE ( 'NONE', #3599, 1.500000000000003997 ) ;
#4033 = EDGE_CURVE ( 'NONE', #3680, #3041, #465, .T. ) ;
#4034 = CARTESIAN_POINT ( 'NONE',  ( -19.19854447586999768, 67.89979237755500208, -16.53145567272651562 ) ) ;
#4035 = DIRECTION ( 'NONE',  ( 0.000000000000000000, 0.000000000000000000, 1.000000000000000000 ) ) ;
#4036 = DIRECTION ( 'NONE',  ( 1.000000000000000000, 0.000000000000000000, 0.000000000000000000 ) ) ;
#4037 = ORIENTED_EDGE ( 'NONE', *, *, #3019, .F. ) ;
#4038 = EDGE_CURVE ( 'NONE', #2420, #2480, #2873, .T. ) ;
#4039 = EDGE_LOOP ( 'NONE', ( #4139, #2840, #2859, #4105 ) ) ;
#4040 = AXIS2_PLACEMENT_3D ( 'NONE', #1027, #1347, #3458 ) ;
#4041 = ORIENTED_EDGE ( 'NONE', *, *, #99, .F. ) ;
#4042 = ORIENTED_EDGE ( 'NONE', *, *, #1686, .F. ) ;
#4043 = LINE ( 'NONE', #988, #1996 ) ;
#4044 = FACE_OUTER_BOUND ( 'NONE', #1409, .T. ) ;
#4045 = CYLINDRICAL_SURFACE ( 'NONE', #1708, 6.000000000000001776 ) ;
#4046 = EDGE_LOOP ( 'NONE', ( #1210, #1364, #423, #1416 ) ) ;
#4047 = EDGE_CURVE ( 'NONE', #3041, #3611, #2020, .T. ) ;
#4048 = VERTEX_POINT ( 'NONE', #3191 ) ;
#4049 = DIRECTION ( 'NONE',  ( 0.000000000000000000, -0.5658434441295098205, 0.8245127025920547803 ) ) ;
#4050 = AXIS2_PLACEMENT_3D ( 'NONE', #904, #2255, #1435 ) ;
#4051 = AXIS2_PLACEMENT_3D ( 'NONE', #823, #3535, #1424 ) ;
#4052 = DIRECTION ( 'NONE',  ( 0.000000000000000000, -0.5658434441295098205, 0.8245127025920547803 ) ) ;
#4053 = EDGE_LOOP ( 'NONE', ( #3172, #3398, #3888, #3125 ) ) ;
#4054 = CARTESIAN_POINT ( 'NONE',  ( -13.97180363260000036, 70.17434498214620930, -11.33197158211370059 ) ) ;
#4055 = VECTOR ( 'NONE', #3899, 999.9999999999998863 ) ;
#4056 = CARTESIAN_POINT ( 'NONE',  ( -14.94854447587000124, 93.72332935876271165, 4.829135922385150437 ) ) ;
#4057 = CARTESIAN_POINT ( 'NONE',  ( 11.00000000000000000, 7.109894321884000057, 38.51037676031999979 ) ) ;
#4058 = LINE ( 'NONE', #10, #3929 ) ;
#4059 = VERTEX_POINT ( 'NONE', #2533 ) ;
#4060 = ORIENTED_EDGE ( 'NONE', *, *, #1365, .F. ) ;
#4061 = VECTOR ( 'NONE', #4373, 999.9999999999998863 ) ;
#4062 = ADVANCED_FACE ( 'NONE', ( #1205 ), #2893, .F. ) ;
#4063 = EDGE_LOOP ( 'NONE', ( #732, #1773, #4136, #3386 ) ) ;
#4064 = DIRECTION ( 'NONE',  ( -0.7071067811865439090, 0.5000000000000053291, 0.4999999999999997780 ) ) ;
#4065 = CARTESIAN_POINT ( 'NONE',  ( 18.19999999999997087, 71.29485304233206477, -21.47853188827884807 ) ) ;
#4066 = DIRECTION ( 'NONE',  ( 0.000000000000000000, 0.000000000000000000, -1.000000000000000000 ) ) ;
#4067 = VERTEX_POINT ( 'NONE', #1855 ) ;
#4068 = DIRECTION ( 'NONE',  ( 0.000000000000000000, -0.7071067811865439090, 0.7071067811865512365 ) ) ;
#4069 = ADVANCED_FACE ( 'NONE', ( #3170 ), #3209, .T. ) ;
#4070 = ORIENTED_EDGE ( 'NONE', *, *, #2436, .T. ) ;
#4071 = CARTESIAN_POINT ( 'NONE',  ( -19.19854447586999768, 30.78367145336499888, 34.51037676031999979 ) ) ;
#4072 = EDGE_LOOP ( 'NONE', ( #2914, #406, #2153, #130 ) ) ;
#4073 = EDGE_LOOP ( 'NONE', ( #429, #2313, #1079, #1880 ) ) ;
#4074 = CIRCLE ( 'NONE', #3648, 0.9499999999999995115 ) ;
#4075 = CYLINDRICAL_SURFACE ( 'NONE', #2239, 2.499999999999997335 ) ;
#4076 = CARTESIAN_POINT ( 'NONE',  ( 6.000000000000001776, 95.35326102969091266, -26.70591065658355490 ) ) ;
#4077 = CARTESIAN_POINT ( 'NONE',  ( 11.00000000000000000, 7.109894321884000057, 14.11037676031999943 ) ) ;
#4078 = EDGE_LOOP ( 'NONE', ( #4377, #3009, #839, #1673 ) ) ;
#4079 = ORIENTED_EDGE ( 'NONE', *, *, #2360, .F. ) ;
#4080 = VECTOR ( 'NONE', #599, 999.9999999999998863 ) ;
#4081 = VERTEX_POINT ( 'NONE', #2831 ) ;
#4082 = CARTESIAN_POINT ( 'NONE',  ( 6.628454672359636923, 71.82222096620903073, -17.15973407084402425 ) ) ;
#4083 = CARTESIAN_POINT ( 'NONE',  ( -19.19854447586999768, 66.83659659810255960, -16.49009662519565111 ) ) ;
#4084 = DIRECTION ( 'NONE',  ( 1.000000000000000000, 0.000000000000000000, 0.000000000000000000 ) ) ;
#4085 = DIRECTION ( 'NONE',  ( 1.000000000000000000, 0.000000000000000000, 0.000000000000000000 ) ) ;
#4086 = ORIENTED_EDGE ( 'NONE', *, *, #3288, .T. ) ;
#4087 = DIRECTION ( 'NONE',  ( 2.842170943040399817E-16, 0.5658434441295099315, -0.8245127025920548913 ) ) ;
#4088 = EDGE_CURVE ( 'NONE', #4059, #138, #3864, .T. ) ;
#4089 = ORIENTED_EDGE ( 'NONE', *, *, #3376, .F. ) ;
#4090 = CIRCLE ( 'NONE', #1595, 0.9499999999999995115 ) ;
#4091 = ORIENTED_EDGE ( 'NONE', *, *, #829, .T. ) ;
#4092 = LINE ( 'NONE', #2062, #1215 ) ;
#4093 = EDGE_CURVE ( 'NONE', #4, #793, #2574, .T. ) ;
#4094 = EDGE_CURVE ( 'NONE', #646, #4312, #526, .T. ) ;
#4095 = ORIENTED_EDGE ( 'NONE', *, *, #4121, .F. ) ;
#4096 = ORIENTED_EDGE ( 'NONE', *, *, #107, .T. ) ;
#4097 = EDGE_CURVE ( 'NONE', #1025, #2788, #882, .T. ) ;
#4098 = DIRECTION ( 'NONE',  ( 0.000000000000000000, -0.7071067811865512365, -0.7071067811865439090 ) ) ;
#4099 = CARTESIAN_POINT ( 'NONE',  ( 92.13349655500205415, 46.78146719713878809, -11.99499615151700027 ) ) ;
#4100 = CARTESIAN_POINT ( 'NONE',  ( 19.19999999999999929, 56.68096213375051207, -2.095501214905391318 ) ) ;
#4101 = DIRECTION ( 'NONE',  ( 1.000000000000000000, 0.000000000000000000, 0.000000000000000000 ) ) ;
#4102 = VERTEX_POINT ( 'NONE', #1895 ) ;
#4103 = VERTEX_POINT ( 'NONE', #3251 ) ;
#4104 = VECTOR ( 'NONE', #2708, 1000.000000000000000 ) ;
#4105 = ORIENTED_EDGE ( 'NONE', *, *, #3951, .F. ) ;
#4106 = CARTESIAN_POINT ( 'NONE',  ( 7.494522318024471552, 71.59708488644756130, -16.83167944813700956 ) ) ;
#4107 = DIRECTION ( 'NONE',  ( 0.7071067811865426878, 0.7071067811865524577, 0.000000000000000000 ) ) ;
#4108 = CARTESIAN_POINT ( 'NONE',  ( -19.19854447586999768, 21.69081291106343201, 11.61037676032002075 ) ) ;
#4109 = CARTESIAN_POINT ( 'NONE',  ( -18.19854447586996571, 64.03938151918627852, -21.79816480507836474 ) ) ;
#4110 = VECTOR ( 'NONE', #3667, 1000.000000000000000 ) ;
#4111 = ORIENTED_EDGE ( 'NONE', *, *, #3715, .F. ) ;
#4112 = CARTESIAN_POINT ( 'NONE',  ( -18.19854447587000124, 0.9576354902146000381, 10.61037676031999943 ) ) ;
#4113 = ORIENTED_EDGE ( 'NONE', *, *, #3976, .F. ) ;
#4114 = DIRECTION ( 'NONE',  ( 0.000000000000000000, 0.8245127025920547803, 0.5658434441295098205 ) ) ;
#4115 = CONICAL_SURFACE ( 'NONE', #4316, 4.414213562373113575, 0.7853981633974528309 ) ;
#4116 = ORIENTED_EDGE ( 'NONE', *, *, #2018, .T. ) ;
#4117 = ADVANCED_FACE ( 'NONE', ( #794 ), #2148, .F. ) ;
#4118 = EDGE_CURVE ( 'NONE', #1237, #1676, #678, .T. ) ;
#4119 = ORIENTED_EDGE ( 'NONE', *, *, #2192, .F. ) ;
#4120 = DIRECTION ( 'NONE',  ( 1.000000000000000000, 0.000000000000000000, 0.000000000000000000 ) ) ;
#4121 = EDGE_CURVE ( 'NONE', #3573, #3910, #2655, .T. ) ;
#4122 = LINE ( 'NONE', #4099, #4104 ) ;
#4123 = LINE ( 'NONE', #433, #1047 ) ;
#4124 = CARTESIAN_POINT ( 'NONE',  ( 18.20000000000000639, 56.68096213375051207, -2.095501214905391318 ) ) ;
#4125 = ORIENTED_EDGE ( 'NONE', *, *, #1403, .T. ) ;
#4126 = AXIS2_PLACEMENT_3D ( 'NONE', #2601, #2941, #4021 ) ;
#4127 = ORIENTED_EDGE ( 'NONE', *, *, #3957, .T. ) ;
#4128 = VECTOR ( 'NONE', #2549, 1000.000000000000000 ) ;
#4129 = CARTESIAN_POINT ( 'NONE',  ( -7.850000000000027178, 7.109894321884000057, 10.61037676031999943 ) ) ;
#4130 = DIRECTION ( 'NONE',  ( 0.000000000000000000, -0.5658434441295098205, 0.8245127025920547803 ) ) ;
#4131 = CARTESIAN_POINT ( 'NONE',  ( -18.19854447587000834, 53.88374705483423099, -7.403569394788111602 ) ) ;
#4132 = DIRECTION ( 'NONE',  ( -0.000000000000000000, 0.5658434441295098205, -0.8245127025920547803 ) ) ;
#4133 = VERTEX_POINT ( 'NONE', #4297 ) ;
#4134 = FACE_OUTER_BOUND ( 'NONE', #716, .T. ) ;
#4135 = CIRCLE ( 'NONE', #3342, 1.500000000000003775 ) ;
#4136 = ORIENTED_EDGE ( 'NONE', *, *, #1399, .T. ) ;
#4137 = ORIENTED_EDGE ( 'NONE', *, *, #3540, .T. ) ;
#4138 = LINE ( 'NONE', #1774, #3713 ) ;
#4139 = ORIENTED_EDGE ( 'NONE', *, *, #2319, .T. ) ;
#4140 = ORIENTED_EDGE ( 'NONE', *, *, #3821, .F. ) ;
#4141 = VECTOR ( 'NONE', #2177, 999.9999999999998863 ) ;
#4142 = VECTOR ( 'NONE', #912, 1000.000000000000114 ) ;
#4143 = VECTOR ( 'NONE', #3067, 1000.000000000000114 ) ;
#4144 = CARTESIAN_POINT ( 'NONE',  ( -18.19854447587001189, 70.17434498214620930, -11.33197158211370059 ) ) ;
#4145 = DIRECTION ( 'NONE',  ( 0.000000000000000000, 0.5658434441295098205, -0.8245127025920547803 ) ) ;
#4146 = CARTESIAN_POINT ( 'NONE',  ( -19.19854447586999768, 64.80187635021334813, -14.28749677859189404 ) ) ;
#4147 = EDGE_CURVE ( 'NONE', #3041, #451, #2935, .T. ) ;
#4148 = ORIENTED_EDGE ( 'NONE', *, *, #4389, .F. ) ;
#4149 = EDGE_CURVE ( 'NONE', #1632, #664, #1040, .T. ) ;
#4150 = ORIENTED_EDGE ( 'NONE', *, *, #2179, .T. ) ;
#4151 = CARTESIAN_POINT ( 'NONE',  ( -16.19854447586999768, 102.4191554946851426, -0.1186638833323338249 ) ) ;
#4152 = LINE ( 'NONE', #84, #788 ) ;
#4153 = CARTESIAN_POINT ( 'NONE',  ( -19.19854447586999768, 67.89801422206001291, -14.10700079642670524 ) ) ;
#4154 = CARTESIAN_POINT ( 'NONE',  ( 0.0007277620649992490006, 86.86048616835016389, -10.79620834081462277 ) ) ;
#4155 = EDGE_LOOP ( 'NONE', ( #2221, #1543, #3840, #4014 ) ) ;
#4156 = PLANE ( 'NONE',  #178 ) ;
#4157 = AXIS2_PLACEMENT_3D ( 'NONE', #169, #1519, #2871 ) ;
#4158 = CIRCLE ( 'NONE', #817, 0.9499999999999995115 ) ;
#4159 = ORIENTED_EDGE ( 'NONE', *, *, #1803, .T. ) ;
#4160 = LINE ( 'NONE', #1102, #175 ) ;
#4161 = EDGE_LOOP ( 'NONE', ( #1254, #3457, #170, #2084 ) ) ;
#4162 = ORIENTED_EDGE ( 'NONE', *, *, #4389, .T. ) ;
#4163 = CARTESIAN_POINT ( 'NONE',  ( -12.65000000000000036, 7.109894321884000057, 14.31037676031999872 ) ) ;
#4164 = AXIS2_PLACEMENT_3D ( 'NONE', #1580, #2266, #3314 ) ;
#4165 = EDGE_CURVE ( 'NONE', #3502, #485, #3316, .T. ) ;
#4166 = DIRECTION ( 'NONE',  ( 0.000000000000000000, 0.000000000000000000, -1.000000000000000000 ) ) ;
#4167 = DIRECTION ( 'NONE',  ( 0.000000000000000000, 0.000000000000000000, 1.000000000000000000 ) ) ;
#4168 = FACE_OUTER_BOUND ( 'NONE', #377, .T. ) ;
#4169 = ORIENTED_EDGE ( 'NONE', *, *, #1639, .F. ) ;
#4170 = EDGE_CURVE ( 'NONE', #2536, #1350, #3609, .T. ) ;
#4171 = CARTESIAN_POINT ( 'NONE',  ( 19.19999999999999929, 74.42348093524800845, -18.11859143664228711 ) ) ;
#4172 = EDGE_CURVE ( 'NONE', #3397, #4227, #3967, .T. ) ;
#4173 = CARTESIAN_POINT ( 'NONE',  ( -16.19854447586999768, 95.67753909233550758, 6.170263551737102503 ) ) ;
#4174 = CARTESIAN_POINT ( 'NONE',  ( -5.999999999999984901, 97.00228643487503177, -25.57422376832453281 ) ) ;
#4175 = LINE ( 'NONE', #833, #1926 ) ;
#4176 = VERTEX_POINT ( 'NONE', #572 ) ;
#4177 = CONICAL_SURFACE ( 'NONE', #1755, 28.64999999999999858, 0.7853981633974536081 ) ;
#4178 = LINE ( 'NONE', #3396, #2506 ) ;
#4179 = ORIENTED_EDGE ( 'NONE', *, *, #3411, .T. ) ;
#4180 = CIRCLE ( 'NONE', #2952, 6.000000000000000000 ) ;
#4181 = FACE_OUTER_BOUND ( 'NONE', #921, .T. ) ;
#4182 = EDGE_CURVE ( 'NONE', #1189, #1352, #940, .T. ) ;
#4183 = ORIENTED_EDGE ( 'NONE', *, *, #2178, .F. ) ;
#4184 = AXIS2_PLACEMENT_3D ( 'NONE', #1688, #3787, #2709 ) ;
#4185 = VERTEX_POINT ( 'NONE', #1648 ) ;
#4186 = LINE ( 'NONE', #2818, #1125 ) ;
#4187 = CIRCLE ( 'NONE', #3402, 2.500000000000000444 ) ;
#4188 = AXIS2_PLACEMENT_3D ( 'NONE', #1583, #278, #301 ) ;
#4189 = DIRECTION ( 'NONE',  ( 0.000000000000000000, -0.5658434441295098205, 0.8245127025920547803 ) ) ;
#4190 = DIRECTION ( 'NONE',  ( -1.000000000000000000, 0.000000000000000000, 0.000000000000000000 ) ) ;
#4191 = DIRECTION ( 'NONE',  ( 1.000000000000000000, 0.000000000000000000, 0.000000000000000000 ) ) ;
#4192 = ORIENTED_EDGE ( 'NONE', *, *, #2280, .F. ) ;
#4193 = DIRECTION ( 'NONE',  ( 1.000000000000000000, 0.000000000000000000, 0.000000000000000000 ) ) ;
#4194 = DIRECTION ( 'NONE',  ( 1.000000000000000000, 0.000000000000000000, 0.000000000000000000 ) ) ;
#4195 = DIRECTION ( 'NONE',  ( -2.478176394252586071E-16, -0.8245127025920548913, -0.5658434441295099315 ) ) ;
#4196 = CARTESIAN_POINT ( 'NONE',  ( -16.19854447586999768, 122.5373516075930667, -32.96822402434602139 ) ) ;
#4197 = ORIENTED_EDGE ( 'NONE', *, *, #1728, .F. ) ;
#4198 = CARTESIAN_POINT ( 'NONE',  ( 0.0007277620649992490006, 67.89979237755500208, -16.53145567272651562 ) ) ;
#4199 = AXIS2_PLACEMENT_3D ( 'NONE', #4083, #684, #1028 ) ;
#4200 = ADVANCED_FACE ( 'NONE', ( #233 ), #3016, .F. ) ;
#4201 = VERTEX_POINT ( 'NONE', #4370 ) ;
#4202 = DIRECTION ( 'NONE',  ( 0.000000000000000000, 0.5658434441295098205, -0.8245127025920547803 ) ) ;
#4203 = PRESENTATION_LAYER_ASSIGNMENT (  '', '', ( #1706 ) ) ;
#4204 = ORIENTED_EDGE ( 'NONE', *, *, #17, .T. ) ;
#4205 = EDGE_CURVE ( 'NONE', #695, #3371, #537, .T. ) ;
#4206 = ORIENTED_EDGE ( 'NONE', *, *, #670, .F. ) ;
#4207 = CIRCLE ( 'NONE', #3781, 3.828427124746229815 ) ;
#4208 = CARTESIAN_POINT ( 'NONE',  ( 18.19999999999996732, 69.65451938699700918, -22.60425383548280465 ) ) ;
#4209 = AXIS2_PLACEMENT_3D ( 'NONE', #2058, #3418, #4066 ) ;
#4210 = CARTESIAN_POINT ( 'NONE',  ( 18.20000000000000995, 17.60989432187999881, 38.51037676031999979 ) ) ;
#4211 = DIRECTION ( 'NONE',  ( 0.000000000000000000, -0.8846780299804521963, 0.4662025131527135491 ) ) ;
#4212 = DIRECTION ( 'NONE',  ( -1.000000000000000000, 0.000000000000000000, 0.000000000000000000 ) ) ;
#4213 = CARTESIAN_POINT ( 'NONE',  ( 12.65000000000000036, 7.109894321884000057, 14.31037676031999872 ) ) ;
#4214 = FACE_OUTER_BOUND ( 'NONE', #3456, .T. ) ;
#4215 = DIRECTION ( 'NONE',  ( 7.930164461610890305E-17, -0.8245127025920548913, -0.5658434441295099315 ) ) ;
#4216 = DIRECTION ( 'NONE',  ( 1.000000000000000000, 0.000000000000000000, 0.000000000000000000 ) ) ;
#4217 = EDGE_LOOP ( 'NONE', ( #3886, #3347, #1975, #195 ) ) ;
#4218 = FACE_OUTER_BOUND ( 'NONE', #34, .T. ) ;
#4219 = ORIENTED_EDGE ( 'NONE', *, *, #3946, .F. ) ;
#4220 = DIRECTION ( 'NONE',  ( -1.000000000000000000, 0.000000000000000000, 0.000000000000000000 ) ) ;
#4221 = VECTOR ( 'NONE', #2569, 999.9999999999998863 ) ;
#4222 = EDGE_CURVE ( 'NONE', #1046, #4335, #1664, .T. ) ;
#4223 = ORIENTED_EDGE ( 'NONE', *, *, #1126, .F. ) ;
#4224 = EDGE_CURVE ( 'NONE', #2915, #2803, #3633, .T. ) ;
#4225 = AXIS2_PLACEMENT_3D ( 'NONE', #1982, #1625, #1295 ) ;
#4226 = CARTESIAN_POINT ( 'NONE',  ( -1.065814103639999922E-14, -23.39010567811999763, 35.51037676031997847 ) ) ;
#4227 = VERTEX_POINT ( 'NONE', #4016 ) ;
#4228 = ADVANCED_FACE ( 'NONE', ( #1960 ), #2312, .F. ) ;
#4229 = DIRECTION ( 'NONE',  ( 0.000000000000000000, 0.000000000000000000, 1.000000000000000000 ) ) ;
#4230 = EDGE_CURVE ( 'NONE', #2793, #3901, #3677, .T. ) ;
#4231 = DIRECTION ( 'NONE',  ( 1.000000000000000000, 0.000000000000000000, 0.000000000000000000 ) ) ;
#4232 = CARTESIAN_POINT ( 'NONE',  ( -19.19854447586999768, 16.60989432188499748, 35.51037676031999979 ) ) ;
#4233 = CIRCLE ( 'NONE', #407, 28.64999999999999858 ) ;
#4234 = DIRECTION ( 'NONE',  ( 0.000000000000000000, -1.000000000000000000, 0.000000000000000000 ) ) ;
#4235 = LINE ( 'NONE', #3504, #3199 ) ;
#4236 = CARTESIAN_POINT ( 'NONE',  ( 9.264483764623832940, 70.83906570622976062, -15.72713993392653720 ) ) ;
#4237 = CARTESIAN_POINT ( 'NONE',  ( 10.12847217792256949, 98.04798489175986731, 2.945693722342006104 ) ) ;
#4238 = ORIENTED_EDGE ( 'NONE', *, *, #1605, .F. ) ;
#4239 = DIRECTION ( 'NONE',  ( 0.000000000000000000, 0.000000000000000000, 1.000000000000000000 ) ) ;
#4240 = ORIENTED_EDGE ( 'NONE', *, *, #2503, .F. ) ;
#4241 = DIRECTION ( 'NONE',  ( 0.000000000000000000, -0.5658434441295118189, 0.8245127025920535591 ) ) ;
#4242 = ORIENTED_EDGE ( 'NONE', *, *, #1062, .T. ) ;
#4243 = AXIS2_PLACEMENT_3D ( 'NONE', #2799, #3855, #762 ) ;
#4244 = CARTESIAN_POINT ( 'NONE',  ( -14.62354447586999839, 91.72750188008951966, 3.459447025090099714 ) ) ;
#4245 = ORIENTED_EDGE ( 'NONE', *, *, #2080, .F. ) ;
#4246 = CIRCLE ( 'NONE', #3244, 3.149999999999972378 ) ;
#4247 = EDGE_CURVE ( 'NONE', #1739, #2314, #1604, .T. ) ;
#4248 = CARTESIAN_POINT ( 'NONE',  ( 12.23368857116363806, 94.52915682733653568, 0.5308057709334300656 ) ) ;
#4249 = DIRECTION ( 'NONE',  ( 0.000000000000000000, -0.9992442258840701363, 0.03887128808446423112 ) ) ;
#4250 = CARTESIAN_POINT ( 'NONE',  ( 18.19999999999996732, 50.15412694961251816, -14.48099363463172828 ) ) ;
#4251 = CIRCLE ( 'NONE', #428, 28.64999999999999858 ) ;
#4252 = ADVANCED_FACE ( 'NONE', ( #1320 ), #53, .F. ) ;
#4253 = CARTESIAN_POINT ( 'NONE',  ( 19.19999999999999929, 45.88517936876230152, 14.11037676031999943 ) ) ;
#4254 = FACE_OUTER_BOUND ( 'NONE', #3981, .T. ) ;
#4255 = CARTESIAN_POINT ( 'NONE',  ( 0.000000000000000000, 38.04683935021300556, -39.44450200789950145 ) ) ;
#4256 = LINE ( 'NONE', #2145, #1713 ) ;
#4257 = ORIENTED_EDGE ( 'NONE', *, *, #422, .T. ) ;
#4258 = CARTESIAN_POINT ( 'NONE',  ( 19.19999999999999929, 0.9576354902146000381, 37.51037676031999268 ) ) ;
#4259 = ORIENTED_EDGE ( 'NONE', *, *, #2902, .F. ) ;
#4260 = CYLINDRICAL_SURFACE ( 'NONE', #1430, 1.650000000000000355 ) ;
#4261 = EDGE_LOOP ( 'NONE', ( #2128, #326, #1861, #3365 ) ) ;
#4262 = ORIENTED_EDGE ( 'NONE', *, *, #2131, .F. ) ;
#4263 = CIRCLE ( 'NONE', #1060, 1.500000000000003775 ) ;
#4264 = AXIS2_PLACEMENT_3D ( 'NONE', #3942, #4276, #1180 ) ;
#4265 = CARTESIAN_POINT ( 'NONE',  ( -10.12556112966256983, 95.78461111524190130, 6.243744532710270967 ) ) ;
#4266 = ORIENTED_EDGE ( 'NONE', *, *, #1884, .F. ) ;
#4267 = AXIS2_PLACEMENT_3D ( 'NONE', #2580, #3948, #895 ) ;
#4268 = DIRECTION ( 'NONE',  ( 0.000000000000000000, 0.8245127025920560015, 0.5658434441295082662 ) ) ;
#4269 = DIRECTION ( 'NONE',  ( 1.000000000000000000, 0.000000000000000000, 0.000000000000000000 ) ) ;
#4270 = CARTESIAN_POINT ( 'NONE',  ( 14.00145552413000161, 93.72332935876170268, 4.829135922386499580 ) ) ;
#4271 = ADVANCED_FACE ( 'NONE', ( #3761 ), #3086, .F. ) ;
#4272 = AXIS2_PLACEMENT_3D ( 'NONE', #838, #3173, #3926 ) ;
#4273 = ADVANCED_FACE ( 'NONE', ( #1938 ), #3296, .T. ) ;
#4274 = DIRECTION ( 'NONE',  ( -0.7071067811865516806, 0.4001117364339267235, -0.5830185231772846421 ) ) ;
#4275 = CYLINDRICAL_SURFACE ( 'NONE', #1541, 3.000000000000002665 ) ;
#4276 = DIRECTION ( 'NONE',  ( 0.000000000000000000, -0.5658434441295098205, 0.8245127025920547803 ) ) ;
#4277 = ORIENTED_EDGE ( 'NONE', *, *, #376, .T. ) ;
#4278 = EDGE_CURVE ( 'NONE', #528, #413, #3973, .T. ) ;
#4279 = ORIENTED_EDGE ( 'NONE', *, *, #4356, .T. ) ;
#4280 = DIRECTION ( 'NONE',  ( 0.000000000000000000, 1.000000000000000000, 0.000000000000000000 ) ) ;
#4281 = VERTEX_POINT ( 'NONE', #3178 ) ;
#4282 = AXIS2_PLACEMENT_3D ( 'NONE', #2505, #2844, #3521 ) ;
#4283 = DIRECTION ( 'NONE',  ( 0.000000000000000000, 0.7071067811865439090, -0.7071067811865512365 ) ) ;
#4284 = CARTESIAN_POINT ( 'NONE',  ( -10.12556112966257693, 68.57569192971170935, -12.42908912355829898 ) ) ;
#4285 = CONICAL_SURFACE ( 'NONE', #1014, 2.999999999999997335, 0.7853981633974537191 ) ;
#4286 = ORIENTED_EDGE ( 'NONE', *, *, #4230, .F. ) ;
#4287 = LINE ( 'NONE', #1235, #982 ) ;
#4288 = AXIS2_PLACEMENT_3D ( 'NONE', #1162, #192, #2916 ) ;
#4289 = DIRECTION ( 'NONE',  ( 0.000000000000000000, 0.5658434441295098205, -0.8245127025920547803 ) ) ;
#4290 = CARTESIAN_POINT ( 'NONE',  ( 19.19999999999999929, -3.623767952376999789E-14, 34.51037676031999979 ) ) ;
#4291 = CARTESIAN_POINT ( 'NONE',  ( 19.19999999999999929, 23.60989432188499748, 30.97556659696046566 ) ) ;
#4292 = AXIS2_PLACEMENT_3D ( 'NONE', #289, #1637, #3664 ) ;
#4293 = DIRECTION ( 'NONE',  ( 0.000000000000000000, -0.5658434441295099315, 0.8245127025920548913 ) ) ;
#4294 = CARTESIAN_POINT ( 'NONE',  ( 19.19999999999999929, 12.10989432187999171, 14.11037676031999943 ) ) ;
#4295 = CYLINDRICAL_SURFACE ( 'NONE', #1674, 1.500000000000003775 ) ;
#4296 = ORIENTED_EDGE ( 'NONE', *, *, #3874, .F. ) ;
#4297 = CARTESIAN_POINT ( 'NONE',  ( -15.10000000000000142, 0.9576354902146000381, 35.51037676031997847 ) ) ;
#4298 = ADVANCED_FACE ( 'NONE', ( #3452 ), #3189, .T. ) ;
#4299 = EDGE_CURVE ( 'NONE', #3546, #4320, #1267, .T. ) ;
#4300 = ORIENTED_EDGE ( 'NONE', *, *, #3194, .F. ) ;
#4301 = CIRCLE ( 'NONE', #1171, 1.650000000000000355 ) ;
#4302 = CARTESIAN_POINT ( 'NONE',  ( -11.57792988449035576, 96.50202357439977163, 1.884737264599178452 ) ) ;
#4303 = DIRECTION ( 'NONE',  ( 0.000000000000000000, -0.8245127025920548913, -0.5658434441295097095 ) ) ;
#4304 = CARTESIAN_POINT ( 'NONE',  ( 19.19999999999999929, 70.72900959820253775, -20.65401918568677431 ) ) ;
#4305 = VERTEX_POINT ( 'NONE', #161 ) ;
#4306 = CARTESIAN_POINT ( 'NONE',  ( -5.999999999999991118, 85.06587244930882719, -8.181206217971476846 ) ) ;
#4307 = ORIENTED_EDGE ( 'NONE', *, *, #900, .F. ) ;
#4308 = EDGE_CURVE ( 'NONE', #1229, #3990, #4186, .T. ) ;
#4309 = DIRECTION ( 'NONE',  ( 1.000000000000000000, 0.000000000000000000, 0.000000000000000000 ) ) ;
#4310 = DIRECTION ( 'NONE',  ( 0.000000000000000000, -0.8245127025920548913, -0.5658434441295099315 ) ) ;
#4311 = AXIS2_PLACEMENT_3D ( 'NONE', #2308, #1558, #568 ) ;
#4312 = VERTEX_POINT ( 'NONE', #472 ) ;
#4313 = DIRECTION ( 'NONE',  ( 0.000000000000000000, 0.5658434441295099315, -0.8245127025920548913 ) ) ;
#4314 = FACE_BOUND ( 'NONE', #3576, .T. ) ;
#4315 = CYLINDRICAL_SURFACE ( 'NONE', #2845, 2.500000000000002665 ) ;
#4316 = AXIS2_PLACEMENT_3D ( 'NONE', #2176, #164, #456 ) ;
#4317 = DIRECTION ( 'NONE',  ( 0.000000000000000000, -0.9992442258840701363, 0.03887128808446423112 ) ) ;
#4318 = FACE_OUTER_BOUND ( 'NONE', #1225, .T. ) ;
#4319 = CARTESIAN_POINT ( 'NONE',  ( -19.19854447586999768, 18.66014685357913194, 26.02581912865466052 ) ) ;
#4320 = VERTEX_POINT ( 'NONE', #3829 ) ;
#4321 = CARTESIAN_POINT ( 'NONE',  ( -9.828427124746207610, 84.44352529899481397, -6.390723105792259773 ) ) ;
#4322 = CONICAL_SURFACE ( 'NONE', #1841, 1.999999999999967581, 0.7853981633974547183 ) ;
#4323 = ORIENTED_EDGE ( 'NONE', *, *, #957, .F. ) ;
#4324 = LINE ( 'NONE', #2336, #4061 ) ;
#4325 = LINE ( 'NONE', #3683, #356 ) ;
#4326 = PLANE ( 'NONE',  #4333 ) ;
#4327 = ORIENTED_EDGE ( 'NONE', *, *, #4365, .F. ) ;
#4328 = FACE_BOUND ( 'NONE', #3323, .T. ) ;
#4329 = EDGE_CURVE ( 'NONE', #3910, #1723, #2610, .T. ) ;
#4330 = FACE_OUTER_BOUND ( 'NONE', #3276, .T. ) ;
#4331 = LINE ( 'NONE', #4244, #2682 ) ;
#4332 = EDGE_CURVE ( 'NONE', #2292, #408, #1493, .T. ) ;
#4333 = AXIS2_PLACEMENT_3D ( 'NONE', #1276, #238, #1966 ) ;
#4334 = CIRCLE ( 'NONE', #4264, 2.000000000000014211 ) ;
#4335 = VERTEX_POINT ( 'NONE', #1129 ) ;
#4336 = CARTESIAN_POINT ( 'NONE',  ( 19.19999999999999929, 66.64224015768024856, -21.48631775461598536 ) ) ;
#4337 = FACE_BOUND ( 'NONE', #571, .T. ) ;
#4338 = DIRECTION ( 'NONE',  ( 0.000000000000000000, 0.000000000000000000, 1.000000000000000000 ) ) ;
#4339 = CONICAL_SURFACE ( 'NONE', #1636, 2.000000000000015987, 0.7853981633974452814 ) ;
#4340 = DIRECTION ( 'NONE',  ( 0.000000000000000000, 0.000000000000000000, -1.000000000000000000 ) ) ;
#4341 = CARTESIAN_POINT ( 'NONE',  ( 15.00145552412999983, 92.79337916940426112, -0.6604171236559869262 ) ) ;
#4342 = CARTESIAN_POINT ( 'NONE',  ( -12.65000000000000036, 7.109894321884000057, 12.11037676031997634 ) ) ;
#4343 = VERTEX_POINT ( 'NONE', #2172 ) ;
#4344 = VECTOR ( 'NONE', #910, 1000.000000000000000 ) ;
#4345 = CARTESIAN_POINT ( 'NONE',  ( -19.19854447586999768, 0.9576354902146000381, 12.31037676031999872 ) ) ;
#4346 = ORIENTED_EDGE ( 'NONE', *, *, #3428, .F. ) ;
#4347 = ORIENTED_EDGE ( 'NONE', *, *, #1398, .T. ) ;
#4348 = CARTESIAN_POINT ( 'NONE',  ( -12.65000000000000036, 7.109894321884000057, 14.11037676031999943 ) ) ;
#4349 = DIRECTION ( 'NONE',  ( 1.000000000000000000, -0.000000000000000000, -0.000000000000000000 ) ) ;
#4350 = CARTESIAN_POINT ( 'NONE',  ( -7.999999999999998224, 83.81008319340216417, -34.62771887439668461 ) ) ;
#4351 = ORIENTED_EDGE ( 'NONE', *, *, #2917, .F. ) ;
#4352 = ORIENTED_EDGE ( 'NONE', *, *, #1775, .T. ) ;
#4353 = CARTESIAN_POINT ( 'NONE',  ( -5.999999999999984901, 85.06587244930884140, -8.181206217971471517 ) ) ;
#4354 = CIRCLE ( 'NONE', #2081, 1.500000000000003775 ) ;
#4355 = DIRECTION ( 'NONE',  ( 2.478176394252586071E-16, 0.8245127025920547803, 0.5658434441295099315 ) ) ;
#4356 = EDGE_CURVE ( 'NONE', #446, #2793, #713, .T. ) ;
#4357 = EDGE_CURVE ( 'NONE', #2318, #1127, #2457, .T. ) ;
#4358 = EDGE_CURVE ( 'NONE', #2981, #1103, #783, .T. ) ;
#4359 = ORIENTED_EDGE ( 'NONE', *, *, #2834, .T. ) ;
#4360 = DIRECTION ( 'NONE',  ( 1.000000000000000000, -0.000000000000000000, -0.000000000000000000 ) ) ;
#4361 = CARTESIAN_POINT ( 'NONE',  ( -14.14999999999997193, 7.109894321884000057, 10.61037676031999943 ) ) ;
#4362 = CARTESIAN_POINT ( 'NONE',  ( -10.12556112966257693, 72.07583476011782864, -14.87837476773226975 ) ) ;
#4363 = CONICAL_SURFACE ( 'NONE', #2432, 6.000000000000001776, 0.7853981633974543852 ) ;
#4364 = CIRCLE ( 'NONE', #2433, 3.828427124746213384 ) ;
#4365 = EDGE_CURVE ( 'NONE', #2666, #1375, #804, .T. ) ;
#4366 = FACE_OUTER_BOUND ( 'NONE', #1019, .T. ) ;
#4367 = DIRECTION ( 'NONE',  ( 0.000000000000000000, -0.5658434441295098205, 0.8245127025920547803 ) ) ;
#4368 = ORIENTED_EDGE ( 'NONE', *, *, #1173, .F. ) ;
#4369 = VECTOR ( 'NONE', #916, 999.9999999999998863 ) ;
#4370 = CARTESIAN_POINT ( 'NONE',  ( -18.19854447587001189, 0.9576354902146000381, 38.51037676031999979 ) ) ;
#4371 = EDGE_LOOP ( 'NONE', ( #258, #2558, #1617, #2995 ) ) ;
#4372 = EDGE_LOOP ( 'NONE', ( #2230, #939, #3933, #1037, #907, #1492 ) ) ;
#4373 = DIRECTION ( 'NONE',  ( 7.930164461610890305E-17, 0.8245127025920548913, 0.5658434441295099315 ) ) ;
#4374 = DIRECTION ( 'NONE',  ( -0.7071067811865485719, 0.5830185231772871957, 0.4001117364339283888 ) ) ;
#4375 = DIRECTION ( 'NONE',  ( 0.000000000000000000, 0.000000000000000000, -1.000000000000000000 ) ) ;
#4376 = ORIENTED_EDGE ( 'NONE', *, *, #866, .F. ) ;
#4377 = ORIENTED_EDGE ( 'NONE', *, *, #1193, .F. ) ;
#4378 = DIRECTION ( 'NONE',  ( -0.7071067811865524577, 0.7071067811865426878, 0.000000000000000000 ) ) ;
#4379 = AXIS2_PLACEMENT_3D ( 'NONE', #4057, #1958, #1339 ) ;
#4380 = DIRECTION ( 'NONE',  ( 0.000000000000000000, 0.5658434441295072670, -0.8245127025920567787 ) ) ;
#4381 = ORIENTED_EDGE ( 'NONE', *, *, #527, .T. ) ;
#4382 = LINE ( 'NONE', #2684, #3968 ) ;
#4383 = ADVANCED_FACE ( 'NONE', ( #3109 ), #495, .F. ) ;
#4384 = AXIS2_PLACEMENT_3D ( 'NONE', #4341, #3964, #253 ) ;
#4385 = DIRECTION ( 'NONE',  ( 0.000000000000000000, 1.000000000000000000, 0.000000000000000000 ) ) ;
#4386 = LINE ( 'NONE', #410, #2456 ) ;
#4387 = CARTESIAN_POINT ( 'NONE',  ( 14.95145552413000090, 96.55254657941229368, 0.7065724094219058005 ) ) ;
#4388 = CARTESIAN_POINT ( 'NONE',  ( 15.10000000000000142, 0.9576354902146000381, 26.31037676031999695 ) ) ;
#4389 = EDGE_CURVE ( 'NONE', #2553, #3084, #1551, .T. ) ;
#4390 = ORIENTED_EDGE ( 'NONE', *, *, #2108, .F. ) ;
#4391 = ADVANCED_FACE ( 'NONE', ( #452 ), #1843, .F. ) ;
#4392 = VECTOR ( 'NONE', #2399, 1000.000000000000000 ) ;
#4393 = ORIENTED_EDGE ( 'NONE', *, *, #3492, .T. ) ;
#4394 = AXIS2_PLACEMENT_3D ( 'NONE', #1153, #4190, #2504 ) ;
#4395 = EDGE_LOOP ( 'NONE', ( #2074, #2161, #4119, #3592 ) ) ;
#4396 = CARTESIAN_POINT ( 'NONE',  ( 42.44006885219000225, 0.9576354902146000381, 26.31037676031999695 ) ) ;
#4397 = CARTESIAN_POINT ( 'NONE',  ( 14.95145552413000090, 70.63697368619270378, -11.01448051323580124 ) ) ;
#4398 = DIRECTION ( 'NONE',  ( 0.000000000000000000, -0.8245127025920558905, -0.5658434441295083772 ) ) ;
#4399 = ORIENTED_EDGE ( 'NONE', *, *, #3103, .F. ) ;
#4400 = ORIENTED_EDGE ( 'NONE', *, *, #291, .F. ) ;
#4401 = FACE_OUTER_BOUND ( 'NONE', #302, .T. ) ;
ENDSEC;
END-ISO-10303-21;
